variant,label,family,role,split,task_id,seed,shifted,score
original,qwen3.5:2b,qwen,primary_model,core,task3_startup_week,100,True,0.3683
utility_only,qwen3.5:2b,qwen,primary_model,core,task3_startup_week,100,True,0.3366
balanced,qwen3.5:2b,qwen,primary_model,core,task3_startup_week,100,True,0.35964
adaptation_heavy,qwen3.5:2b,qwen,primary_model,core,task3_startup_week,100,True,0.31781
adaptation_light,qwen3.5:2b,qwen,primary_model,core,task3_startup_week,100,True,0.42696
no_coherence,qwen3.5:2b,qwen,primary_model,core,task3_startup_week,100,True,0.26013000000000003
original,qwen3.5:2b,qwen,primary_model,core,task6_incident_response_week,100,True,0.4017
utility_only,qwen3.5:2b,qwen,primary_model,core,task6_incident_response_week,100,True,0.3404
balanced,qwen3.5:2b,qwen,primary_model,core,task6_incident_response_week,100,True,0.43616
adaptation_heavy,qwen3.5:2b,qwen,primary_model,core,task6_incident_response_week,100,True,0.36913999999999997
adaptation_light,qwen3.5:2b,qwen,primary_model,core,task6_incident_response_week,100,True,0.50424
no_coherence,qwen3.5:2b,qwen,primary_model,core,task6_incident_response_week,100,True,0.33721999999999996
original,qwen3.5:2b,qwen,primary_model,core,task7_quarterly_headcount_plan,100,True,0.3715
utility_only,qwen3.5:2b,qwen,primary_model,core,task7_quarterly_headcount_plan,100,True,0.4232
balanced,qwen3.5:2b,qwen,primary_model,core,task7_quarterly_headcount_plan,100,True,0.46928000000000003
adaptation_heavy,qwen3.5:2b,qwen,primary_model,core,task7_quarterly_headcount_plan,100,True,0.39812000000000003
adaptation_light,qwen3.5:2b,qwen,primary_model,core,task7_quarterly_headcount_plan,100,True,0.55392
no_coherence,qwen3.5:2b,qwen,primary_model,core,task7_quarterly_headcount_plan,100,True,0.38276
original,qwen3.5:2b,qwen,primary_model,core,task3_startup_week,101,True,0.3727
utility_only,qwen3.5:2b,qwen,primary_model,core,task3_startup_week,101,True,0.3454
balanced,qwen3.5:2b,qwen,primary_model,core,task3_startup_week,101,True,0.36316
adaptation_heavy,qwen3.5:2b,qwen,primary_model,core,task3_startup_week,101,True,0.32089
adaptation_light,qwen3.5:2b,qwen,primary_model,core,task3_startup_week,101,True,0.43223999999999996
no_coherence,qwen3.5:2b,qwen,primary_model,core,task3_startup_week,101,True,0.26497
original,qwen3.5:2b,qwen,primary_model,core,task6_incident_response_week,101,True,0.4028
utility_only,qwen3.5:2b,qwen,primary_model,core,task6_incident_response_week,101,True,0.3428
balanced,qwen3.5:2b,qwen,primary_model,core,task6_incident_response_week,101,True,0.43711999999999995
adaptation_heavy,qwen3.5:2b,qwen,primary_model,core,task6_incident_response_week,101,True,0.36998
adaptation_light,qwen3.5:2b,qwen,primary_model,core,task6_incident_response_week,101,True,0.50568
no_coherence,qwen3.5:2b,qwen,primary_model,core,task6_incident_response_week,101,True,0.33854
original,qwen3.5:2b,qwen,primary_model,core,task7_quarterly_headcount_plan,101,True,0.3811
utility_only,qwen3.5:2b,qwen,primary_model,core,task7_quarterly_headcount_plan,101,True,0.4383
balanced,qwen3.5:2b,qwen,primary_model,core,task7_quarterly_headcount_plan,101,True,0.47532
adaptation_heavy,qwen3.5:2b,qwen,primary_model,core,task7_quarterly_headcount_plan,101,True,0.403405
adaptation_light,qwen3.5:2b,qwen,primary_model,core,task7_quarterly_headcount_plan,101,True,0.56298
no_coherence,qwen3.5:2b,qwen,primary_model,core,task7_quarterly_headcount_plan,101,True,0.391065
original,qwen3.5:2b,qwen,primary_model,core,task3_startup_week,102,True,0.3794
utility_only,qwen3.5:2b,qwen,primary_model,core,task3_startup_week,102,True,0.3587
balanced,qwen3.5:2b,qwen,primary_model,core,task3_startup_week,102,True,0.36848000000000003
adaptation_heavy,qwen3.5:2b,qwen,primary_model,core,task3_startup_week,102,True,0.325545
adaptation_light,qwen3.5:2b,qwen,primary_model,core,task3_startup_week,102,True,0.44022
no_coherence,qwen3.5:2b,qwen,primary_model,core,task3_startup_week,102,True,0.272285
original,qwen3.5:2b,qwen,primary_model,core,task6_incident_response_week,102,True,0.4009
utility_only,qwen3.5:2b,qwen,primary_model,core,task6_incident_response_week,102,True,0.3386
balanced,qwen3.5:2b,qwen,primary_model,core,task6_incident_response_week,102,True,0.43544
adaptation_heavy,qwen3.5:2b,qwen,primary_model,core,task6_incident_response_week,102,True,0.36851
adaptation_light,qwen3.5:2b,qwen,primary_model,core,task6_incident_response_week,102,True,0.50316
no_coherence,qwen3.5:2b,qwen,primary_model,core,task6_incident_response_week,102,True,0.33623000000000003
original,qwen3.5:2b,qwen,primary_model,core,task7_quarterly_headcount_plan,102,True,0.6055
utility_only,qwen3.5:2b,qwen,primary_model,core,task7_quarterly_headcount_plan,102,True,0.437
balanced,qwen3.5:2b,qwen,primary_model,core,task7_quarterly_headcount_plan,102,True,0.73325
adaptation_heavy,qwen3.5:2b,qwen,primary_model,core,task7_quarterly_headcount_plan,102,True,0.74755
adaptation_light,qwen3.5:2b,qwen,primary_model,core,task7_quarterly_headcount_plan,102,True,0.64835
no_coherence,qwen3.5:2b,qwen,primary_model,core,task7_quarterly_headcount_plan,102,True,0.6488
original,qwen3.5:2b,qwen,primary_model,core,task3_startup_week,103,False,0.6413
utility_only,qwen3.5:2b,qwen,primary_model,core,task3_startup_week,103,False,0.4619
balanced,qwen3.5:2b,qwen,primary_model,core,task3_startup_week,103,False,0.6925142857142857
adaptation_heavy,qwen3.5:2b,qwen,primary_model,core,task3_startup_week,103,False,0.6861083333333333
adaptation_light,qwen3.5:2b,qwen,primary_model,core,task3_startup_week,103,False,0.6412666666666668
no_coherence,qwen3.5:2b,qwen,primary_model,core,task3_startup_week,103,False,0.5772071428571428
original,qwen3.5:2b,qwen,primary_model,core,task6_incident_response_week,103,False,0.5901
utility_only,qwen3.5:2b,qwen,primary_model,core,task6_incident_response_week,103,False,0.3743
balanced,qwen3.5:2b,qwen,primary_model,core,task6_incident_response_week,103,False,0.642457142857143
adaptation_heavy,qwen3.5:2b,qwen,primary_model,core,task6_incident_response_week,103,False,0.6350083333333334
adaptation_light,qwen3.5:2b,qwen,primary_model,core,task6_incident_response_week,103,False,0.5828666666666668
no_coherence,qwen3.5:2b,qwen,primary_model,core,task6_incident_response_week,103,False,0.5083785714285713
original,qwen3.5:2b,qwen,primary_model,core,task7_quarterly_headcount_plan,103,False,0.5919
utility_only,qwen3.5:2b,qwen,primary_model,core,task7_quarterly_headcount_plan,103,False,0.5263
balanced,qwen3.5:2b,qwen,primary_model,core,task7_quarterly_headcount_plan,103,False,0.7293142857142857
adaptation_heavy,qwen3.5:2b,qwen,primary_model,core,task7_quarterly_headcount_plan,103,False,0.723675
adaptation_light,qwen3.5:2b,qwen,primary_model,core,task7_quarterly_headcount_plan,103,False,0.6842
no_coherence,qwen3.5:2b,qwen,primary_model,core,task7_quarterly_headcount_plan,103,False,0.6278071428571428
original,qwen3.5:2b,qwen,primary_model,core,task3_startup_week,104,True,0.3719
utility_only,qwen3.5:2b,qwen,primary_model,core,task3_startup_week,104,True,0.3437
balanced,qwen3.5:2b,qwen,primary_model,core,task3_startup_week,104,True,0.36248
adaptation_heavy,qwen3.5:2b,qwen,primary_model,core,task3_startup_week,104,True,0.320295
adaptation_light,qwen3.5:2b,qwen,primary_model,core,task3_startup_week,104,True,0.43122
no_coherence,qwen3.5:2b,qwen,primary_model,core,task3_startup_week,104,True,0.264035
original,qwen3.5:2b,qwen,primary_model,core,task6_incident_response_week,104,True,0.3891
utility_only,qwen3.5:2b,qwen,primary_model,core,task6_incident_response_week,104,True,0.3131
balanced,qwen3.5:2b,qwen,primary_model,core,task6_incident_response_week,104,True,0.42523999999999995
adaptation_heavy,qwen3.5:2b,qwen,primary_model,core,task6_incident_response_week,104,True,0.359585
adaptation_light,qwen3.5:2b,qwen,primary_model,core,task6_incident_response_week,104,True,0.48785999999999996
no_coherence,qwen3.5:2b,qwen,primary_model,core,task6_incident_response_week,104,True,0.32220499999999996
original,qwen3.5:2b,qwen,primary_model,core,task7_quarterly_headcount_plan,104,True,0.3545
utility_only,qwen3.5:2b,qwen,primary_model,core,task7_quarterly_headcount_plan,104,True,0.3964
balanced,qwen3.5:2b,qwen,primary_model,core,task7_quarterly_headcount_plan,104,True,0.45855999999999997
adaptation_heavy,qwen3.5:2b,qwen,primary_model,core,task7_quarterly_headcount_plan,104,True,0.38874
adaptation_light,qwen3.5:2b,qwen,primary_model,core,task7_quarterly_headcount_plan,104,True,0.53784
no_coherence,qwen3.5:2b,qwen,primary_model,core,task7_quarterly_headcount_plan,104,True,0.36802
original,qwen3.5:2b,qwen,primary_model,core,task3_startup_week,105,True,0.3649
utility_only,qwen3.5:2b,qwen,primary_model,core,task3_startup_week,105,True,0.3298
balanced,qwen3.5:2b,qwen,primary_model,core,task3_startup_week,105,True,0.35692
adaptation_heavy,qwen3.5:2b,qwen,primary_model,core,task3_startup_week,105,True,0.31543
adaptation_light,qwen3.5:2b,qwen,primary_model,core,task3_startup_week,105,True,0.42288
no_coherence,qwen3.5:2b,qwen,primary_model,core,task3_startup_week,105,True,0.25639
original,qwen3.5:2b,qwen,primary_model,core,task6_incident_response_week,105,True,0.3862
utility_only,qwen3.5:2b,qwen,primary_model,core,task6_incident_response_week,105,True,0.3069
balanced,qwen3.5:2b,qwen,primary_model,core,task6_incident_response_week,105,True,0.42276
adaptation_heavy,qwen3.5:2b,qwen,primary_model,core,task6_incident_response_week,105,True,0.357415
adaptation_light,qwen3.5:2b,qwen,primary_model,core,task6_incident_response_week,105,True,0.48414
no_coherence,qwen3.5:2b,qwen,primary_model,core,task6_incident_response_week,105,True,0.31879500000000005
original,qwen3.5:2b,qwen,primary_model,core,task7_quarterly_headcount_plan,105,True,0.5776
utility_only,qwen3.5:2b,qwen,primary_model,core,task7_quarterly_headcount_plan,105,True,0.3809
balanced,qwen3.5:2b,qwen,primary_model,core,task7_quarterly_headcount_plan,105,True,0.71975
adaptation_heavy,qwen3.5:2b,qwen,primary_model,core,task7_quarterly_headcount_plan,105,True,0.739835
adaptation_light,qwen3.5:2b,qwen,primary_model,core,task7_quarterly_headcount_plan,105,True,0.6176699999999999
no_coherence,qwen3.5:2b,qwen,primary_model,core,task7_quarterly_headcount_plan,105,True,0.6268849999999999
original,qwen3.5:2b,qwen,primary_model,core,task3_startup_week,106,True,0.4237
utility_only,qwen3.5:2b,qwen,primary_model,core,task3_startup_week,106,True,0.4473
balanced,qwen3.5:2b,qwen,primary_model,core,task3_startup_week,106,True,0.40392
adaptation_heavy,qwen3.5:2b,qwen,primary_model,core,task3_startup_week,106,True,0.35655499999999996
adaptation_light,qwen3.5:2b,qwen,primary_model,core,task3_startup_week,106,True,0.49337999999999993
no_coherence,qwen3.5:2b,qwen,primary_model,core,task3_startup_week,106,True,0.321015
original,qwen3.5:2b,qwen,primary_model,core,task6_incident_response_week,106,True,0.354
utility_only,qwen3.5:2b,qwen,primary_model,core,task6_incident_response_week,106,True,0.3599
balanced,qwen3.5:2b,qwen,primary_model,core,task6_incident_response_week,106,True,0.374165
adaptation_heavy,qwen3.5:2b,qwen,primary_model,core,task6_incident_response_week,106,True,0.3276
adaptation_light,qwen3.5:2b,qwen,primary_model,core,task6_incident_response_week,106,True,0.446145
no_coherence,qwen3.5:2b,qwen,primary_model,core,task6_incident_response_week,106,True,0.283655
original,qwen3.5:2b,qwen,primary_model,core,task7_quarterly_headcount_plan,106,True,0.4253
utility_only,qwen3.5:2b,qwen,primary_model,core,task7_quarterly_headcount_plan,106,True,0.5078
balanced,qwen3.5:2b,qwen,primary_model,core,task7_quarterly_headcount_plan,106,True,0.50312
adaptation_heavy,qwen3.5:2b,qwen,primary_model,core,task7_quarterly_headcount_plan,106,True,0.42773
adaptation_light,qwen3.5:2b,qwen,primary_model,core,task7_quarterly_headcount_plan,106,True,0.60468
no_coherence,qwen3.5:2b,qwen,primary_model,core,task7_quarterly_headcount_plan,106,True,0.42929000000000006
original,qwen3.5:2b,qwen,primary_model,core,task3_startup_week,107,True,0.3726
utility_only,qwen3.5:2b,qwen,primary_model,core,task3_startup_week,107,True,0.3404
balanced,qwen3.5:2b,qwen,primary_model,core,task3_startup_week,107,True,0.36851
adaptation_heavy,qwen3.5:2b,qwen,primary_model,core,task3_startup_week,107,True,0.32148999999999994
adaptation_light,qwen3.5:2b,qwen,primary_model,core,task3_startup_week,107,True,0.4365899999999999
no_coherence,qwen3.5:2b,qwen,primary_model,core,task3_startup_week,107,True,0.27722
original,qwen3.5:2b,qwen,primary_model,core,task6_incident_response_week,107,True,0.4012
utility_only,qwen3.5:2b,qwen,primary_model,core,task6_incident_response_week,107,True,0.3392
balanced,qwen3.5:2b,qwen,primary_model,core,task6_incident_response_week,107,True,0.43567999999999996
adaptation_heavy,qwen3.5:2b,qwen,primary_model,core,task6_incident_response_week,107,True,0.36872
adaptation_light,qwen3.5:2b,qwen,primary_model,core,task6_incident_response_week,107,True,0.50352
no_coherence,qwen3.5:2b,qwen,primary_model,core,task6_incident_response_week,107,True,0.33655999999999997
original,qwen3.5:2b,qwen,primary_model,core,task7_quarterly_headcount_plan,107,True,0.5716
utility_only,qwen3.5:2b,qwen,primary_model,core,task7_quarterly_headcount_plan,107,True,0.4178
balanced,qwen3.5:2b,qwen,primary_model,core,task7_quarterly_headcount_plan,107,True,0.70067
adaptation_heavy,qwen3.5:2b,qwen,primary_model,core,task7_quarterly_headcount_plan,107,True,0.70763
adaptation_light,qwen3.5:2b,qwen,primary_model,core,task7_quarterly_headcount_plan,107,True,0.62853
no_coherence,qwen3.5:2b,qwen,primary_model,core,task7_quarterly_headcount_plan,107,True,0.61334
original,qwen3.5:2b,qwen,primary_model,core,task3_startup_week,108,True,0.3543
utility_only,qwen3.5:2b,qwen,primary_model,core,task3_startup_week,108,True,0.3087
balanced,qwen3.5:2b,qwen,primary_model,core,task3_startup_week,108,True,0.34848
adaptation_heavy,qwen3.5:2b,qwen,primary_model,core,task3_startup_week,108,True,0.308045
adaptation_light,qwen3.5:2b,qwen,primary_model,core,task3_startup_week,108,True,0.41022
no_coherence,qwen3.5:2b,qwen,primary_model,core,task3_startup_week,108,True,0.24478499999999997
original,qwen3.5:2b,qwen,primary_model,core,task6_incident_response_week,108,True,0.3808
utility_only,qwen3.5:2b,qwen,primary_model,core,task6_incident_response_week,108,True,0.2953
balanced,qwen3.5:2b,qwen,primary_model,core,task6_incident_response_week,108,True,0.41812
adaptation_heavy,qwen3.5:2b,qwen,primary_model,core,task6_incident_response_week,108,True,0.353355
adaptation_light,qwen3.5:2b,qwen,primary_model,core,task6_incident_response_week,108,True,0.47718
no_coherence,qwen3.5:2b,qwen,primary_model,core,task6_incident_response_week,108,True,0.312415
original,qwen3.5:2b,qwen,primary_model,core,task7_quarterly_headcount_plan,108,True,0.5344
utility_only,qwen3.5:2b,qwen,primary_model,core,task7_quarterly_headcount_plan,108,True,0.363
balanced,qwen3.5:2b,qwen,primary_model,core,task7_quarterly_headcount_plan,108,True,0.6760499999999999
adaptation_heavy,qwen3.5:2b,qwen,primary_model,core,task7_quarterly_headcount_plan,108,True,0.68485
adaptation_light,qwen3.5:2b,qwen,primary_model,core,task7_quarterly_headcount_plan,108,True,0.59475
no_coherence,qwen3.5:2b,qwen,primary_model,core,task7_quarterly_headcount_plan,108,True,0.5805
original,qwen3.5:2b,qwen,primary_model,core,task3_startup_week,109,True,0.3696
utility_only,qwen3.5:2b,qwen,primary_model,core,task3_startup_week,109,True,0.3293
balanced,qwen3.5:2b,qwen,primary_model,core,task3_startup_week,109,True,0.36422
adaptation_heavy,qwen3.5:2b,qwen,primary_model,core,task3_startup_week,109,True,0.32025499999999996
adaptation_light,qwen3.5:2b,qwen,primary_model,core,task3_startup_week,109,True,0.43007999999999996
no_coherence,qwen3.5:2b,qwen,primary_model,core,task3_startup_week,109,True,0.263615
original,qwen3.5:2b,qwen,primary_model,core,task6_incident_response_week,109,True,0.3986
utility_only,qwen3.5:2b,qwen,primary_model,core,task6_incident_response_week,109,True,0.3338
balanced,qwen3.5:2b,qwen,primary_model,core,task6_incident_response_week,109,True,0.43352
adaptation_heavy,qwen3.5:2b,qwen,primary_model,core,task6_incident_response_week,109,True,0.36683
adaptation_light,qwen3.5:2b,qwen,primary_model,core,task6_incident_response_week,109,True,0.50028
no_coherence,qwen3.5:2b,qwen,primary_model,core,task6_incident_response_week,109,True,0.33359
original,qwen3.5:2b,qwen,primary_model,core,task7_quarterly_headcount_plan,109,True,0.3605
utility_only,qwen3.5:2b,qwen,primary_model,core,task7_quarterly_headcount_plan,109,True,0.4059
balanced,qwen3.5:2b,qwen,primary_model,core,task7_quarterly_headcount_plan,109,True,0.46236
adaptation_heavy,qwen3.5:2b,qwen,primary_model,core,task7_quarterly_headcount_plan,109,True,0.392065
adaptation_light,qwen3.5:2b,qwen,primary_model,core,task7_quarterly_headcount_plan,109,True,0.5435399999999999
no_coherence,qwen3.5:2b,qwen,primary_model,core,task7_quarterly_headcount_plan,109,True,0.373245
original,qwen3.5:2b,qwen,primary_model,heldout,task3_startup_week,100,True,0.3645
utility_only,qwen3.5:2b,qwen,primary_model,heldout,task3_startup_week,100,True,0.329
balanced,qwen3.5:2b,qwen,primary_model,heldout,task3_startup_week,100,True,0.35660000000000003
adaptation_heavy,qwen3.5:2b,qwen,primary_model,heldout,task3_startup_week,100,True,0.31515
adaptation_light,qwen3.5:2b,qwen,primary_model,heldout,task3_startup_week,100,True,0.4224
no_coherence,qwen3.5:2b,qwen,primary_model,heldout,task3_startup_week,100,True,0.25595
original,qwen3.5:2b,qwen,primary_model,heldout,task6_incident_response_week,100,True,0.399
utility_only,qwen3.5:2b,qwen,primary_model,heldout,task6_incident_response_week,100,True,0.3346
balanced,qwen3.5:2b,qwen,primary_model,heldout,task6_incident_response_week,100,True,0.43384
adaptation_heavy,qwen3.5:2b,qwen,primary_model,heldout,task6_incident_response_week,100,True,0.36711
adaptation_light,qwen3.5:2b,qwen,primary_model,heldout,task6_incident_response_week,100,True,0.50076
no_coherence,qwen3.5:2b,qwen,primary_model,heldout,task6_incident_response_week,100,True,0.33403000000000005
original,qwen3.5:2b,qwen,primary_model,heldout,task7_quarterly_headcount_plan,100,True,0.3714
utility_only,qwen3.5:2b,qwen,primary_model,heldout,task7_quarterly_headcount_plan,100,True,0.423
balanced,qwen3.5:2b,qwen,primary_model,heldout,task7_quarterly_headcount_plan,100,True,0.4692
adaptation_heavy,qwen3.5:2b,qwen,primary_model,heldout,task7_quarterly_headcount_plan,100,True,0.39805
adaptation_light,qwen3.5:2b,qwen,primary_model,heldout,task7_quarterly_headcount_plan,100,True,0.5538
no_coherence,qwen3.5:2b,qwen,primary_model,heldout,task7_quarterly_headcount_plan,100,True,0.38265000000000005
original,qwen3.5:2b,qwen,primary_model,heldout,task3_startup_week,101,True,0.3748
utility_only,qwen3.5:2b,qwen,primary_model,heldout,task3_startup_week,101,True,0.3496
balanced,qwen3.5:2b,qwen,primary_model,heldout,task3_startup_week,101,True,0.36484
adaptation_heavy,qwen3.5:2b,qwen,primary_model,heldout,task3_startup_week,101,True,0.32236
adaptation_light,qwen3.5:2b,qwen,primary_model,heldout,task3_startup_week,101,True,0.43476
no_coherence,qwen3.5:2b,qwen,primary_model,heldout,task3_startup_week,101,True,0.26728
original,qwen3.5:2b,qwen,primary_model,heldout,task6_incident_response_week,101,True,0.4042
utility_only,qwen3.5:2b,qwen,primary_model,heldout,task6_incident_response_week,101,True,0.3458
balanced,qwen3.5:2b,qwen,primary_model,heldout,task6_incident_response_week,101,True,0.43832
adaptation_heavy,qwen3.5:2b,qwen,primary_model,heldout,task6_incident_response_week,101,True,0.37102999999999997
adaptation_light,qwen3.5:2b,qwen,primary_model,heldout,task6_incident_response_week,101,True,0.5074799999999999
no_coherence,qwen3.5:2b,qwen,primary_model,heldout,task6_incident_response_week,101,True,0.34019
original,qwen3.5:2b,qwen,primary_model,heldout,task7_quarterly_headcount_plan,101,True,0.3813
utility_only,qwen3.5:2b,qwen,primary_model,heldout,task7_quarterly_headcount_plan,101,True,0.4385
balanced,qwen3.5:2b,qwen,primary_model,heldout,task7_quarterly_headcount_plan,101,True,0.4754
adaptation_heavy,qwen3.5:2b,qwen,primary_model,heldout,task7_quarterly_headcount_plan,101,True,0.40347500000000003
adaptation_light,qwen3.5:2b,qwen,primary_model,heldout,task7_quarterly_headcount_plan,101,True,0.5630999999999999
no_coherence,qwen3.5:2b,qwen,primary_model,heldout,task7_quarterly_headcount_plan,101,True,0.39117500000000005
original,qwen3.5:2b,qwen,primary_model,heldout,task3_startup_week,102,True,0.3765
utility_only,qwen3.5:2b,qwen,primary_model,heldout,task3_startup_week,102,True,0.353
balanced,qwen3.5:2b,qwen,primary_model,heldout,task3_startup_week,102,True,0.36619999999999997
adaptation_heavy,qwen3.5:2b,qwen,primary_model,heldout,task3_startup_week,102,True,0.32355
adaptation_light,qwen3.5:2b,qwen,primary_model,heldout,task3_startup_week,102,True,0.43679999999999997
no_coherence,qwen3.5:2b,qwen,primary_model,heldout,task3_startup_week,102,True,0.26915
original,qwen3.5:2b,qwen,primary_model,heldout,task6_incident_response_week,102,True,0.4026
utility_only,qwen3.5:2b,qwen,primary_model,heldout,task6_incident_response_week,102,True,0.3423
balanced,qwen3.5:2b,qwen,primary_model,heldout,task6_incident_response_week,102,True,0.43692
adaptation_heavy,qwen3.5:2b,qwen,primary_model,heldout,task6_incident_response_week,102,True,0.369805
adaptation_light,qwen3.5:2b,qwen,primary_model,heldout,task6_incident_response_week,102,True,0.5053799999999999
no_coherence,qwen3.5:2b,qwen,primary_model,heldout,task6_incident_response_week,102,True,0.33826500000000004
original,qwen3.5:2b,qwen,primary_model,heldout,task7_quarterly_headcount_plan,102,True,0.6104
utility_only,qwen3.5:2b,qwen,primary_model,heldout,task7_quarterly_headcount_plan,102,True,0.4379
balanced,qwen3.5:2b,qwen,primary_model,heldout,task7_quarterly_headcount_plan,102,True,0.73853
adaptation_heavy,qwen3.5:2b,qwen,primary_model,heldout,task7_quarterly_headcount_plan,102,True,0.754425
adaptation_light,qwen3.5:2b,qwen,primary_model,heldout,task7_quarterly_headcount_plan,102,True,0.6505299999999999
no_coherence,qwen3.5:2b,qwen,primary_model,heldout,task7_quarterly_headcount_plan,102,True,0.654215
original,qwen3.5:2b,qwen,primary_model,heldout,task3_startup_week,103,False,0.6466
utility_only,qwen3.5:2b,qwen,primary_model,heldout,task3_startup_week,103,False,0.4699
balanced,qwen3.5:2b,qwen,primary_model,heldout,task3_startup_week,103,False,0.6970857142857143
adaptation_heavy,qwen3.5:2b,qwen,primary_model,heldout,task3_startup_week,103,False,0.690775
adaptation_light,qwen3.5:2b,qwen,primary_model,heldout,task3_startup_week,103,False,0.6466
no_coherence,qwen3.5:2b,qwen,primary_model,heldout,task3_startup_week,103,False,0.5834928571428571
original,qwen3.5:2b,qwen,primary_model,heldout,task6_incident_response_week,103,False,0.5915
utility_only,qwen3.5:2b,qwen,primary_model,heldout,task6_incident_response_week,103,False,0.3765
balanced,qwen3.5:2b,qwen,primary_model,heldout,task6_incident_response_week,103,False,0.6437142857142858
adaptation_heavy,qwen3.5:2b,qwen,primary_model,heldout,task6_incident_response_week,103,False,0.6362916666666667
adaptation_light,qwen3.5:2b,qwen,primary_model,heldout,task6_incident_response_week,103,False,0.5843333333333335
no_coherence,qwen3.5:2b,qwen,primary_model,heldout,task6_incident_response_week,103,False,0.5101071428571429
original,qwen3.5:2b,qwen,primary_model,heldout,task7_quarterly_headcount_plan,103,False,0.5932
utility_only,qwen3.5:2b,qwen,primary_model,heldout,task7_quarterly_headcount_plan,103,False,0.5279
balanced,qwen3.5:2b,qwen,primary_model,heldout,task7_quarterly_headcount_plan,103,False,0.7302285714285716
adaptation_heavy,qwen3.5:2b,qwen,primary_model,heldout,task7_quarterly_headcount_plan,103,False,0.7246083333333334
adaptation_light,qwen3.5:2b,qwen,primary_model,heldout,task7_quarterly_headcount_plan,103,False,0.6852666666666668
no_coherence,qwen3.5:2b,qwen,primary_model,heldout,task7_quarterly_headcount_plan,103,False,0.6290642857142856
original,qwen3.5:2b,qwen,primary_model,heldout,task3_startup_week,104,True,0.3692
utility_only,qwen3.5:2b,qwen,primary_model,heldout,task3_startup_week,104,True,0.3383
balanced,qwen3.5:2b,qwen,primary_model,heldout,task3_startup_week,104,True,0.36032
adaptation_heavy,qwen3.5:2b,qwen,primary_model,heldout,task3_startup_week,104,True,0.318405
adaptation_light,qwen3.5:2b,qwen,primary_model,heldout,task3_startup_week,104,True,0.42797999999999997
no_coherence,qwen3.5:2b,qwen,primary_model,heldout,task3_startup_week,104,True,0.261065
original,qwen3.5:2b,qwen,primary_model,heldout,task6_incident_response_week,104,True,0.3864
utility_only,qwen3.5:2b,qwen,primary_model,heldout,task6_incident_response_week,104,True,0.3074
balanced,qwen3.5:2b,qwen,primary_model,heldout,task6_incident_response_week,104,True,0.42296
adaptation_heavy,qwen3.5:2b,qwen,primary_model,heldout,task6_incident_response_week,104,True,0.35758999999999996
adaptation_light,qwen3.5:2b,qwen,primary_model,heldout,task6_incident_response_week,104,True,0.48444
no_coherence,qwen3.5:2b,qwen,primary_model,heldout,task6_incident_response_week,104,True,0.31907
original,qwen3.5:2b,qwen,primary_model,heldout,task7_quarterly_headcount_plan,104,True,0.355
utility_only,qwen3.5:2b,qwen,primary_model,heldout,task7_quarterly_headcount_plan,104,True,0.3973
balanced,qwen3.5:2b,qwen,primary_model,heldout,task7_quarterly_headcount_plan,104,True,0.45892
adaptation_heavy,qwen3.5:2b,qwen,primary_model,heldout,task7_quarterly_headcount_plan,104,True,0.389055
adaptation_light,qwen3.5:2b,qwen,primary_model,heldout,task7_quarterly_headcount_plan,104,True,0.53838
no_coherence,qwen3.5:2b,qwen,primary_model,heldout,task7_quarterly_headcount_plan,104,True,0.36851500000000004
original,qwen3.5:2b,qwen,primary_model,heldout,task3_startup_week,105,True,0.3959
utility_only,qwen3.5:2b,qwen,primary_model,heldout,task3_startup_week,105,True,0.3319
balanced,qwen3.5:2b,qwen,primary_model,heldout,task3_startup_week,105,True,0.40276
adaptation_heavy,qwen3.5:2b,qwen,primary_model,heldout,task3_startup_week,105,True,0.346165
adaptation_light,qwen3.5:2b,qwen,primary_model,heldout,task3_startup_week,105,True,0.46914
no_coherence,qwen3.5:2b,qwen,primary_model,heldout,task3_startup_week,105,True,0.302545
original,qwen3.5:2b,qwen,primary_model,heldout,task6_incident_response_week,105,True,0.3821
utility_only,qwen3.5:2b,qwen,primary_model,heldout,task6_incident_response_week,105,True,0.3081
balanced,qwen3.5:2b,qwen,primary_model,heldout,task6_incident_response_week,105,True,0.41751
adaptation_heavy,qwen3.5:2b,qwen,primary_model,heldout,task6_incident_response_week,105,True,0.352105
adaptation_light,qwen3.5:2b,qwen,primary_model,heldout,task6_incident_response_week,105,True,0.47912999999999994
no_coherence,qwen3.5:2b,qwen,primary_model,heldout,task6_incident_response_week,105,True,0.319455
original,qwen3.5:2b,qwen,primary_model,heldout,task7_quarterly_headcount_plan,105,True,0.5648
utility_only,qwen3.5:2b,qwen,primary_model,heldout,task7_quarterly_headcount_plan,105,True,0.382
balanced,qwen3.5:2b,qwen,primary_model,heldout,task7_quarterly_headcount_plan,105,True,0.70471
adaptation_heavy,qwen3.5:2b,qwen,primary_model,heldout,task7_quarterly_headcount_plan,105,True,0.71958
adaptation_light,qwen3.5:2b,qwen,primary_model,heldout,task7_quarterly_headcount_plan,105,True,0.61317
no_coherence,qwen3.5:2b,qwen,primary_model,heldout,task7_quarterly_headcount_plan,105,True,0.6120099999999999
original,qwen3.5:2b,qwen,primary_model,heldout,task3_startup_week,106,True,0.426
utility_only,qwen3.5:2b,qwen,primary_model,heldout,task3_startup_week,106,True,0.4521
balanced,qwen3.5:2b,qwen,primary_model,heldout,task3_startup_week,106,True,0.40584
adaptation_heavy,qwen3.5:2b,qwen,primary_model,heldout,task3_startup_week,106,True,0.35823499999999997
adaptation_light,qwen3.5:2b,qwen,primary_model,heldout,task3_startup_week,106,True,0.49626
no_coherence,qwen3.5:2b,qwen,primary_model,heldout,task3_startup_week,106,True,0.323655
original,qwen3.5:2b,qwen,primary_model,heldout,task6_incident_response_week,106,True,0.4178
utility_only,qwen3.5:2b,qwen,primary_model,heldout,task6_incident_response_week,106,True,0.3752
balanced,qwen3.5:2b,qwen,primary_model,heldout,task6_incident_response_week,106,True,0.45008
adaptation_heavy,qwen3.5:2b,qwen,primary_model,heldout,task6_incident_response_week,106,True,0.38132
adaptation_light,qwen3.5:2b,qwen,primary_model,heldout,task6_incident_response_week,106,True,0.52512
no_coherence,qwen3.5:2b,qwen,primary_model,heldout,task6_incident_response_week,106,True,0.35636
original,qwen3.5:2b,qwen,primary_model,heldout,task7_quarterly_headcount_plan,106,True,0.4314
utility_only,qwen3.5:2b,qwen,primary_model,heldout,task7_quarterly_headcount_plan,106,True,0.5173
balanced,qwen3.5:2b,qwen,primary_model,heldout,task7_quarterly_headcount_plan,106,True,0.50692
adaptation_heavy,qwen3.5:2b,qwen,primary_model,heldout,task7_quarterly_headcount_plan,106,True,0.43105499999999997
adaptation_light,qwen3.5:2b,qwen,primary_model,heldout,task7_quarterly_headcount_plan,106,True,0.6103799999999999
no_coherence,qwen3.5:2b,qwen,primary_model,heldout,task7_quarterly_headcount_plan,106,True,0.434515
original,qwen3.5:2b,qwen,primary_model,heldout,task3_startup_week,107,True,0.4044
utility_only,qwen3.5:2b,qwen,primary_model,heldout,task3_startup_week,107,True,0.3487
balanced,qwen3.5:2b,qwen,primary_model,heldout,task3_startup_week,107,True,0.40948
adaptation_heavy,qwen3.5:2b,qwen,primary_model,heldout,task3_startup_week,107,True,0.352045
adaptation_light,qwen3.5:2b,qwen,primary_model,heldout,task3_startup_week,107,True,0.47922
no_coherence,qwen3.5:2b,qwen,primary_model,heldout,task3_startup_week,107,True,0.311785
original,qwen3.5:2b,qwen,primary_model,heldout,task6_incident_response_week,107,True,0.3991
utility_only,qwen3.5:2b,qwen,primary_model,heldout,task6_incident_response_week,107,True,0.3348
balanced,qwen3.5:2b,qwen,primary_model,heldout,task6_incident_response_week,107,True,0.43392
adaptation_heavy,qwen3.5:2b,qwen,primary_model,heldout,task6_incident_response_week,107,True,0.36718
adaptation_light,qwen3.5:2b,qwen,primary_model,heldout,task6_incident_response_week,107,True,0.50088
no_coherence,qwen3.5:2b,qwen,primary_model,heldout,task6_incident_response_week,107,True,0.33414
original,qwen3.5:2b,qwen,primary_model,heldout,task7_quarterly_headcount_plan,107,True,0.5675
utility_only,qwen3.5:2b,qwen,primary_model,heldout,task7_quarterly_headcount_plan,107,True,0.4169
balanced,qwen3.5:2b,qwen,primary_model,heldout,task7_quarterly_headcount_plan,107,True,0.69623
adaptation_heavy,qwen3.5:2b,qwen,primary_model,heldout,task7_quarterly_headcount_plan,107,True,0.701875
adaptation_light,qwen3.5:2b,qwen,primary_model,heldout,task7_quarterly_headcount_plan,107,True,0.62663
no_coherence,qwen3.5:2b,qwen,primary_model,heldout,task7_quarterly_headcount_plan,107,True,0.608765
original,qwen3.5:2b,qwen,primary_model,heldout,task3_startup_week,108,True,0.3532
utility_only,qwen3.5:2b,qwen,primary_model,heldout,task3_startup_week,108,True,0.3064
balanced,qwen3.5:2b,qwen,primary_model,heldout,task3_startup_week,108,True,0.34756
adaptation_heavy,qwen3.5:2b,qwen,primary_model,heldout,task3_startup_week,108,True,0.30724
adaptation_light,qwen3.5:2b,qwen,primary_model,heldout,task3_startup_week,108,True,0.40884
no_coherence,qwen3.5:2b,qwen,primary_model,heldout,task3_startup_week,108,True,0.24352000000000001
original,qwen3.5:2b,qwen,primary_model,heldout,task6_incident_response_week,108,True,0.381
utility_only,qwen3.5:2b,qwen,primary_model,heldout,task6_incident_response_week,108,True,0.2956
balanced,qwen3.5:2b,qwen,primary_model,heldout,task6_incident_response_week,108,True,0.41824
adaptation_heavy,qwen3.5:2b,qwen,primary_model,heldout,task6_incident_response_week,108,True,0.35346
adaptation_light,qwen3.5:2b,qwen,primary_model,heldout,task6_incident_response_week,108,True,0.47736
no_coherence,qwen3.5:2b,qwen,primary_model,heldout,task6_incident_response_week,108,True,0.31257999999999997
original,qwen3.5:2b,qwen,primary_model,heldout,task7_quarterly_headcount_plan,108,True,0.5344
utility_only,qwen3.5:2b,qwen,primary_model,heldout,task7_quarterly_headcount_plan,108,True,0.363
balanced,qwen3.5:2b,qwen,primary_model,heldout,task7_quarterly_headcount_plan,108,True,0.6760499999999999
adaptation_heavy,qwen3.5:2b,qwen,primary_model,heldout,task7_quarterly_headcount_plan,108,True,0.68485
adaptation_light,qwen3.5:2b,qwen,primary_model,heldout,task7_quarterly_headcount_plan,108,True,0.59475
no_coherence,qwen3.5:2b,qwen,primary_model,heldout,task7_quarterly_headcount_plan,108,True,0.5805
original,qwen3.5:2b,qwen,primary_model,heldout,task3_startup_week,109,True,0.3665
utility_only,qwen3.5:2b,qwen,primary_model,heldout,task3_startup_week,109,True,0.333
balanced,qwen3.5:2b,qwen,primary_model,heldout,task3_startup_week,109,True,0.3582
adaptation_heavy,qwen3.5:2b,qwen,primary_model,heldout,task3_startup_week,109,True,0.31655
adaptation_light,qwen3.5:2b,qwen,primary_model,heldout,task3_startup_week,109,True,0.4248
no_coherence,qwen3.5:2b,qwen,primary_model,heldout,task3_startup_week,109,True,0.25815000000000005
original,qwen3.5:2b,qwen,primary_model,heldout,task6_incident_response_week,109,True,0.4025
utility_only,qwen3.5:2b,qwen,primary_model,heldout,task6_incident_response_week,109,True,0.3421
balanced,qwen3.5:2b,qwen,primary_model,heldout,task6_incident_response_week,109,True,0.43684
adaptation_heavy,qwen3.5:2b,qwen,primary_model,heldout,task6_incident_response_week,109,True,0.369735
adaptation_light,qwen3.5:2b,qwen,primary_model,heldout,task6_incident_response_week,109,True,0.50526
no_coherence,qwen3.5:2b,qwen,primary_model,heldout,task6_incident_response_week,109,True,0.338155
original,qwen3.5:2b,qwen,primary_model,heldout,task7_quarterly_headcount_plan,109,True,0.3611
utility_only,qwen3.5:2b,qwen,primary_model,heldout,task7_quarterly_headcount_plan,109,True,0.4068
balanced,qwen3.5:2b,qwen,primary_model,heldout,task7_quarterly_headcount_plan,109,True,0.46272
adaptation_heavy,qwen3.5:2b,qwen,primary_model,heldout,task7_quarterly_headcount_plan,109,True,0.39237999999999995
adaptation_light,qwen3.5:2b,qwen,primary_model,heldout,task7_quarterly_headcount_plan,109,True,0.54408
no_coherence,qwen3.5:2b,qwen,primary_model,heldout,task7_quarterly_headcount_plan,109,True,0.37374
original,qwen3.5:9b,qwen,primary_model,core,task3_startup_week,100,True,0.3252
utility_only,qwen3.5:9b,qwen,primary_model,core,task3_startup_week,100,True,0.362
balanced,qwen3.5:9b,qwen,primary_model,core,task3_startup_week,100,True,0.313985
adaptation_heavy,qwen3.5:9b,qwen,primary_model,core,task3_startup_week,100,True,0.270885
adaptation_light,qwen3.5:9b,qwen,primary_model,core,task3_startup_week,100,True,0.386385
no_coherence,qwen3.5:9b,qwen,primary_model,core,task3_startup_week,100,True,0.2741
original,qwen3.5:9b,qwen,primary_model,core,task6_incident_response_week,100,True,0.3815
utility_only,qwen3.5:9b,qwen,primary_model,core,task6_incident_response_week,100,True,0.3417
balanced,qwen3.5:9b,qwen,primary_model,core,task6_incident_response_week,100,True,0.411135
adaptation_heavy,qwen3.5:9b,qwen,primary_model,core,task6_incident_response_week,100,True,0.34404999999999997
adaptation_light,qwen3.5:9b,qwen,primary_model,core,task6_incident_response_week,100,True,0.479475
no_coherence,qwen3.5:9b,qwen,primary_model,core,task6_incident_response_week,100,True,0.337935
original,qwen3.5:9b,qwen,primary_model,core,task7_quarterly_headcount_plan,100,True,0.3715
utility_only,qwen3.5:9b,qwen,primary_model,core,task7_quarterly_headcount_plan,100,True,0.4232
balanced,qwen3.5:9b,qwen,primary_model,core,task7_quarterly_headcount_plan,100,True,0.46928000000000003
adaptation_heavy,qwen3.5:9b,qwen,primary_model,core,task7_quarterly_headcount_plan,100,True,0.39812000000000003
adaptation_light,qwen3.5:9b,qwen,primary_model,core,task7_quarterly_headcount_plan,100,True,0.55392
no_coherence,qwen3.5:9b,qwen,primary_model,core,task7_quarterly_headcount_plan,100,True,0.38276
original,qwen3.5:9b,qwen,primary_model,core,task3_startup_week,101,True,0.3553
utility_only,qwen3.5:9b,qwen,primary_model,core,task3_startup_week,101,True,0.3482
balanced,qwen3.5:9b,qwen,primary_model,core,task3_startup_week,101,True,0.355505
adaptation_heavy,qwen3.5:9b,qwen,primary_model,core,task3_startup_week,101,True,0.303095
adaptation_light,qwen3.5:9b,qwen,primary_model,core,task3_startup_week,101,True,0.425145
no_coherence,qwen3.5:9b,qwen,primary_model,core,task3_startup_week,101,True,0.29651
original,qwen3.5:9b,qwen,primary_model,core,task6_incident_response_week,101,True,0.3781
utility_only,qwen3.5:9b,qwen,primary_model,core,task6_incident_response_week,101,True,0.3421
balanced,qwen3.5:9b,qwen,primary_model,core,task6_incident_response_week,101,True,0.40684
adaptation_heavy,qwen3.5:9b,qwen,primary_model,core,task6_incident_response_week,101,True,0.339735
adaptation_light,qwen3.5:9b,qwen,primary_model,core,task6_incident_response_week,101,True,0.47526
no_coherence,qwen3.5:9b,qwen,primary_model,core,task6_incident_response_week,101,True,0.338155
original,qwen3.5:9b,qwen,primary_model,core,task7_quarterly_headcount_plan,101,True,0.3811
utility_only,qwen3.5:9b,qwen,primary_model,core,task7_quarterly_headcount_plan,101,True,0.4383
balanced,qwen3.5:9b,qwen,primary_model,core,task7_quarterly_headcount_plan,101,True,0.47532
adaptation_heavy,qwen3.5:9b,qwen,primary_model,core,task7_quarterly_headcount_plan,101,True,0.403405
adaptation_light,qwen3.5:9b,qwen,primary_model,core,task7_quarterly_headcount_plan,101,True,0.56298
no_coherence,qwen3.5:9b,qwen,primary_model,core,task7_quarterly_headcount_plan,101,True,0.391065
original,qwen3.5:9b,qwen,primary_model,core,task3_startup_week,102,True,0.3646
utility_only,qwen3.5:9b,qwen,primary_model,core,task3_startup_week,102,True,0.3682
balanced,qwen3.5:9b,qwen,primary_model,core,task3_startup_week,102,True,0.362785
adaptation_heavy,qwen3.5:9b,qwen,primary_model,core,task3_startup_week,102,True,0.309375
adaptation_light,qwen3.5:9b,qwen,primary_model,core,task3_startup_week,102,True,0.436425
no_coherence,qwen3.5:9b,qwen,primary_model,core,task3_startup_week,102,True,0.30751
original,qwen3.5:9b,qwen,primary_model,core,task6_incident_response_week,102,True,0.3752
utility_only,qwen3.5:9b,qwen,primary_model,core,task6_incident_response_week,102,True,0.3513
balanced,qwen3.5:9b,qwen,primary_model,core,task6_incident_response_week,102,True,0.40173
adaptation_heavy,qwen3.5:9b,qwen,primary_model,core,task6_incident_response_week,102,True,0.334165
adaptation_light,qwen3.5:9b,qwen,primary_model,core,task6_incident_response_week,102,True,0.47198999999999997
no_coherence,qwen3.5:9b,qwen,primary_model,core,task6_incident_response_week,102,True,0.34321500000000005
original,qwen3.5:9b,qwen,primary_model,core,task7_quarterly_headcount_plan,102,True,0.6055
utility_only,qwen3.5:9b,qwen,primary_model,core,task7_quarterly_headcount_plan,102,True,0.437
balanced,qwen3.5:9b,qwen,primary_model,core,task7_quarterly_headcount_plan,102,True,0.73325
adaptation_heavy,qwen3.5:9b,qwen,primary_model,core,task7_quarterly_headcount_plan,102,True,0.74755
adaptation_light,qwen3.5:9b,qwen,primary_model,core,task7_quarterly_headcount_plan,102,True,0.64835
no_coherence,qwen3.5:9b,qwen,primary_model,core,task7_quarterly_headcount_plan,102,True,0.6488
original,qwen3.5:9b,qwen,primary_model,core,task3_startup_week,103,False,0.5576
utility_only,qwen3.5:9b,qwen,primary_model,core,task3_startup_week,103,False,0.4358
balanced,qwen3.5:9b,qwen,primary_model,core,task3_startup_week,103,False,0.6029857142857143
adaptation_heavy,qwen3.5:9b,qwen,primary_model,core,task3_startup_week,103,False,0.5880000000000001
adaptation_light,qwen3.5:9b,qwen,primary_model,core,task3_startup_week,103,False,0.5658333333333334
no_coherence,qwen3.5:9b,qwen,primary_model,core,task3_startup_week,103,False,0.5459857142857143
original,qwen3.5:9b,qwen,primary_model,core,task6_incident_response_week,103,False,0.5614
utility_only,qwen3.5:9b,qwen,primary_model,core,task6_incident_response_week,103,False,0.3743
balanced,qwen3.5:9b,qwen,primary_model,core,task6_incident_response_week,103,False,0.6067357142857144
adaptation_heavy,qwen3.5:9b,qwen,primary_model,core,task6_incident_response_week,103,False,0.5933333333333334
adaptation_light,qwen3.5:9b,qwen,primary_model,core,task6_incident_response_week,103,False,0.5550833333333334
no_coherence,qwen3.5:9b,qwen,primary_model,core,task6_incident_response_week,103,False,0.5083785714285713
original,qwen3.5:9b,qwen,primary_model,core,task7_quarterly_headcount_plan,103,False,0.5919
utility_only,qwen3.5:9b,qwen,primary_model,core,task7_quarterly_headcount_plan,103,False,0.5263
balanced,qwen3.5:9b,qwen,primary_model,core,task7_quarterly_headcount_plan,103,False,0.7293142857142857
adaptation_heavy,qwen3.5:9b,qwen,primary_model,core,task7_quarterly_headcount_plan,103,False,0.723675
adaptation_light,qwen3.5:9b,qwen,primary_model,core,task7_quarterly_headcount_plan,103,False,0.6842
no_coherence,qwen3.5:9b,qwen,primary_model,core,task7_quarterly_headcount_plan,103,False,0.6278071428571428
original,qwen3.5:9b,qwen,primary_model,core,task3_startup_week,104,True,0.3454
utility_only,qwen3.5:9b,qwen,primary_model,core,task3_startup_week,104,True,0.3379
balanced,qwen3.5:9b,qwen,primary_model,core,task3_startup_week,104,True,0.341605
adaptation_heavy,qwen3.5:9b,qwen,primary_model,core,task3_startup_week,104,True,0.29470999999999997
adaptation_light,qwen3.5:9b,qwen,primary_model,core,task3_startup_week,104,True,0.40918499999999997
no_coherence,qwen3.5:9b,qwen,primary_model,core,task3_startup_week,104,True,0.275845
original,qwen3.5:9b,qwen,primary_model,core,task6_incident_response_week,104,True,0.3735
utility_only,qwen3.5:9b,qwen,primary_model,core,task6_incident_response_week,104,True,0.3183
balanced,qwen3.5:9b,qwen,primary_model,core,task6_incident_response_week,104,True,0.40527
adaptation_heavy,qwen3.5:9b,qwen,primary_model,core,task6_incident_response_week,104,True,0.33935499999999996
adaptation_light,qwen3.5:9b,qwen,primary_model,core,task6_incident_response_week,104,True,0.46892999999999996
no_coherence,qwen3.5:9b,qwen,primary_model,core,task6_incident_response_week,104,True,0.32506500000000005
original,qwen3.5:9b,qwen,primary_model,core,task7_quarterly_headcount_plan,104,True,0.3545
utility_only,qwen3.5:9b,qwen,primary_model,core,task7_quarterly_headcount_plan,104,True,0.3964
balanced,qwen3.5:9b,qwen,primary_model,core,task7_quarterly_headcount_plan,104,True,0.45855999999999997
adaptation_heavy,qwen3.5:9b,qwen,primary_model,core,task7_quarterly_headcount_plan,104,True,0.38874
adaptation_light,qwen3.5:9b,qwen,primary_model,core,task7_quarterly_headcount_plan,104,True,0.53784
no_coherence,qwen3.5:9b,qwen,primary_model,core,task7_quarterly_headcount_plan,104,True,0.36802
original,qwen3.5:9b,qwen,primary_model,core,task3_startup_week,105,True,0.307
utility_only,qwen3.5:9b,qwen,primary_model,core,task3_startup_week,105,True,0.3241
balanced,qwen3.5:9b,qwen,primary_model,core,task3_startup_week,105,True,0.29212
adaptation_heavy,qwen3.5:9b,qwen,primary_model,core,task3_startup_week,105,True,0.258415
adaptation_light,qwen3.5:9b,qwen,primary_model,core,task3_startup_week,105,True,0.35694
no_coherence,qwen3.5:9b,qwen,primary_model,core,task3_startup_week,105,True,0.23075500000000002
original,qwen3.5:9b,qwen,primary_model,core,task6_incident_response_week,105,True,0.5154
utility_only,qwen3.5:9b,qwen,primary_model,core,task6_incident_response_week,105,True,0.3117
balanced,qwen3.5:9b,qwen,primary_model,core,task6_incident_response_week,105,True,0.539745
adaptation_heavy,qwen3.5:9b,qwen,primary_model,core,task6_incident_response_week,105,True,0.556945
adaptation_light,qwen3.5:9b,qwen,primary_model,core,task6_incident_response_week,105,True,0.46508499999999997
no_coherence,qwen3.5:9b,qwen,primary_model,core,task6_incident_response_week,105,True,0.48408
original,qwen3.5:9b,qwen,primary_model,core,task7_quarterly_headcount_plan,105,True,0.5668
utility_only,qwen3.5:9b,qwen,primary_model,core,task7_quarterly_headcount_plan,105,True,0.37
balanced,qwen3.5:9b,qwen,primary_model,core,task7_quarterly_headcount_plan,105,True,0.7108899999999999
adaptation_heavy,qwen3.5:9b,qwen,primary_model,core,task7_quarterly_headcount_plan,105,True,0.73002
adaptation_light,qwen3.5:9b,qwen,primary_model,core,task7_quarterly_headcount_plan,105,True,0.60963
no_coherence,qwen3.5:9b,qwen,primary_model,core,task7_quarterly_headcount_plan,105,True,0.61639
original,qwen3.5:9b,qwen,primary_model,core,task3_startup_week,106,True,0.3514
utility_only,qwen3.5:9b,qwen,primary_model,core,task3_startup_week,106,True,0.415
balanced,qwen3.5:9b,qwen,primary_model,core,task3_startup_week,106,True,0.342385
adaptation_heavy,qwen3.5:9b,qwen,primary_model,core,task3_startup_week,106,True,0.289135
adaptation_light,qwen3.5:9b,qwen,primary_model,core,task3_startup_week,106,True,0.42538499999999996
no_coherence,qwen3.5:9b,qwen,primary_model,core,task3_startup_week,106,True,0.32575
original,qwen3.5:9b,qwen,primary_model,core,task6_incident_response_week,106,True,0.3482
utility_only,qwen3.5:9b,qwen,primary_model,core,task6_incident_response_week,106,True,0.3669
balanced,qwen3.5:9b,qwen,primary_model,core,task6_incident_response_week,106,True,0.36582000000000003
adaptation_heavy,qwen3.5:9b,qwen,primary_model,core,task6_incident_response_week,106,True,0.31176000000000004
adaptation_light,qwen3.5:9b,qwen,primary_model,core,task6_incident_response_week,106,True,0.43920000000000003
no_coherence,qwen3.5:9b,qwen,primary_model,core,task6_incident_response_week,106,True,0.30894000000000005
original,qwen3.5:9b,qwen,primary_model,core,task7_quarterly_headcount_plan,106,True,0.4015
utility_only,qwen3.5:9b,qwen,primary_model,core,task7_quarterly_headcount_plan,106,True,0.4703
balanced,qwen3.5:9b,qwen,primary_model,core,task7_quarterly_headcount_plan,106,True,0.48812
adaptation_heavy,qwen3.5:9b,qwen,primary_model,core,task7_quarterly_headcount_plan,106,True,0.414605
adaptation_light,qwen3.5:9b,qwen,primary_model,core,task7_quarterly_headcount_plan,106,True,0.5821799999999999
no_coherence,qwen3.5:9b,qwen,primary_model,core,task7_quarterly_headcount_plan,106,True,0.40866500000000006
original,qwen3.5:9b,qwen,primary_model,core,task3_startup_week,107,True,0.3393
utility_only,qwen3.5:9b,qwen,primary_model,core,task3_startup_week,107,True,0.3659
balanced,qwen3.5:9b,qwen,primary_model,core,task3_startup_week,107,True,0.33272
adaptation_heavy,qwen3.5:9b,qwen,primary_model,core,task3_startup_week,107,True,0.284425
adaptation_light,qwen3.5:9b,qwen,primary_model,core,task3_startup_week,107,True,0.4059
no_coherence,qwen3.5:9b,qwen,primary_model,core,task3_startup_week,107,True,0.291245
original,qwen3.5:9b,qwen,primary_model,core,task6_incident_response_week,107,True,0.308
utility_only,qwen3.5:9b,qwen,primary_model,core,task6_incident_response_week,107,True,0.333
balanced,qwen3.5:9b,qwen,primary_model,core,task6_incident_response_week,107,True,0.322125
adaptation_heavy,qwen3.5:9b,qwen,primary_model,core,task6_incident_response_week,107,True,0.284045
adaptation_light,qwen3.5:9b,qwen,primary_model,core,task6_incident_response_week,107,True,0.388725
no_coherence,qwen3.5:9b,qwen,primary_model,core,task6_incident_response_week,107,True,0.24744000000000005
original,qwen3.5:9b,qwen,primary_model,core,task7_quarterly_headcount_plan,107,True,0.6004
utility_only,qwen3.5:9b,qwen,primary_model,core,task7_quarterly_headcount_plan,107,True,0.4232
balanced,qwen3.5:9b,qwen,primary_model,core,task7_quarterly_headcount_plan,107,True,0.73193
adaptation_heavy,qwen3.5:9b,qwen,primary_model,core,task7_quarterly_headcount_plan,107,True,0.74832
adaptation_light,qwen3.5:9b,qwen,primary_model,core,task7_quarterly_headcount_plan,107,True,0.64147
no_coherence,qwen3.5:9b,qwen,primary_model,core,task7_quarterly_headcount_plan,107,True,0.64541
original,qwen3.5:9b,qwen,primary_model,core,task3_startup_week,108,True,0.3283
utility_only,qwen3.5:9b,qwen,primary_model,core,task3_startup_week,108,True,0.3126
balanced,qwen3.5:9b,qwen,primary_model,core,task3_startup_week,108,True,0.32955
adaptation_heavy,qwen3.5:9b,qwen,primary_model,core,task3_startup_week,108,True,0.28142
adaptation_light,qwen3.5:9b,qwen,primary_model,core,task3_startup_week,108,True,0.39207
no_coherence,qwen3.5:9b,qwen,primary_model,core,task3_startup_week,108,True,0.26943
original,qwen3.5:9b,qwen,primary_model,core,task6_incident_response_week,108,True,0.3574
utility_only,qwen3.5:9b,qwen,primary_model,core,task6_incident_response_week,108,True,0.2975
balanced,qwen3.5:9b,qwen,primary_model,core,task6_incident_response_week,108,True,0.389
adaptation_heavy,qwen3.5:9b,qwen,primary_model,core,task6_incident_response_week,108,True,0.324125
adaptation_light,qwen3.5:9b,qwen,primary_model,core,task6_incident_response_week,108,True,0.4485
no_coherence,qwen3.5:9b,qwen,primary_model,core,task6_incident_response_week,108,True,0.313625
original,qwen3.5:9b,qwen,primary_model,core,task7_quarterly_headcount_plan,108,True,0.5344
utility_only,qwen3.5:9b,qwen,primary_model,core,task7_quarterly_headcount_plan,108,True,0.363
balanced,qwen3.5:9b,qwen,primary_model,core,task7_quarterly_headcount_plan,108,True,0.6760499999999999
adaptation_heavy,qwen3.5:9b,qwen,primary_model,core,task7_quarterly_headcount_plan,108,True,0.68485
adaptation_light,qwen3.5:9b,qwen,primary_model,core,task7_quarterly_headcount_plan,108,True,0.59475
no_coherence,qwen3.5:9b,qwen,primary_model,core,task7_quarterly_headcount_plan,108,True,0.5805
original,qwen3.5:9b,qwen,primary_model,core,task3_startup_week,109,True,0.3551
utility_only,qwen3.5:9b,qwen,primary_model,core,task3_startup_week,109,True,0.3463
balanced,qwen3.5:9b,qwen,primary_model,core,task3_startup_week,109,True,0.35803
adaptation_heavy,qwen3.5:9b,qwen,primary_model,core,task3_startup_week,109,True,0.303215
adaptation_light,qwen3.5:9b,qwen,primary_model,core,task3_startup_week,109,True,0.42729
no_coherence,qwen3.5:9b,qwen,primary_model,core,task3_startup_week,109,True,0.30296500000000004
original,qwen3.5:9b,qwen,primary_model,core,task6_incident_response_week,109,True,0.6557
utility_only,qwen3.5:9b,qwen,primary_model,core,task6_incident_response_week,109,True,0.3363
balanced,qwen3.5:9b,qwen,primary_model,core,task6_incident_response_week,109,True,0.692655
adaptation_heavy,qwen3.5:9b,qwen,primary_model,core,task6_incident_response_week,109,True,0.72034
adaptation_light,qwen3.5:9b,qwen,primary_model,core,task6_incident_response_week,109,True,0.570915
no_coherence,qwen3.5:9b,qwen,primary_model,core,task6_incident_response_week,109,True,0.618465
original,qwen3.5:9b,qwen,primary_model,core,task7_quarterly_headcount_plan,109,True,0.3605
utility_only,qwen3.5:9b,qwen,primary_model,core,task7_quarterly_headcount_plan,109,True,0.4059
balanced,qwen3.5:9b,qwen,primary_model,core,task7_quarterly_headcount_plan,109,True,0.46236
adaptation_heavy,qwen3.5:9b,qwen,primary_model,core,task7_quarterly_headcount_plan,109,True,0.392065
adaptation_light,qwen3.5:9b,qwen,primary_model,core,task7_quarterly_headcount_plan,109,True,0.5435399999999999
no_coherence,qwen3.5:9b,qwen,primary_model,core,task7_quarterly_headcount_plan,109,True,0.373245
original,qwen3.5:9b,qwen,primary_model,heldout,task3_startup_week,100,True,0.3165
utility_only,qwen3.5:9b,qwen,primary_model,heldout,task3_startup_week,100,True,0.3639
balanced,qwen3.5:9b,qwen,primary_model,heldout,task3_startup_week,100,True,0.29514
adaptation_heavy,qwen3.5:9b,qwen,primary_model,heldout,task3_startup_week,100,True,0.261945
adaptation_light,qwen3.5:9b,qwen,primary_model,heldout,task3_startup_week,100,True,0.36792
no_coherence,qwen3.5:9b,qwen,primary_model,heldout,task3_startup_week,100,True,0.245145
original,qwen3.5:9b,qwen,primary_model,heldout,task6_incident_response_week,100,True,0.397
utility_only,qwen3.5:9b,qwen,primary_model,heldout,task6_incident_response_week,100,True,0.3476
balanced,qwen3.5:9b,qwen,primary_model,heldout,task6_incident_response_week,100,True,0.42917000000000005
adaptation_heavy,qwen3.5:9b,qwen,primary_model,heldout,task6_incident_response_week,100,True,0.36179
adaptation_light,qwen3.5:9b,qwen,primary_model,heldout,task6_incident_response_week,100,True,0.49868999999999997
no_coherence,qwen3.5:9b,qwen,primary_model,heldout,task6_incident_response_week,100,True,0.34118000000000004
original,qwen3.5:9b,qwen,primary_model,heldout,task7_quarterly_headcount_plan,100,True,0.3714
utility_only,qwen3.5:9b,qwen,primary_model,heldout,task7_quarterly_headcount_plan,100,True,0.423
balanced,qwen3.5:9b,qwen,primary_model,heldout,task7_quarterly_headcount_plan,100,True,0.4692
adaptation_heavy,qwen3.5:9b,qwen,primary_model,heldout,task7_quarterly_headcount_plan,100,True,0.39805
adaptation_light,qwen3.5:9b,qwen,primary_model,heldout,task7_quarterly_headcount_plan,100,True,0.5538
no_coherence,qwen3.5:9b,qwen,primary_model,heldout,task7_quarterly_headcount_plan,100,True,0.38265000000000005
original,qwen3.5:9b,qwen,primary_model,heldout,task3_startup_week,101,True,0.3831
utility_only,qwen3.5:9b,qwen,primary_model,heldout,task3_startup_week,101,True,0.3701
balanced,qwen3.5:9b,qwen,primary_model,heldout,task3_startup_week,101,True,0.378545
adaptation_heavy,qwen3.5:9b,qwen,primary_model,heldout,task3_startup_week,101,True,0.32754
adaptation_light,qwen3.5:9b,qwen,primary_model,heldout,task3_startup_week,101,True,0.452565
no_coherence,qwen3.5:9b,qwen,primary_model,heldout,task3_startup_week,101,True,0.301055
original,qwen3.5:9b,qwen,primary_model,heldout,task6_incident_response_week,101,True,0.4064
utility_only,qwen3.5:9b,qwen,primary_model,heldout,task6_incident_response_week,101,True,0.3576
balanced,qwen3.5:9b,qwen,primary_model,heldout,task6_incident_response_week,101,True,0.43901999999999997
adaptation_heavy,qwen3.5:9b,qwen,primary_model,heldout,task6_incident_response_week,101,True,0.37114
adaptation_light,qwen3.5:9b,qwen,primary_model,heldout,task6_incident_response_week,101,True,0.51054
no_coherence,qwen3.5:9b,qwen,primary_model,heldout,task6_incident_response_week,101,True,0.34668
original,qwen3.5:9b,qwen,primary_model,heldout,task7_quarterly_headcount_plan,101,True,0.3813
utility_only,qwen3.5:9b,qwen,primary_model,heldout,task7_quarterly_headcount_plan,101,True,0.4385
balanced,qwen3.5:9b,qwen,primary_model,heldout,task7_quarterly_headcount_plan,101,True,0.4754
adaptation_heavy,qwen3.5:9b,qwen,primary_model,heldout,task7_quarterly_headcount_plan,101,True,0.40347500000000003
adaptation_light,qwen3.5:9b,qwen,primary_model,heldout,task7_quarterly_headcount_plan,101,True,0.5630999999999999
no_coherence,qwen3.5:9b,qwen,primary_model,heldout,task7_quarterly_headcount_plan,101,True,0.39117500000000005
original,qwen3.5:9b,qwen,primary_model,heldout,task3_startup_week,102,True,0.3203
utility_only,qwen3.5:9b,qwen,primary_model,heldout,task3_startup_week,102,True,0.368
balanced,qwen3.5:9b,qwen,primary_model,heldout,task3_startup_week,102,True,0.31595
adaptation_heavy,qwen3.5:9b,qwen,primary_model,heldout,task3_startup_week,102,True,0.26505
adaptation_light,qwen3.5:9b,qwen,primary_model,heldout,task3_startup_week,102,True,0.38955
no_coherence,qwen3.5:9b,qwen,primary_model,heldout,task3_startup_week,102,True,0.29990000000000006
original,qwen3.5:9b,qwen,primary_model,heldout,task6_incident_response_week,102,True,0.4064
utility_only,qwen3.5:9b,qwen,primary_model,heldout,task6_incident_response_week,102,True,0.3583
balanced,qwen3.5:9b,qwen,primary_model,heldout,task6_incident_response_week,102,True,0.43891
adaptation_heavy,qwen3.5:9b,qwen,primary_model,heldout,task6_incident_response_week,102,True,0.37099499999999996
adaptation_light,qwen3.5:9b,qwen,primary_model,heldout,task6_incident_response_week,102,True,0.51057
no_coherence,qwen3.5:9b,qwen,primary_model,heldout,task6_incident_response_week,102,True,0.347065
original,qwen3.5:9b,qwen,primary_model,heldout,task7_quarterly_headcount_plan,102,True,0.6104
utility_only,qwen3.5:9b,qwen,primary_model,heldout,task7_quarterly_headcount_plan,102,True,0.4379
balanced,qwen3.5:9b,qwen,primary_model,heldout,task7_quarterly_headcount_plan,102,True,0.73853
adaptation_heavy,qwen3.5:9b,qwen,primary_model,heldout,task7_quarterly_headcount_plan,102,True,0.754425
adaptation_light,qwen3.5:9b,qwen,primary_model,heldout,task7_quarterly_headcount_plan,102,True,0.6505299999999999
no_coherence,qwen3.5:9b,qwen,primary_model,heldout,task7_quarterly_headcount_plan,102,True,0.654215
original,qwen3.5:9b,qwen,primary_model,heldout,task3_startup_week,103,False,0.604
utility_only,qwen3.5:9b,qwen,primary_model,heldout,task3_startup_week,103,False,0.4666
balanced,qwen3.5:9b,qwen,primary_model,heldout,task3_startup_week,103,False,0.6519357142857144
adaptation_heavy,qwen3.5:9b,qwen,primary_model,heldout,task3_startup_week,103,False,0.638375
adaptation_light,qwen3.5:9b,qwen,primary_model,heldout,task3_startup_week,103,False,0.6107500000000001
no_coherence,qwen3.5:9b,qwen,primary_model,heldout,task3_startup_week,103,False,0.5809
original,qwen3.5:9b,qwen,primary_model,heldout,task6_incident_response_week,103,False,0.5902
utility_only,qwen3.5:9b,qwen,primary_model,heldout,task6_incident_response_week,103,False,0.3923
balanced,qwen3.5:9b,qwen,primary_model,heldout,task6_incident_response_week,103,False,0.6381285714285715
adaptation_heavy,qwen3.5:9b,qwen,primary_model,heldout,task6_incident_response_week,103,False,0.6284583333333332
adaptation_light,qwen3.5:9b,qwen,primary_model,heldout,task6_incident_response_week,103,False,0.5835
no_coherence,qwen3.5:9b,qwen,primary_model,heldout,task6_incident_response_week,103,False,0.5225214285714286
original,qwen3.5:9b,qwen,primary_model,heldout,task7_quarterly_headcount_plan,103,False,0.5932
utility_only,qwen3.5:9b,qwen,primary_model,heldout,task7_quarterly_headcount_plan,103,False,0.5279
balanced,qwen3.5:9b,qwen,primary_model,heldout,task7_quarterly_headcount_plan,103,False,0.7302285714285716
adaptation_heavy,qwen3.5:9b,qwen,primary_model,heldout,task7_quarterly_headcount_plan,103,False,0.7246083333333334
adaptation_light,qwen3.5:9b,qwen,primary_model,heldout,task7_quarterly_headcount_plan,103,False,0.6852666666666668
no_coherence,qwen3.5:9b,qwen,primary_model,heldout,task7_quarterly_headcount_plan,103,False,0.6290642857142856
original,qwen3.5:9b,qwen,primary_model,heldout,task3_startup_week,104,True,0.348
utility_only,qwen3.5:9b,qwen,primary_model,heldout,task3_startup_week,104,True,0.343
balanced,qwen3.5:9b,qwen,primary_model,heldout,task3_startup_week,104,True,0.35122
adaptation_heavy,qwen3.5:9b,qwen,primary_model,heldout,task3_startup_week,104,True,0.29657
adaptation_light,qwen3.5:9b,qwen,primary_model,heldout,task3_startup_week,104,True,0.41981999999999997
no_coherence,qwen3.5:9b,qwen,primary_model,heldout,task3_startup_week,104,True,0.30115000000000003
original,qwen3.5:9b,qwen,primary_model,heldout,task6_incident_response_week,104,True,0.3719
utility_only,qwen3.5:9b,qwen,primary_model,heldout,task6_incident_response_week,104,True,0.3149
balanced,qwen3.5:9b,qwen,primary_model,heldout,task6_incident_response_week,104,True,0.40391
adaptation_heavy,qwen3.5:9b,qwen,primary_model,heldout,task6_incident_response_week,104,True,0.338165
adaptation_light,qwen3.5:9b,qwen,primary_model,heldout,task6_incident_response_week,104,True,0.46688999999999997
no_coherence,qwen3.5:9b,qwen,primary_model,heldout,task6_incident_response_week,104,True,0.323195
original,qwen3.5:9b,qwen,primary_model,heldout,task7_quarterly_headcount_plan,104,True,0.355
utility_only,qwen3.5:9b,qwen,primary_model,heldout,task7_quarterly_headcount_plan,104,True,0.3973
balanced,qwen3.5:9b,qwen,primary_model,heldout,task7_quarterly_headcount_plan,104,True,0.45892
adaptation_heavy,qwen3.5:9b,qwen,primary_model,heldout,task7_quarterly_headcount_plan,104,True,0.389055
adaptation_light,qwen3.5:9b,qwen,primary_model,heldout,task7_quarterly_headcount_plan,104,True,0.53838
no_coherence,qwen3.5:9b,qwen,primary_model,heldout,task7_quarterly_headcount_plan,104,True,0.36851500000000004
original,qwen3.5:9b,qwen,primary_model,heldout,task3_startup_week,105,True,0.5365
utility_only,qwen3.5:9b,qwen,primary_model,heldout,task3_startup_week,105,True,0.3293
balanced,qwen3.5:9b,qwen,primary_model,heldout,task3_startup_week,105,True,0.576755
adaptation_heavy,qwen3.5:9b,qwen,primary_model,heldout,task3_startup_week,105,True,0.58656
adaptation_light,qwen3.5:9b,qwen,primary_model,heldout,task3_startup_week,105,True,0.510075
no_coherence,qwen3.5:9b,qwen,primary_model,heldout,task3_startup_week,105,True,0.49992499999999995
original,qwen3.5:9b,qwen,primary_model,heldout,task6_incident_response_week,105,True,0.3834
utility_only,qwen3.5:9b,qwen,primary_model,heldout,task6_incident_response_week,105,True,0.308
balanced,qwen3.5:9b,qwen,primary_model,heldout,task6_incident_response_week,105,True,0.41918
adaptation_heavy,qwen3.5:9b,qwen,primary_model,heldout,task6_incident_response_week,105,True,0.35378
adaptation_light,qwen3.5:9b,qwen,primary_model,heldout,task6_incident_response_week,105,True,0.48078
no_coherence,qwen3.5:9b,qwen,primary_model,heldout,task6_incident_response_week,105,True,0.3194
original,qwen3.5:9b,qwen,primary_model,heldout,task7_quarterly_headcount_plan,105,True,0.5648
utility_only,qwen3.5:9b,qwen,primary_model,heldout,task7_quarterly_headcount_plan,105,True,0.382
balanced,qwen3.5:9b,qwen,primary_model,heldout,task7_quarterly_headcount_plan,105,True,0.70471
adaptation_heavy,qwen3.5:9b,qwen,primary_model,heldout,task7_quarterly_headcount_plan,105,True,0.71958
adaptation_light,qwen3.5:9b,qwen,primary_model,heldout,task7_quarterly_headcount_plan,105,True,0.61317
no_coherence,qwen3.5:9b,qwen,primary_model,heldout,task7_quarterly_headcount_plan,105,True,0.6120099999999999
original,qwen3.5:9b,qwen,primary_model,heldout,task3_startup_week,106,True,0.3652
utility_only,qwen3.5:9b,qwen,primary_model,heldout,task3_startup_week,106,True,0.4147
balanced,qwen3.5:9b,qwen,primary_model,heldout,task3_startup_week,106,True,0.33373
adaptation_heavy,qwen3.5:9b,qwen,primary_model,heldout,task3_startup_week,106,True,0.302995
adaptation_light,qwen3.5:9b,qwen,primary_model,heldout,task3_startup_week,106,True,0.41667
no_coherence,qwen3.5:9b,qwen,primary_model,heldout,task3_startup_week,106,True,0.258085
original,qwen3.5:9b,qwen,primary_model,heldout,task6_incident_response_week,106,True,0.3013
utility_only,qwen3.5:9b,qwen,primary_model,heldout,task6_incident_response_week,106,True,0.3768
balanced,qwen3.5:9b,qwen,primary_model,heldout,task6_incident_response_week,106,True,0.30648000000000003
adaptation_heavy,qwen3.5:9b,qwen,primary_model,heldout,task6_incident_response_week,106,True,0.273355
adaptation_light,qwen3.5:9b,qwen,primary_model,heldout,task6_incident_response_week,106,True,0.38184
no_coherence,qwen3.5:9b,qwen,primary_model,heldout,task6_incident_response_week,106,True,0.250095
original,qwen3.5:9b,qwen,primary_model,heldout,task7_quarterly_headcount_plan,106,True,0.4314
utility_only,qwen3.5:9b,qwen,primary_model,heldout,task7_quarterly_headcount_plan,106,True,0.5173
balanced,qwen3.5:9b,qwen,primary_model,heldout,task7_quarterly_headcount_plan,106,True,0.50692
adaptation_heavy,qwen3.5:9b,qwen,primary_model,heldout,task7_quarterly_headcount_plan,106,True,0.43105499999999997
adaptation_light,qwen3.5:9b,qwen,primary_model,heldout,task7_quarterly_headcount_plan,106,True,0.6103799999999999
no_coherence,qwen3.5:9b,qwen,primary_model,heldout,task7_quarterly_headcount_plan,106,True,0.434515
original,qwen3.5:9b,qwen,primary_model,heldout,task3_startup_week,107,True,0.4827
utility_only,qwen3.5:9b,qwen,primary_model,heldout,task3_startup_week,107,True,0.3763
balanced,qwen3.5:9b,qwen,primary_model,heldout,task3_startup_week,107,True,0.499255
adaptation_heavy,qwen3.5:9b,qwen,primary_model,heldout,task3_startup_week,107,True,0.51391
adaptation_light,qwen3.5:9b,qwen,primary_model,heldout,task3_startup_week,107,True,0.457575
no_coherence,qwen3.5:9b,qwen,primary_model,heldout,task3_startup_week,107,True,0.45737500000000003
original,qwen3.5:9b,qwen,primary_model,heldout,task6_incident_response_week,107,True,0.2854
utility_only,qwen3.5:9b,qwen,primary_model,heldout,task6_incident_response_week,107,True,0.322
balanced,qwen3.5:9b,qwen,primary_model,heldout,task6_incident_response_week,107,True,0.29635
adaptation_heavy,qwen3.5:9b,qwen,primary_model,heldout,task6_incident_response_week,107,True,0.273105
adaptation_light,qwen3.5:9b,qwen,primary_model,heldout,task6_incident_response_week,107,True,0.36075
no_coherence,qwen3.5:9b,qwen,primary_model,heldout,task6_incident_response_week,107,True,0.19853500000000002
original,qwen3.5:9b,qwen,primary_model,heldout,task7_quarterly_headcount_plan,107,True,0.5675
utility_only,qwen3.5:9b,qwen,primary_model,heldout,task7_quarterly_headcount_plan,107,True,0.4169
balanced,qwen3.5:9b,qwen,primary_model,heldout,task7_quarterly_headcount_plan,107,True,0.69623
adaptation_heavy,qwen3.5:9b,qwen,primary_model,heldout,task7_quarterly_headcount_plan,107,True,0.701875
adaptation_light,qwen3.5:9b,qwen,primary_model,heldout,task7_quarterly_headcount_plan,107,True,0.62663
no_coherence,qwen3.5:9b,qwen,primary_model,heldout,task7_quarterly_headcount_plan,107,True,0.608765
original,qwen3.5:9b,qwen,primary_model,heldout,task3_startup_week,108,True,0.3043
utility_only,qwen3.5:9b,qwen,primary_model,heldout,task3_startup_week,108,True,0.3138
balanced,qwen3.5:9b,qwen,primary_model,heldout,task3_startup_week,108,True,0.277875
adaptation_heavy,qwen3.5:9b,qwen,primary_model,heldout,task3_startup_week,108,True,0.257185
adaptation_light,qwen3.5:9b,qwen,primary_model,heldout,task3_startup_week,108,True,0.34063499999999997
no_coherence,qwen3.5:9b,qwen,primary_model,heldout,task3_startup_week,108,True,0.18759000000000003
original,qwen3.5:9b,qwen,primary_model,heldout,task6_incident_response_week,108,True,0.267
utility_only,qwen3.5:9b,qwen,primary_model,heldout,task6_incident_response_week,108,True,0.2888
balanced,qwen3.5:9b,qwen,primary_model,heldout,task6_incident_response_week,108,True,0.27932
adaptation_heavy,qwen3.5:9b,qwen,primary_model,heldout,task6_incident_response_week,108,True,0.257735
adaptation_light,qwen3.5:9b,qwen,primary_model,heldout,task6_incident_response_week,108,True,0.33708
no_coherence,qwen3.5:9b,qwen,primary_model,heldout,task6_incident_response_week,108,True,0.18027500000000002
original,qwen3.5:9b,qwen,primary_model,heldout,task7_quarterly_headcount_plan,108,True,0.5344
utility_only,qwen3.5:9b,qwen,primary_model,heldout,task7_quarterly_headcount_plan,108,True,0.363
balanced,qwen3.5:9b,qwen,primary_model,heldout,task7_quarterly_headcount_plan,108,True,0.6760499999999999
adaptation_heavy,qwen3.5:9b,qwen,primary_model,heldout,task7_quarterly_headcount_plan,108,True,0.68485
adaptation_light,qwen3.5:9b,qwen,primary_model,heldout,task7_quarterly_headcount_plan,108,True,0.59475
no_coherence,qwen3.5:9b,qwen,primary_model,heldout,task7_quarterly_headcount_plan,108,True,0.5805
original,qwen3.5:9b,qwen,primary_model,heldout,task3_startup_week,109,True,0.4693
utility_only,qwen3.5:9b,qwen,primary_model,heldout,task3_startup_week,109,True,0.3858
balanced,qwen3.5:9b,qwen,primary_model,heldout,task3_startup_week,109,True,0.49008
adaptation_heavy,qwen3.5:9b,qwen,primary_model,heldout,task3_startup_week,109,True,0.49195
adaptation_light,qwen3.5:9b,qwen,primary_model,heldout,task3_startup_week,109,True,0.45992
no_coherence,qwen3.5:9b,qwen,primary_model,heldout,task3_startup_week,109,True,0.47067000000000003
original,qwen3.5:9b,qwen,primary_model,heldout,task6_incident_response_week,109,True,0.3286
utility_only,qwen3.5:9b,qwen,primary_model,heldout,task6_incident_response_week,109,True,0.3466
balanced,qwen3.5:9b,qwen,primary_model,heldout,task6_incident_response_week,109,True,0.34516
adaptation_heavy,qwen3.5:9b,qwen,primary_model,heldout,task6_incident_response_week,109,True,0.29926
adaptation_light,qwen3.5:9b,qwen,primary_model,heldout,task6_incident_response_week,109,True,0.41448
no_coherence,qwen3.5:9b,qwen,primary_model,heldout,task6_incident_response_week,109,True,0.27634000000000003
original,qwen3.5:9b,qwen,primary_model,heldout,task7_quarterly_headcount_plan,109,True,0.3611
utility_only,qwen3.5:9b,qwen,primary_model,heldout,task7_quarterly_headcount_plan,109,True,0.4068
balanced,qwen3.5:9b,qwen,primary_model,heldout,task7_quarterly_headcount_plan,109,True,0.46272
adaptation_heavy,qwen3.5:9b,qwen,primary_model,heldout,task7_quarterly_headcount_plan,109,True,0.39237999999999995
adaptation_light,qwen3.5:9b,qwen,primary_model,heldout,task7_quarterly_headcount_plan,109,True,0.54408
no_coherence,qwen3.5:9b,qwen,primary_model,heldout,task7_quarterly_headcount_plan,109,True,0.37374
original,qwen3.5:27b,qwen,primary_model,core,task3_startup_week,110,True,0.3615
utility_only,qwen3.5:27b,qwen,primary_model,core,task3_startup_week,110,True,0.4098
balanced,qwen3.5:27b,qwen,primary_model,core,task3_startup_week,110,True,0.35049
adaptation_heavy,qwen3.5:27b,qwen,primary_model,core,task3_startup_week,110,True,0.3
adaptation_light,qwen3.5:27b,qwen,primary_model,core,task3_startup_week,110,True,0.43245
no_coherence,qwen3.5:27b,qwen,primary_model,core,task3_startup_week,110,True,0.31539
original,qwen3.5:27b,qwen,primary_model,core,task6_incident_response_week,110,True,0.3517
utility_only,qwen3.5:27b,qwen,primary_model,core,task6_incident_response_week,110,True,0.3744
balanced,qwen3.5:27b,qwen,primary_model,core,task6_incident_response_week,110,True,0.368925
adaptation_heavy,qwen3.5:27b,qwen,primary_model,core,task6_incident_response_week,110,True,0.321635
adaptation_light,qwen3.5:27b,qwen,primary_model,core,task6_incident_response_week,110,True,0.443805
no_coherence,qwen3.5:27b,qwen,primary_model,core,task6_incident_response_week,110,True,0.29163
original,qwen3.5:27b,qwen,primary_model,core,task7_quarterly_headcount_plan,110,True,0.4366
utility_only,qwen3.5:27b,qwen,primary_model,core,task7_quarterly_headcount_plan,110,True,0.5255
balanced,qwen3.5:27b,qwen,primary_model,core,task7_quarterly_headcount_plan,110,True,0.5102
adaptation_heavy,qwen3.5:27b,qwen,primary_model,core,task7_quarterly_headcount_plan,110,True,0.433925
adaptation_light,qwen3.5:27b,qwen,primary_model,core,task7_quarterly_headcount_plan,110,True,0.6153
no_coherence,qwen3.5:27b,qwen,primary_model,core,task7_quarterly_headcount_plan,110,True,0.439025
original,qwen3.5:27b,qwen,primary_model,core,task3_startup_week,111,False,0.4399
utility_only,qwen3.5:27b,qwen,primary_model,core,task3_startup_week,111,False,0.3695
balanced,qwen3.5:27b,qwen,primary_model,core,task3_startup_week,111,False,0.48285714285714293
adaptation_heavy,qwen3.5:27b,qwen,primary_model,core,task3_startup_week,111,False,0.45754166666666674
adaptation_light,qwen3.5:27b,qwen,primary_model,core,task3_startup_week,111,False,0.4576666666666667
no_coherence,qwen3.5:27b,qwen,primary_model,core,task3_startup_week,111,False,0.4831785714285714
original,qwen3.5:27b,qwen,primary_model,core,task6_incident_response_week,111,False,0.4919
utility_only,qwen3.5:27b,qwen,primary_model,core,task6_incident_response_week,111,False,0.3411
balanced,qwen3.5:27b,qwen,primary_model,core,task6_incident_response_week,111,False,0.5284714285714286
adaptation_heavy,qwen3.5:27b,qwen,primary_model,core,task6_incident_response_week,111,False,0.5047916666666667
adaptation_light,qwen3.5:27b,qwen,primary_model,core,task6_incident_response_week,111,False,0.48683333333333334
no_coherence,qwen3.5:27b,qwen,primary_model,core,task6_incident_response_week,111,False,0.48229285714285713
original,qwen3.5:27b,qwen,primary_model,core,task7_quarterly_headcount_plan,111,False,0.4305
utility_only,qwen3.5:27b,qwen,primary_model,core,task7_quarterly_headcount_plan,111,False,0.4283
balanced,qwen3.5:27b,qwen,primary_model,core,task7_quarterly_headcount_plan,111,False,0.4590285714285715
adaptation_heavy,qwen3.5:27b,qwen,primary_model,core,task7_quarterly_headcount_plan,111,False,0.4165083333333333
adaptation_light,qwen3.5:27b,qwen,primary_model,core,task7_quarterly_headcount_plan,111,False,0.45220000000000005
no_coherence,qwen3.5:27b,qwen,primary_model,core,task7_quarterly_headcount_plan,111,False,0.5508071428571428
original,qwen3.5:27b,qwen,primary_model,core,task3_startup_week,112,True,0.392
utility_only,qwen3.5:27b,qwen,primary_model,core,task3_startup_week,112,True,0.4264
balanced,qwen3.5:27b,qwen,primary_model,core,task3_startup_week,112,True,0.37433500000000003
adaptation_heavy,qwen3.5:27b,qwen,primary_model,core,task3_startup_week,112,True,0.328015
adaptation_light,qwen3.5:27b,qwen,primary_model,core,task3_startup_week,112,True,0.459615
no_coherence,qwen3.5:27b,qwen,primary_model,core,task3_startup_week,112,True,0.30952
original,qwen3.5:27b,qwen,primary_model,core,task6_incident_response_week,112,True,0.3221
utility_only,qwen3.5:27b,qwen,primary_model,core,task6_incident_response_week,112,True,0.3656
balanced,qwen3.5:27b,qwen,primary_model,core,task6_incident_response_week,112,True,0.33401000000000003
adaptation_heavy,qwen3.5:27b,qwen,primary_model,core,task6_incident_response_week,112,True,0.2943
adaptation_light,qwen3.5:27b,qwen,primary_model,core,task6_incident_response_week,112,True,0.40713
no_coherence,qwen3.5:27b,qwen,primary_model,core,task6_incident_response_week,112,True,0.26537
original,qwen3.5:27b,qwen,primary_model,core,task7_quarterly_headcount_plan,112,True,0.4449
utility_only,qwen3.5:27b,qwen,primary_model,core,task7_quarterly_headcount_plan,112,True,0.5646
balanced,qwen3.5:27b,qwen,primary_model,core,task7_quarterly_headcount_plan,112,True,0.48190500000000003
adaptation_heavy,qwen3.5:27b,qwen,primary_model,core,task7_quarterly_headcount_plan,112,True,0.403675
adaptation_light,qwen3.5:27b,qwen,primary_model,core,task7_quarterly_headcount_plan,112,True,0.5948249999999999
no_coherence,qwen3.5:27b,qwen,primary_model,core,task7_quarterly_headcount_plan,112,True,0.46053
original,qwen3.5:27b,qwen,primary_model,core,task3_startup_week,113,True,0.5077
utility_only,qwen3.5:27b,qwen,primary_model,core,task3_startup_week,113,True,0.38
balanced,qwen3.5:27b,qwen,primary_model,core,task3_startup_week,113,True,0.550295
adaptation_heavy,qwen3.5:27b,qwen,primary_model,core,task3_startup_week,113,True,0.542515
adaptation_light,qwen3.5:27b,qwen,primary_model,core,task3_startup_week,113,True,0.5038549999999999
no_coherence,qwen3.5:27b,qwen,primary_model,core,task3_startup_week,113,True,0.54266
original,qwen3.5:27b,qwen,primary_model,core,task6_incident_response_week,113,True,0.5392
utility_only,qwen3.5:27b,qwen,primary_model,core,task6_incident_response_week,113,True,0.3357
balanced,qwen3.5:27b,qwen,primary_model,core,task6_incident_response_week,113,True,0.566535
adaptation_heavy,qwen3.5:27b,qwen,primary_model,core,task6_incident_response_week,113,True,0.58721
adaptation_light,qwen3.5:27b,qwen,primary_model,core,task6_incident_response_week,113,True,0.501615
no_coherence,qwen3.5:27b,qwen,primary_model,core,task6_incident_response_week,113,True,0.468435
original,qwen3.5:27b,qwen,primary_model,core,task7_quarterly_headcount_plan,113,True,0.575
utility_only,qwen3.5:27b,qwen,primary_model,core,task7_quarterly_headcount_plan,113,True,0.4311
balanced,qwen3.5:27b,qwen,primary_model,core,task7_quarterly_headcount_plan,113,True,0.7001999999999999
adaptation_heavy,qwen3.5:27b,qwen,primary_model,core,task7_quarterly_headcount_plan,113,True,0.704565
adaptation_light,qwen3.5:27b,qwen,primary_model,core,task7_quarterly_headcount_plan,113,True,0.63458
no_coherence,qwen3.5:27b,qwen,primary_model,core,task7_quarterly_headcount_plan,113,True,0.614865
original,qwen3.5:27b,qwen,primary_model,core,task3_startup_week,114,False,0.5219
utility_only,qwen3.5:27b,qwen,primary_model,core,task3_startup_week,114,False,0.3876
balanced,qwen3.5:27b,qwen,primary_model,core,task3_startup_week,114,False,0.5715857142857143
adaptation_heavy,qwen3.5:27b,qwen,primary_model,core,task3_startup_week,114,False,0.5553833333333335
adaptation_light,qwen3.5:27b,qwen,primary_model,core,task3_startup_week,114,False,0.5307000000000001
no_coherence,qwen3.5:27b,qwen,primary_model,core,task3_startup_week,114,False,0.5081142857142856
original,qwen3.5:27b,qwen,primary_model,core,task6_incident_response_week,114,False,0.5377
utility_only,qwen3.5:27b,qwen,primary_model,core,task6_incident_response_week,114,False,0.3533
balanced,qwen3.5:27b,qwen,primary_model,core,task6_incident_response_week,114,False,0.5824571428571429
adaptation_heavy,qwen3.5:27b,qwen,primary_model,core,task6_incident_response_week,114,False,0.5667583333333334
adaptation_light,qwen3.5:27b,qwen,primary_model,core,task6_incident_response_week,114,False,0.5315333333333334
no_coherence,qwen3.5:27b,qwen,primary_model,core,task6_incident_response_week,114,False,0.49187857142857144
original,qwen3.5:27b,qwen,primary_model,core,task7_quarterly_headcount_plan,114,False,0.4318
utility_only,qwen3.5:27b,qwen,primary_model,core,task7_quarterly_headcount_plan,114,False,0.4298
balanced,qwen3.5:27b,qwen,primary_model,core,task7_quarterly_headcount_plan,114,False,0.4598857142857143
adaptation_heavy,qwen3.5:27b,qwen,primary_model,core,task7_quarterly_headcount_plan,114,False,0.41738333333333344
adaptation_light,qwen3.5:27b,qwen,primary_model,core,task7_quarterly_headcount_plan,114,False,0.45320000000000005
no_coherence,qwen3.5:27b,qwen,primary_model,core,task7_quarterly_headcount_plan,114,False,0.5519857142857143
original,qwen3.5:27b,qwen,primary_model,core,task3_startup_week,115,False,0.4761
utility_only,qwen3.5:27b,qwen,primary_model,core,task3_startup_week,115,False,0.397
balanced,qwen3.5:27b,qwen,primary_model,core,task3_startup_week,115,False,0.4962357142857144
adaptation_heavy,qwen3.5:27b,qwen,primary_model,core,task3_startup_week,115,False,0.4958583333333333
adaptation_light,qwen3.5:27b,qwen,primary_model,core,task3_startup_week,115,False,0.4741833333333334
no_coherence,qwen3.5:27b,qwen,primary_model,core,task3_startup_week,115,False,0.4405
original,qwen3.5:27b,qwen,primary_model,core,task6_incident_response_week,115,False,0.4905
utility_only,qwen3.5:27b,qwen,primary_model,core,task6_incident_response_week,115,False,0.3593
balanced,qwen3.5:27b,qwen,primary_model,core,task6_incident_response_week,115,False,0.52235
adaptation_heavy,qwen3.5:27b,qwen,primary_model,core,task6_incident_response_week,115,False,0.53185
adaptation_light,qwen3.5:27b,qwen,primary_model,core,task6_incident_response_week,115,False,0.4861166666666667
no_coherence,qwen3.5:27b,qwen,primary_model,core,task6_incident_response_week,115,False,0.40474999999999994
original,qwen3.5:27b,qwen,primary_model,core,task7_quarterly_headcount_plan,115,False,0.5348
utility_only,qwen3.5:27b,qwen,primary_model,core,task7_quarterly_headcount_plan,115,False,0.4601
balanced,qwen3.5:27b,qwen,primary_model,core,task7_quarterly_headcount_plan,115,False,0.6914857142857144
adaptation_heavy,qwen3.5:27b,qwen,primary_model,core,task7_quarterly_headcount_plan,115,False,0.6850583333333333
adaptation_light,qwen3.5:27b,qwen,primary_model,core,task7_quarterly_headcount_plan,115,False,0.6400666666666668
no_coherence,qwen3.5:27b,qwen,primary_model,core,task7_quarterly_headcount_plan,115,False,0.5757928571428572
original,qwen3.5:27b,qwen,primary_model,core,task3_startup_week,116,True,0.3685
utility_only,qwen3.5:27b,qwen,primary_model,core,task3_startup_week,116,True,0.4203
balanced,qwen3.5:27b,qwen,primary_model,core,task3_startup_week,116,True,0.35391
adaptation_heavy,qwen3.5:27b,qwen,primary_model,core,task3_startup_week,116,True,0.30539499999999997
adaptation_light,qwen3.5:27b,qwen,primary_model,core,task3_startup_week,116,True,0.43797
no_coherence,qwen3.5:27b,qwen,primary_model,core,task3_startup_week,116,True,0.313665
original,qwen3.5:27b,qwen,primary_model,core,task6_incident_response_week,116,True,0.3353
utility_only,qwen3.5:27b,qwen,primary_model,core,task6_incident_response_week,116,True,0.3774
balanced,qwen3.5:27b,qwen,primary_model,core,task6_incident_response_week,116,True,0.348225
adaptation_heavy,qwen3.5:27b,qwen,primary_model,core,task6_incident_response_week,116,True,0.30792499999999995
adaptation_light,qwen3.5:27b,qwen,primary_model,core,task6_incident_response_week,116,True,0.423705
no_coherence,qwen3.5:27b,qwen,primary_model,core,task6_incident_response_week,116,True,0.27186000000000005
original,qwen3.5:27b,qwen,primary_model,core,task7_quarterly_headcount_plan,116,True,0.413
utility_only,qwen3.5:27b,qwen,primary_model,core,task7_quarterly_headcount_plan,116,True,0.4883
balanced,qwen3.5:27b,qwen,primary_model,core,task7_quarterly_headcount_plan,116,True,0.49532
adaptation_heavy,qwen3.5:27b,qwen,primary_model,core,task7_quarterly_headcount_plan,116,True,0.420905
adaptation_light,qwen3.5:27b,qwen,primary_model,core,task7_quarterly_headcount_plan,116,True,0.5929800000000001
no_coherence,qwen3.5:27b,qwen,primary_model,core,task7_quarterly_headcount_plan,116,True,0.4185650000000001
original,qwen3.5:27b,qwen,primary_model,core,task3_startup_week,117,True,0.3026
utility_only,qwen3.5:27b,qwen,primary_model,core,task3_startup_week,117,True,0.3077
balanced,qwen3.5:27b,qwen,primary_model,core,task3_startup_week,117,True,0.29178499999999996
adaptation_heavy,qwen3.5:27b,qwen,primary_model,core,task3_startup_week,117,True,0.25639999999999996
adaptation_light,qwen3.5:27b,qwen,primary_model,core,task3_startup_week,117,True,0.353325
no_coherence,qwen3.5:27b,qwen,primary_model,core,task3_startup_week,117,True,0.229235
original,qwen3.5:27b,qwen,primary_model,core,task6_incident_response_week,117,True,0.3605
utility_only,qwen3.5:27b,qwen,primary_model,core,task6_incident_response_week,117,True,0.296
balanced,qwen3.5:27b,qwen,primary_model,core,task6_incident_response_week,117,True,0.39308
adaptation_heavy,qwen3.5:27b,qwen,primary_model,core,task6_incident_response_week,117,True,0.32828
adaptation_light,qwen3.5:27b,qwen,primary_model,core,task6_incident_response_week,117,True,0.45227999999999996
no_coherence,qwen3.5:27b,qwen,primary_model,core,task6_incident_response_week,117,True,0.31279999999999997
original,qwen3.5:27b,qwen,primary_model,core,task7_quarterly_headcount_plan,117,True,0.2586
utility_only,qwen3.5:27b,qwen,primary_model,core,task7_quarterly_headcount_plan,117,True,0.335
balanced,qwen3.5:27b,qwen,primary_model,core,task7_quarterly_headcount_plan,117,True,0.28400000000000003
adaptation_heavy,qwen3.5:27b,qwen,primary_model,core,task7_quarterly_headcount_plan,117,True,0.21725
adaptation_light,qwen3.5:27b,qwen,primary_model,core,task7_quarterly_headcount_plan,117,True,0.351
no_coherence,qwen3.5:27b,qwen,primary_model,core,task7_quarterly_headcount_plan,117,True,0.33425000000000005
original,qwen3.5:27b,qwen,primary_model,core,task3_startup_week,118,True,0.2832
utility_only,qwen3.5:27b,qwen,primary_model,core,task3_startup_week,118,True,0.3165
balanced,qwen3.5:27b,qwen,primary_model,core,task3_startup_week,118,True,0.29409
adaptation_heavy,qwen3.5:27b,qwen,primary_model,core,task3_startup_week,118,True,0.235765
adaptation_light,qwen3.5:27b,qwen,primary_model,core,task3_startup_week,118,True,0.35739
no_coherence,qwen3.5:27b,qwen,primary_model,core,task3_startup_week,118,True,0.30157500000000004
original,qwen3.5:27b,qwen,primary_model,core,task6_incident_response_week,118,True,0.3668
utility_only,qwen3.5:27b,qwen,primary_model,core,task6_incident_response_week,118,True,0.2999
balanced,qwen3.5:27b,qwen,primary_model,core,task6_incident_response_week,118,True,0.400145
adaptation_heavy,qwen3.5:27b,qwen,primary_model,core,task6_incident_response_week,118,True,0.33515
adaptation_light,qwen3.5:27b,qwen,primary_model,core,task6_incident_response_week,118,True,0.460125
no_coherence,qwen3.5:27b,qwen,primary_model,core,task6_incident_response_week,118,True,0.31494500000000003
original,qwen3.5:27b,qwen,primary_model,core,task7_quarterly_headcount_plan,118,True,0.5774
utility_only,qwen3.5:27b,qwen,primary_model,core,task7_quarterly_headcount_plan,118,True,0.3774
balanced,qwen3.5:27b,qwen,primary_model,core,task7_quarterly_headcount_plan,118,True,0.72075
adaptation_heavy,qwen3.5:27b,qwen,primary_model,core,task7_quarterly_headcount_plan,118,True,0.7418100000000001
adaptation_light,qwen3.5:27b,qwen,primary_model,core,task7_quarterly_headcount_plan,118,True,0.61637
no_coherence,qwen3.5:27b,qwen,primary_model,core,task7_quarterly_headcount_plan,118,True,0.62736
original,qwen3.5:27b,qwen,primary_model,core,task3_startup_week,119,False,0.4514
utility_only,qwen3.5:27b,qwen,primary_model,core,task3_startup_week,119,False,0.3845
balanced,qwen3.5:27b,qwen,primary_model,core,task3_startup_week,119,False,0.4608714285714286
adaptation_heavy,qwen3.5:27b,qwen,primary_model,core,task3_startup_week,119,False,0.4681416666666667
adaptation_light,qwen3.5:27b,qwen,primary_model,core,task3_startup_week,119,False,0.4439
no_coherence,qwen3.5:27b,qwen,primary_model,core,task3_startup_week,119,False,0.39853571428571427
original,qwen3.5:27b,qwen,primary_model,core,task6_incident_response_week,119,False,0.4911
utility_only,qwen3.5:27b,qwen,primary_model,core,task6_incident_response_week,119,False,0.3602
balanced,qwen3.5:27b,qwen,primary_model,core,task6_incident_response_week,119,False,0.5228642857142858
adaptation_heavy,qwen3.5:27b,qwen,primary_model,core,task6_incident_response_week,119,False,0.532375
adaptation_light,qwen3.5:27b,qwen,primary_model,core,task6_incident_response_week,119,False,0.48671666666666674
no_coherence,qwen3.5:27b,qwen,primary_model,core,task6_incident_response_week,119,False,0.40545714285714285
original,qwen3.5:27b,qwen,primary_model,core,task7_quarterly_headcount_plan,119,False,0.5201
utility_only,qwen3.5:27b,qwen,primary_model,core,task7_quarterly_headcount_plan,119,False,0.443
balanced,qwen3.5:27b,qwen,primary_model,core,task7_quarterly_headcount_plan,119,False,0.6817142857142858
adaptation_heavy,qwen3.5:27b,qwen,primary_model,core,task7_quarterly_headcount_plan,119,False,0.6750833333333334
adaptation_light,qwen3.5:27b,qwen,primary_model,core,task7_quarterly_headcount_plan,119,False,0.6286666666666667
no_coherence,qwen3.5:27b,qwen,primary_model,core,task7_quarterly_headcount_plan,119,False,0.5623571428571429
original,qwen3.5:27b,qwen,primary_model,core,task3_startup_week,120,True,0.3667
utility_only,qwen3.5:27b,qwen,primary_model,core,task3_startup_week,120,True,0.3742
balanced,qwen3.5:27b,qwen,primary_model,core,task3_startup_week,120,True,0.3718
adaptation_heavy,qwen3.5:27b,qwen,primary_model,core,task3_startup_week,120,True,0.31059
adaptation_light,qwen3.5:27b,qwen,primary_model,core,task3_startup_week,120,True,0.44664
no_coherence,qwen3.5:27b,qwen,primary_model,core,task3_startup_week,120,True,0.33331
original,qwen3.5:27b,qwen,primary_model,core,task6_incident_response_week,120,True,0.3934
utility_only,qwen3.5:27b,qwen,primary_model,core,task6_incident_response_week,120,True,0.3534
balanced,qwen3.5:27b,qwen,primary_model,core,task6_incident_response_week,120,True,0.42378000000000005
adaptation_heavy,qwen3.5:27b,qwen,primary_model,core,task6_incident_response_week,120,True,0.35611000000000004
adaptation_light,qwen3.5:27b,qwen,primary_model,core,task6_incident_response_week,120,True,0.49446
no_coherence,qwen3.5:27b,qwen,primary_model,core,task6_incident_response_week,120,True,0.34437
original,qwen3.5:27b,qwen,primary_model,core,task7_quarterly_headcount_plan,120,True,0.4141
utility_only,qwen3.5:27b,qwen,primary_model,core,task7_quarterly_headcount_plan,120,True,0.4901
balanced,qwen3.5:27b,qwen,primary_model,core,task7_quarterly_headcount_plan,120,True,0.49604
adaptation_heavy,qwen3.5:27b,qwen,primary_model,core,task7_quarterly_headcount_plan,120,True,0.421535
adaptation_light,qwen3.5:27b,qwen,primary_model,core,task7_quarterly_headcount_plan,120,True,0.59406
no_coherence,qwen3.5:27b,qwen,primary_model,core,task7_quarterly_headcount_plan,120,True,0.419555
original,qwen3.5:27b,qwen,primary_model,core,task3_startup_week,121,True,0.3893
utility_only,qwen3.5:27b,qwen,primary_model,core,task3_startup_week,121,True,0.3844
balanced,qwen3.5:27b,qwen,primary_model,core,task3_startup_week,121,True,0.398395
adaptation_heavy,qwen3.5:27b,qwen,primary_model,core,task3_startup_week,121,True,0.331675
adaptation_light,qwen3.5:27b,qwen,primary_model,core,task3_startup_week,121,True,0.475275
no_coherence,qwen3.5:27b,qwen,primary_model,core,task3_startup_week,121,True,0.35392
original,qwen3.5:27b,qwen,primary_model,core,task6_incident_response_week,121,True,0.3982
utility_only,qwen3.5:27b,qwen,primary_model,core,task6_incident_response_week,121,True,0.362
balanced,qwen3.5:27b,qwen,primary_model,core,task6_incident_response_week,121,True,0.428255
adaptation_heavy,qwen3.5:27b,qwen,primary_model,core,task6_incident_response_week,121,True,0.360155
adaptation_light,qwen3.5:27b,qwen,primary_model,core,task6_incident_response_week,121,True,0.500655
no_coherence,qwen3.5:27b,qwen,primary_model,core,task6_incident_response_week,121,True,0.34909999999999997
original,qwen3.5:27b,qwen,primary_model,core,task7_quarterly_headcount_plan,121,True,0.4948
utility_only,qwen3.5:27b,qwen,primary_model,core,task7_quarterly_headcount_plan,121,True,0.4835
balanced,qwen3.5:27b,qwen,primary_model,core,task7_quarterly_headcount_plan,121,True,0.54839
adaptation_heavy,qwen3.5:27b,qwen,primary_model,core,task7_quarterly_headcount_plan,121,True,0.517545
adaptation_light,qwen3.5:27b,qwen,primary_model,core,task7_quarterly_headcount_plan,121,True,0.55843
no_coherence,qwen3.5:27b,qwen,primary_model,core,task7_quarterly_headcount_plan,121,True,0.545915
original,qwen3.5:27b,qwen,primary_model,core,task3_startup_week,122,True,0.3076
utility_only,qwen3.5:27b,qwen,primary_model,core,task3_startup_week,122,True,0.3769
balanced,qwen3.5:27b,qwen,primary_model,core,task3_startup_week,122,True,0.299905
adaptation_heavy,qwen3.5:27b,qwen,primary_model,core,task3_startup_week,122,True,0.25106
adaptation_light,qwen3.5:27b,qwen,primary_model,core,task3_startup_week,122,True,0.375285
no_coherence,qwen3.5:27b,qwen,primary_model,core,task3_startup_week,122,True,0.29729500000000003
original,qwen3.5:27b,qwen,primary_model,core,task6_incident_response_week,122,True,0.3071
utility_only,qwen3.5:27b,qwen,primary_model,core,task6_incident_response_week,122,True,0.3381
balanced,qwen3.5:27b,qwen,primary_model,core,task6_incident_response_week,122,True,0.320235
adaptation_heavy,qwen3.5:27b,qwen,primary_model,core,task6_incident_response_week,122,True,0.2819
adaptation_light,qwen3.5:27b,qwen,primary_model,core,task6_incident_response_week,122,True,0.387855
no_coherence,qwen3.5:27b,qwen,primary_model,core,task6_incident_response_week,122,True,0.250245
original,qwen3.5:27b,qwen,primary_model,core,task7_quarterly_headcount_plan,122,True,0.6899
utility_only,qwen3.5:27b,qwen,primary_model,core,task7_quarterly_headcount_plan,122,True,0.5127
balanced,qwen3.5:27b,qwen,primary_model,core,task7_quarterly_headcount_plan,122,True,0.80508
adaptation_heavy,qwen3.5:27b,qwen,primary_model,core,task7_quarterly_headcount_plan,122,True,0.829445
adaptation_light,qwen3.5:27b,qwen,primary_model,core,task7_quarterly_headcount_plan,122,True,0.70762
no_coherence,qwen3.5:27b,qwen,primary_model,core,task7_quarterly_headcount_plan,122,True,0.731985
original,qwen3.5:27b,qwen,primary_model,core,task3_startup_week,123,True,0.4891
utility_only,qwen3.5:27b,qwen,primary_model,core,task3_startup_week,123,True,0.4089
balanced,qwen3.5:27b,qwen,primary_model,core,task3_startup_week,123,True,0.5119199999999999
adaptation_heavy,qwen3.5:27b,qwen,primary_model,core,task3_startup_week,123,True,0.528845
adaptation_light,qwen3.5:27b,qwen,primary_model,core,task3_startup_week,123,True,0.45896
no_coherence,qwen3.5:27b,qwen,primary_model,core,task3_startup_week,123,True,0.5170049999999999
original,qwen3.5:27b,qwen,primary_model,core,task6_incident_response_week,123,True,0.4045
utility_only,qwen3.5:27b,qwen,primary_model,core,task6_incident_response_week,123,True,0.3756
balanced,qwen3.5:27b,qwen,primary_model,core,task6_incident_response_week,123,True,0.433695
adaptation_heavy,qwen3.5:27b,qwen,primary_model,core,task6_incident_response_week,123,True,0.364915
adaptation_light,qwen3.5:27b,qwen,primary_model,core,task6_incident_response_week,123,True,0.508815
no_coherence,qwen3.5:27b,qwen,primary_model,core,task6_incident_response_week,123,True,0.35658
original,qwen3.5:27b,qwen,primary_model,core,task7_quarterly_headcount_plan,123,True,0.4573
utility_only,qwen3.5:27b,qwen,primary_model,core,task7_quarterly_headcount_plan,123,True,0.558
balanced,qwen3.5:27b,qwen,primary_model,core,task7_quarterly_headcount_plan,123,True,0.5232
adaptation_heavy,qwen3.5:27b,qwen,primary_model,core,task7_quarterly_headcount_plan,123,True,0.44530000000000003
adaptation_light,qwen3.5:27b,qwen,primary_model,core,task7_quarterly_headcount_plan,123,True,0.6348
no_coherence,qwen3.5:27b,qwen,primary_model,core,task7_quarterly_headcount_plan,123,True,0.4569000000000001
original,qwen3.5:27b,qwen,primary_model,core,task3_startup_week,124,False,0.4826
utility_only,qwen3.5:27b,qwen,primary_model,core,task3_startup_week,124,False,0.3917
balanced,qwen3.5:27b,qwen,primary_model,core,task3_startup_week,124,False,0.5039642857142858
adaptation_heavy,qwen3.5:27b,qwen,primary_model,core,task3_startup_week,124,False,0.5053166666666667
adaptation_light,qwen3.5:27b,qwen,primary_model,core,task3_startup_week,124,False,0.4790166666666667
no_coherence,qwen3.5:27b,qwen,primary_model,core,task3_startup_week,124,False,0.43633571428571427
original,qwen3.5:27b,qwen,primary_model,core,task6_incident_response_week,124,False,0.4872
utility_only,qwen3.5:27b,qwen,primary_model,core,task6_incident_response_week,124,False,0.3543
balanced,qwen3.5:27b,qwen,primary_model,core,task6_incident_response_week,124,False,0.5194928571428572
adaptation_heavy,qwen3.5:27b,qwen,primary_model,core,task6_incident_response_week,124,False,0.5289333333333334
adaptation_light,qwen3.5:27b,qwen,primary_model,core,task6_incident_response_week,124,False,0.48278333333333334
no_coherence,qwen3.5:27b,qwen,primary_model,core,task6_incident_response_week,124,False,0.40082142857142855
original,qwen3.5:27b,qwen,primary_model,core,task7_quarterly_headcount_plan,124,False,0.5225
utility_only,qwen3.5:27b,qwen,primary_model,core,task7_quarterly_headcount_plan,124,False,0.4458
balanced,qwen3.5:27b,qwen,primary_model,core,task7_quarterly_headcount_plan,124,False,0.6833142857142858
adaptation_heavy,qwen3.5:27b,qwen,primary_model,core,task7_quarterly_headcount_plan,124,False,0.6767166666666667
adaptation_light,qwen3.5:27b,qwen,primary_model,core,task7_quarterly_headcount_plan,124,False,0.6305333333333334
no_coherence,qwen3.5:27b,qwen,primary_model,core,task7_quarterly_headcount_plan,124,False,0.5645571428571429
original,qwen3.5:27b,qwen,primary_model,core,task3_startup_week,125,True,0.3463
utility_only,qwen3.5:27b,qwen,primary_model,core,task3_startup_week,125,True,0.3788
balanced,qwen3.5:27b,qwen,primary_model,core,task3_startup_week,125,True,0.343385
adaptation_heavy,qwen3.5:27b,qwen,primary_model,core,task3_startup_week,125,True,0.28944499999999995
adaptation_light,qwen3.5:27b,qwen,primary_model,core,task3_startup_week,125,True,0.419145
no_coherence,qwen3.5:27b,qwen,primary_model,core,task3_startup_week,125,True,0.31334
original,qwen3.5:27b,qwen,primary_model,core,task6_incident_response_week,125,True,0.3513
utility_only,qwen3.5:27b,qwen,primary_model,core,task6_incident_response_week,125,True,0.3473
balanced,qwen3.5:27b,qwen,primary_model,core,task6_incident_response_week,125,True,0.373085
adaptation_heavy,qwen3.5:27b,qwen,primary_model,core,task6_incident_response_week,125,True,0.32715
adaptation_light,qwen3.5:27b,qwen,primary_model,core,task6_incident_response_week,125,True,0.44254499999999997
no_coherence,qwen3.5:27b,qwen,primary_model,core,task6_incident_response_week,125,True,0.276725
original,qwen3.5:27b,qwen,primary_model,core,task7_quarterly_headcount_plan,125,True,0.3759
utility_only,qwen3.5:27b,qwen,primary_model,core,task7_quarterly_headcount_plan,125,True,0.4301
balanced,qwen3.5:27b,qwen,primary_model,core,task7_quarterly_headcount_plan,125,True,0.47204
adaptation_heavy,qwen3.5:27b,qwen,primary_model,core,task7_quarterly_headcount_plan,125,True,0.400535
adaptation_light,qwen3.5:27b,qwen,primary_model,core,task7_quarterly_headcount_plan,125,True,0.55806
no_coherence,qwen3.5:27b,qwen,primary_model,core,task7_quarterly_headcount_plan,125,True,0.386555
original,qwen3.5:27b,qwen,primary_model,core,task3_startup_week,126,False,0.3953
utility_only,qwen3.5:27b,qwen,primary_model,core,task3_startup_week,126,False,0.307
balanced,qwen3.5:27b,qwen,primary_model,core,task3_startup_week,126,False,0.4332785714285714
adaptation_heavy,qwen3.5:27b,qwen,primary_model,core,task3_startup_week,126,False,0.4174083333333334
adaptation_light,qwen3.5:27b,qwen,primary_model,core,task3_startup_week,126,False,0.40521666666666667
no_coherence,qwen3.5:27b,qwen,primary_model,core,task3_startup_week,126,False,0.40192857142857136
original,qwen3.5:27b,qwen,primary_model,core,task6_incident_response_week,126,False,0.5151
utility_only,qwen3.5:27b,qwen,primary_model,core,task6_incident_response_week,126,False,0.2968
balanced,qwen3.5:27b,qwen,primary_model,core,task6_incident_response_week,126,False,0.5680214285714286
adaptation_heavy,qwen3.5:27b,qwen,primary_model,core,task6_incident_response_week,126,False,0.554625
adaptation_light,qwen3.5:27b,qwen,primary_model,core,task6_incident_response_week,126,False,0.50775
no_coherence,qwen3.5:27b,qwen,primary_model,core,task6_incident_response_week,126,False,0.44748571428571426
original,qwen3.5:27b,qwen,primary_model,core,task7_quarterly_headcount_plan,126,False,0.4385
utility_only,qwen3.5:27b,qwen,primary_model,core,task7_quarterly_headcount_plan,126,False,0.3483
balanced,qwen3.5:27b,qwen,primary_model,core,task7_quarterly_headcount_plan,126,False,0.6276
adaptation_heavy,qwen3.5:27b,qwen,primary_model,core,task7_quarterly_headcount_plan,126,False,0.6198416666666666
adaptation_light,qwen3.5:27b,qwen,primary_model,core,task7_quarterly_headcount_plan,126,False,0.5655333333333333
no_coherence,qwen3.5:27b,qwen,primary_model,core,task7_quarterly_headcount_plan,126,False,0.48794999999999994
original,qwen3.5:27b,qwen,primary_model,core,task3_startup_week,127,False,0.3981
utility_only,qwen3.5:27b,qwen,primary_model,core,task3_startup_week,127,False,0.3354
balanced,qwen3.5:27b,qwen,primary_model,core,task3_startup_week,127,False,0.4107428571428572
adaptation_heavy,qwen3.5:27b,qwen,primary_model,core,task3_startup_week,127,False,0.41375
adaptation_light,qwen3.5:27b,qwen,primary_model,core,task3_startup_week,127,False,0.394
no_coherence,qwen3.5:27b,qwen,primary_model,core,task3_startup_week,127,False,0.35995714285714286
original,qwen3.5:27b,qwen,primary_model,core,task6_incident_response_week,127,False,0.5294
utility_only,qwen3.5:27b,qwen,primary_model,core,task6_incident_response_week,127,False,0.3186
balanced,qwen3.5:27b,qwen,primary_model,core,task6_incident_response_week,127,False,0.5804785714285715
adaptation_heavy,qwen3.5:27b,qwen,primary_model,core,task6_incident_response_week,127,False,0.5673416666666666
adaptation_light,qwen3.5:27b,qwen,primary_model,core,task6_incident_response_week,127,False,0.5222833333333334
no_coherence,qwen3.5:27b,qwen,primary_model,core,task6_incident_response_week,127,False,0.4646142857142857
original,qwen3.5:27b,qwen,primary_model,core,task7_quarterly_headcount_plan,127,False,0.4601
utility_only,qwen3.5:27b,qwen,primary_model,core,task7_quarterly_headcount_plan,127,False,0.3996
balanced,qwen3.5:27b,qwen,primary_model,core,task7_quarterly_headcount_plan,127,False,0.59415
adaptation_heavy,qwen3.5:27b,qwen,primary_model,core,task7_quarterly_headcount_plan,127,False,0.5765416666666666
adaptation_light,qwen3.5:27b,qwen,primary_model,core,task7_quarterly_headcount_plan,127,False,0.5509166666666667
no_coherence,qwen3.5:27b,qwen,primary_model,core,task7_quarterly_headcount_plan,127,False,0.5282571428571428
original,qwen3.5:27b,qwen,primary_model,core,task3_startup_week,128,False,0.4498
utility_only,qwen3.5:27b,qwen,primary_model,core,task3_startup_week,128,False,0.3546
balanced,qwen3.5:27b,qwen,primary_model,core,task3_startup_week,128,False,0.46695000000000003
adaptation_heavy,qwen3.5:27b,qwen,primary_model,core,task3_startup_week,128,False,0.4735583333333334
adaptation_light,qwen3.5:27b,qwen,primary_model,core,task3_startup_week,128,False,0.4419833333333334
no_coherence,qwen3.5:27b,qwen,primary_model,core,task3_startup_week,128,False,0.3857571428571429
original,qwen3.5:27b,qwen,primary_model,core,task6_incident_response_week,128,False,0.5438
utility_only,qwen3.5:27b,qwen,primary_model,core,task6_incident_response_week,128,False,0.3407
balanced,qwen3.5:27b,qwen,primary_model,core,task6_incident_response_week,128,False,0.5931071428571428
adaptation_heavy,qwen3.5:27b,qwen,primary_model,core,task6_incident_response_week,128,False,0.5802333333333334
adaptation_light,qwen3.5:27b,qwen,primary_model,core,task6_incident_response_week,128,False,0.5370166666666667
no_coherence,qwen3.5:27b,qwen,primary_model,core,task6_incident_response_week,128,False,0.4819785714285714
original,qwen3.5:27b,qwen,primary_model,core,task7_quarterly_headcount_plan,128,False,0.5291
utility_only,qwen3.5:27b,qwen,primary_model,core,task7_quarterly_headcount_plan,128,False,0.4622
balanced,qwen3.5:27b,qwen,primary_model,core,task7_quarterly_headcount_plan,128,False,0.6717714285714286
adaptation_heavy,qwen3.5:27b,qwen,primary_model,core,task7_quarterly_headcount_plan,128,False,0.6618833333333334
adaptation_light,qwen3.5:27b,qwen,primary_model,core,task7_quarterly_headcount_plan,128,False,0.6252
no_coherence,qwen3.5:27b,qwen,primary_model,core,task7_quarterly_headcount_plan,128,False,0.5774428571428571
original,qwen3.5:27b,qwen,primary_model,core,task3_startup_week,129,False,0.5107
utility_only,qwen3.5:27b,qwen,primary_model,core,task3_startup_week,129,False,0.408
balanced,qwen3.5:27b,qwen,primary_model,core,task3_startup_week,129,False,0.5531357142857143
adaptation_heavy,qwen3.5:27b,qwen,primary_model,core,task3_startup_week,129,False,0.536325
adaptation_light,qwen3.5:27b,qwen,primary_model,core,task3_startup_week,129,False,0.5208833333333334
no_coherence,qwen3.5:27b,qwen,primary_model,core,task3_startup_week,129,False,0.5134285714285715
original,qwen3.5:27b,qwen,primary_model,core,task6_incident_response_week,129,False,0.5564
utility_only,qwen3.5:27b,qwen,primary_model,core,task6_incident_response_week,129,False,0.3728
balanced,qwen3.5:27b,qwen,primary_model,core,task6_incident_response_week,129,False,0.6009285714285714
adaptation_heavy,qwen3.5:27b,qwen,primary_model,core,task6_incident_response_week,129,False,0.5866833333333334
adaptation_light,qwen3.5:27b,qwen,primary_model,core,task6_incident_response_week,129,False,0.5502333333333335
no_coherence,qwen3.5:27b,qwen,primary_model,core,task6_incident_response_week,129,False,0.5072
original,qwen3.5:27b,qwen,primary_model,core,task7_quarterly_headcount_plan,129,False,0.5616
utility_only,qwen3.5:27b,qwen,primary_model,core,task7_quarterly_headcount_plan,129,False,0.4912
balanced,qwen3.5:27b,qwen,primary_model,core,task7_quarterly_headcount_plan,129,False,0.7092571428571429
adaptation_heavy,qwen3.5:27b,qwen,primary_model,core,task7_quarterly_headcount_plan,129,False,0.7031999999999999
adaptation_light,qwen3.5:27b,qwen,primary_model,core,task7_quarterly_headcount_plan,129,False,0.6607999999999999
no_coherence,qwen3.5:27b,qwen,primary_model,core,task7_quarterly_headcount_plan,129,False,0.6002285714285713
original,qwen3.5:27b,qwen,primary_model,heldout,task3_startup_week,100,True,0.352
utility_only,qwen3.5:27b,qwen,primary_model,heldout,task3_startup_week,100,True,0.3314
balanced,qwen3.5:27b,qwen,primary_model,heldout,task3_startup_week,100,True,0.34631
adaptation_heavy,qwen3.5:27b,qwen,primary_model,heldout,task3_startup_week,100,True,0.30224
adaptation_light,qwen3.5:27b,qwen,primary_model,heldout,task3_startup_week,100,True,0.41259
no_coherence,qwen3.5:27b,qwen,primary_model,heldout,task3_startup_week,100,True,0.26477
original,qwen3.5:27b,qwen,primary_model,heldout,task6_incident_response_week,100,True,0.29
utility_only,qwen3.5:27b,qwen,primary_model,heldout,task6_incident_response_week,100,True,0.3253
balanced,qwen3.5:27b,qwen,primary_model,heldout,task6_incident_response_week,100,True,0.30133
adaptation_heavy,qwen3.5:27b,qwen,primary_model,heldout,task6_incident_response_week,100,True,0.235065
adaptation_light,qwen3.5:27b,qwen,primary_model,heldout,task6_incident_response_week,100,True,0.36639
no_coherence,qwen3.5:27b,qwen,primary_model,heldout,task6_incident_response_week,100,True,0.32891499999999996
original,qwen3.5:27b,qwen,primary_model,heldout,task7_quarterly_headcount_plan,100,True,0.3714
utility_only,qwen3.5:27b,qwen,primary_model,heldout,task7_quarterly_headcount_plan,100,True,0.423
balanced,qwen3.5:27b,qwen,primary_model,heldout,task7_quarterly_headcount_plan,100,True,0.4692
adaptation_heavy,qwen3.5:27b,qwen,primary_model,heldout,task7_quarterly_headcount_plan,100,True,0.39805
adaptation_light,qwen3.5:27b,qwen,primary_model,heldout,task7_quarterly_headcount_plan,100,True,0.5538
no_coherence,qwen3.5:27b,qwen,primary_model,heldout,task7_quarterly_headcount_plan,100,True,0.38265000000000005
original,qwen3.5:27b,qwen,primary_model,heldout,task3_startup_week,101,True,0.3748
utility_only,qwen3.5:27b,qwen,primary_model,heldout,task3_startup_week,101,True,0.3496
balanced,qwen3.5:27b,qwen,primary_model,heldout,task3_startup_week,101,True,0.36484
adaptation_heavy,qwen3.5:27b,qwen,primary_model,heldout,task3_startup_week,101,True,0.32236
adaptation_light,qwen3.5:27b,qwen,primary_model,heldout,task3_startup_week,101,True,0.43476
no_coherence,qwen3.5:27b,qwen,primary_model,heldout,task3_startup_week,101,True,0.26728
original,qwen3.5:27b,qwen,primary_model,heldout,task6_incident_response_week,101,True,0.2776
utility_only,qwen3.5:27b,qwen,primary_model,heldout,task6_incident_response_week,101,True,0.3359
balanced,qwen3.5:27b,qwen,primary_model,heldout,task6_incident_response_week,101,True,0.28436
adaptation_heavy,qwen3.5:27b,qwen,primary_model,heldout,task6_incident_response_week,101,True,0.217565
adaptation_light,qwen3.5:27b,qwen,primary_model,heldout,task6_incident_response_week,101,True,0.35153999999999996
no_coherence,qwen3.5:27b,qwen,primary_model,heldout,task6_incident_response_week,101,True,0.33474499999999996
original,qwen3.5:27b,qwen,primary_model,heldout,task7_quarterly_headcount_plan,101,True,0.3899
utility_only,qwen3.5:27b,qwen,primary_model,heldout,task7_quarterly_headcount_plan,101,True,0.452
balanced,qwen3.5:27b,qwen,primary_model,heldout,task7_quarterly_headcount_plan,101,True,0.4808
adaptation_heavy,qwen3.5:27b,qwen,primary_model,heldout,task7_quarterly_headcount_plan,101,True,0.4082
adaptation_light,qwen3.5:27b,qwen,primary_model,heldout,task7_quarterly_headcount_plan,101,True,0.5711999999999999
no_coherence,qwen3.5:27b,qwen,primary_model,heldout,task7_quarterly_headcount_plan,101,True,0.3986
original,qwen3.5:27b,qwen,primary_model,heldout,task3_startup_week,102,True,0.3441
utility_only,qwen3.5:27b,qwen,primary_model,heldout,task3_startup_week,102,True,0.3532
balanced,qwen3.5:27b,qwen,primary_model,heldout,task3_startup_week,102,True,0.33628
adaptation_heavy,qwen3.5:27b,qwen,primary_model,heldout,task3_startup_week,102,True,0.29112
adaptation_light,qwen3.5:27b,qwen,primary_model,heldout,task3_startup_week,102,True,0.40692
no_coherence,qwen3.5:27b,qwen,primary_model,heldout,task3_startup_week,102,True,0.27676
original,qwen3.5:27b,qwen,primary_model,heldout,task6_incident_response_week,102,True,0.2785
utility_only,qwen3.5:27b,qwen,primary_model,heldout,task6_incident_response_week,102,True,0.3379
balanced,qwen3.5:27b,qwen,primary_model,heldout,task6_incident_response_week,102,True,0.28515999999999997
adaptation_heavy,qwen3.5:27b,qwen,primary_model,heldout,task6_incident_response_week,102,True,0.218265
adaptation_light,qwen3.5:27b,qwen,primary_model,heldout,task6_incident_response_week,102,True,0.35273999999999994
no_coherence,qwen3.5:27b,qwen,primary_model,heldout,task6_incident_response_week,102,True,0.335845
original,qwen3.5:27b,qwen,primary_model,heldout,task7_quarterly_headcount_plan,102,True,0.6103
utility_only,qwen3.5:27b,qwen,primary_model,heldout,task7_quarterly_headcount_plan,102,True,0.4427
balanced,qwen3.5:27b,qwen,primary_model,heldout,task7_quarterly_headcount_plan,102,True,0.7367900000000001
adaptation_heavy,qwen3.5:27b,qwen,primary_model,heldout,task7_quarterly_headcount_plan,102,True,0.751225
adaptation_light,qwen3.5:27b,qwen,primary_model,heldout,task7_quarterly_headcount_plan,102,True,0.6521899999999999
no_coherence,qwen3.5:27b,qwen,primary_model,heldout,task7_quarterly_headcount_plan,102,True,0.653195
original,qwen3.5:27b,qwen,primary_model,heldout,task3_startup_week,103,False,0.6466
utility_only,qwen3.5:27b,qwen,primary_model,heldout,task3_startup_week,103,False,0.4699
balanced,qwen3.5:27b,qwen,primary_model,heldout,task3_startup_week,103,False,0.6970857142857143
adaptation_heavy,qwen3.5:27b,qwen,primary_model,heldout,task3_startup_week,103,False,0.690775
adaptation_light,qwen3.5:27b,qwen,primary_model,heldout,task3_startup_week,103,False,0.6466
no_coherence,qwen3.5:27b,qwen,primary_model,heldout,task3_startup_week,103,False,0.5834928571428571
original,qwen3.5:27b,qwen,primary_model,heldout,task6_incident_response_week,103,False,0.4156
utility_only,qwen3.5:27b,qwen,primary_model,heldout,task6_incident_response_week,103,False,0.3711
balanced,qwen3.5:27b,qwen,primary_model,heldout,task6_incident_response_week,103,False,0.42634285714285713
adaptation_heavy,qwen3.5:27b,qwen,primary_model,heldout,task6_incident_response_week,103,False,0.3831416666666667
adaptation_light,qwen3.5:27b,qwen,primary_model,heldout,task6_incident_response_week,103,False,0.4140666666666667
no_coherence,qwen3.5:27b,qwen,primary_model,heldout,task6_incident_response_week,103,False,0.5058642857142857
original,qwen3.5:27b,qwen,primary_model,heldout,task7_quarterly_headcount_plan,103,False,0.5451
utility_only,qwen3.5:27b,qwen,primary_model,heldout,task7_quarterly_headcount_plan,103,False,0.5018
balanced,qwen3.5:27b,qwen,primary_model,heldout,task7_quarterly_headcount_plan,103,False,0.6438928571428572
adaptation_heavy,qwen3.5:27b,qwen,primary_model,heldout,task7_quarterly_headcount_plan,103,False,0.6260583333333334
adaptation_light,qwen3.5:27b,qwen,primary_model,heldout,task7_quarterly_headcount_plan,103,False,0.6123166666666667
no_coherence,qwen3.5:27b,qwen,primary_model,heldout,task7_quarterly_headcount_plan,103,False,0.6085571428571428
original,qwen3.5:27b,qwen,primary_model,heldout,task3_startup_week,104,True,0.3692
utility_only,qwen3.5:27b,qwen,primary_model,heldout,task3_startup_week,104,True,0.3383
balanced,qwen3.5:27b,qwen,primary_model,heldout,task3_startup_week,104,True,0.36032
adaptation_heavy,qwen3.5:27b,qwen,primary_model,heldout,task3_startup_week,104,True,0.318405
adaptation_light,qwen3.5:27b,qwen,primary_model,heldout,task3_startup_week,104,True,0.42797999999999997
no_coherence,qwen3.5:27b,qwen,primary_model,heldout,task3_startup_week,104,True,0.261065
original,qwen3.5:27b,qwen,primary_model,heldout,task6_incident_response_week,104,True,0.263
utility_only,qwen3.5:27b,qwen,primary_model,heldout,task6_incident_response_week,104,True,0.3042
balanced,qwen3.5:27b,qwen,primary_model,heldout,task6_incident_response_week,104,True,0.27168000000000003
adaptation_heavy,qwen3.5:27b,qwen,primary_model,heldout,task6_incident_response_week,104,True,0.20647000000000001
adaptation_light,qwen3.5:27b,qwen,primary_model,heldout,task6_incident_response_week,104,True,0.33252000000000004
no_coherence,qwen3.5:27b,qwen,primary_model,heldout,task6_incident_response_week,104,True,0.31731
original,qwen3.5:27b,qwen,primary_model,heldout,task7_quarterly_headcount_plan,104,True,0.355
utility_only,qwen3.5:27b,qwen,primary_model,heldout,task7_quarterly_headcount_plan,104,True,0.3973
balanced,qwen3.5:27b,qwen,primary_model,heldout,task7_quarterly_headcount_plan,104,True,0.45892
adaptation_heavy,qwen3.5:27b,qwen,primary_model,heldout,task7_quarterly_headcount_plan,104,True,0.389055
adaptation_light,qwen3.5:27b,qwen,primary_model,heldout,task7_quarterly_headcount_plan,104,True,0.53838
no_coherence,qwen3.5:27b,qwen,primary_model,heldout,task7_quarterly_headcount_plan,104,True,0.36851500000000004
original,qwen3.5:27b,qwen,primary_model,heldout,task3_startup_week,105,True,0.3959
utility_only,qwen3.5:27b,qwen,primary_model,heldout,task3_startup_week,105,True,0.3319
balanced,qwen3.5:27b,qwen,primary_model,heldout,task3_startup_week,105,True,0.40276
adaptation_heavy,qwen3.5:27b,qwen,primary_model,heldout,task3_startup_week,105,True,0.346165
adaptation_light,qwen3.5:27b,qwen,primary_model,heldout,task3_startup_week,105,True,0.46914
no_coherence,qwen3.5:27b,qwen,primary_model,heldout,task3_startup_week,105,True,0.302545
original,qwen3.5:27b,qwen,primary_model,heldout,task6_incident_response_week,105,True,0.276
utility_only,qwen3.5:27b,qwen,primary_model,heldout,task6_incident_response_week,105,True,0.2992
balanced,qwen3.5:27b,qwen,primary_model,heldout,task6_incident_response_week,105,True,0.288655
adaptation_heavy,qwen3.5:27b,qwen,primary_model,heldout,task6_incident_response_week,105,True,0.223695
adaptation_light,qwen3.5:27b,qwen,primary_model,heldout,task6_incident_response_week,105,True,0.348495
no_coherence,qwen3.5:27b,qwen,primary_model,heldout,task6_incident_response_week,105,True,0.31456
original,qwen3.5:27b,qwen,primary_model,heldout,task7_quarterly_headcount_plan,105,True,0.5648
utility_only,qwen3.5:27b,qwen,primary_model,heldout,task7_quarterly_headcount_plan,105,True,0.382
balanced,qwen3.5:27b,qwen,primary_model,heldout,task7_quarterly_headcount_plan,105,True,0.70471
adaptation_heavy,qwen3.5:27b,qwen,primary_model,heldout,task7_quarterly_headcount_plan,105,True,0.71958
adaptation_light,qwen3.5:27b,qwen,primary_model,heldout,task7_quarterly_headcount_plan,105,True,0.61317
no_coherence,qwen3.5:27b,qwen,primary_model,heldout,task7_quarterly_headcount_plan,105,True,0.6120099999999999
original,qwen3.5:27b,qwen,primary_model,heldout,task3_startup_week,106,True,0.3762
utility_only,qwen3.5:27b,qwen,primary_model,heldout,task3_startup_week,106,True,0.4449
balanced,qwen3.5:27b,qwen,primary_model,heldout,task3_startup_week,106,True,0.36171
adaptation_heavy,qwen3.5:27b,qwen,primary_model,heldout,task3_startup_week,106,True,0.309465
adaptation_light,qwen3.5:27b,qwen,primary_model,heldout,task3_startup_week,106,True,0.45069000000000004
no_coherence,qwen3.5:27b,qwen,primary_model,heldout,task3_startup_week,106,True,0.334695
original,qwen3.5:27b,qwen,primary_model,heldout,task6_incident_response_week,106,True,0.2939
utility_only,qwen3.5:27b,qwen,primary_model,heldout,task6_incident_response_week,106,True,0.3709
balanced,qwen3.5:27b,qwen,primary_model,heldout,task6_incident_response_week,106,True,0.29836
adaptation_heavy,qwen3.5:27b,qwen,primary_model,heldout,task6_incident_response_week,106,True,0.229815
adaptation_light,qwen3.5:27b,qwen,primary_model,heldout,task6_incident_response_week,106,True,0.37254
no_coherence,qwen3.5:27b,qwen,primary_model,heldout,task6_incident_response_week,106,True,0.353995
original,qwen3.5:27b,qwen,primary_model,heldout,task7_quarterly_headcount_plan,106,True,0.4381
utility_only,qwen3.5:27b,qwen,primary_model,heldout,task7_quarterly_headcount_plan,106,True,0.5278
balanced,qwen3.5:27b,qwen,primary_model,heldout,task7_quarterly_headcount_plan,106,True,0.51112
adaptation_heavy,qwen3.5:27b,qwen,primary_model,heldout,task7_quarterly_headcount_plan,106,True,0.43473
adaptation_light,qwen3.5:27b,qwen,primary_model,heldout,task7_quarterly_headcount_plan,106,True,0.61668
no_coherence,qwen3.5:27b,qwen,primary_model,heldout,task7_quarterly_headcount_plan,106,True,0.44029000000000007
original,qwen3.5:27b,qwen,primary_model,heldout,task3_startup_week,107,True,0.4044
utility_only,qwen3.5:27b,qwen,primary_model,heldout,task3_startup_week,107,True,0.3487
balanced,qwen3.5:27b,qwen,primary_model,heldout,task3_startup_week,107,True,0.40948
adaptation_heavy,qwen3.5:27b,qwen,primary_model,heldout,task3_startup_week,107,True,0.352045
adaptation_light,qwen3.5:27b,qwen,primary_model,heldout,task3_startup_week,107,True,0.47922
no_coherence,qwen3.5:27b,qwen,primary_model,heldout,task3_startup_week,107,True,0.311785
original,qwen3.5:27b,qwen,primary_model,heldout,task6_incident_response_week,107,True,0.2736
utility_only,qwen3.5:27b,qwen,primary_model,heldout,task6_incident_response_week,107,True,0.3272
balanced,qwen3.5:27b,qwen,primary_model,heldout,task6_incident_response_week,107,True,0.28088
adaptation_heavy,qwen3.5:27b,qwen,primary_model,heldout,task6_incident_response_week,107,True,0.21452
adaptation_light,qwen3.5:27b,qwen,primary_model,heldout,task6_incident_response_week,107,True,0.34631999999999996
no_coherence,qwen3.5:27b,qwen,primary_model,heldout,task6_incident_response_week,107,True,0.32996000000000003
original,qwen3.5:27b,qwen,primary_model,heldout,task7_quarterly_headcount_plan,107,True,0.5781
utility_only,qwen3.5:27b,qwen,primary_model,heldout,task7_quarterly_headcount_plan,107,True,0.4229
balanced,qwen3.5:27b,qwen,primary_model,heldout,task7_quarterly_headcount_plan,107,True,0.70649
adaptation_heavy,qwen3.5:27b,qwen,primary_model,heldout,task7_quarterly_headcount_plan,107,True,0.7144550000000001
adaptation_light,qwen3.5:27b,qwen,primary_model,heldout,task7_quarterly_headcount_plan,107,True,0.6328499999999999
no_coherence,qwen3.5:27b,qwen,primary_model,heldout,task7_quarterly_headcount_plan,107,True,0.6199250000000001
original,qwen3.5:27b,qwen,primary_model,heldout,task3_startup_week,108,True,0.307
utility_only,qwen3.5:27b,qwen,primary_model,heldout,task3_startup_week,108,True,0.3065
balanced,qwen3.5:27b,qwen,primary_model,heldout,task3_startup_week,108,True,0.30635
adaptation_heavy,qwen3.5:27b,qwen,primary_model,heldout,task3_startup_week,108,True,0.261025
adaptation_light,qwen3.5:27b,qwen,primary_model,heldout,task3_startup_week,108,True,0.36765
no_coherence,qwen3.5:27b,qwen,primary_model,heldout,task3_startup_week,108,True,0.258575
original,qwen3.5:27b,qwen,primary_model,heldout,task6_incident_response_week,108,True,0.2566
utility_only,qwen3.5:27b,qwen,primary_model,heldout,task6_incident_response_week,108,True,0.2905
balanced,qwen3.5:27b,qwen,primary_model,heldout,task6_incident_response_week,108,True,0.2662
adaptation_heavy,qwen3.5:27b,qwen,primary_model,heldout,task6_incident_response_week,108,True,0.201675
adaptation_light,qwen3.5:27b,qwen,primary_model,heldout,task6_incident_response_week,108,True,0.3243
no_coherence,qwen3.5:27b,qwen,primary_model,heldout,task6_incident_response_week,108,True,0.309775
original,qwen3.5:27b,qwen,primary_model,heldout,task7_quarterly_headcount_plan,108,True,0.5344
utility_only,qwen3.5:27b,qwen,primary_model,heldout,task7_quarterly_headcount_plan,108,True,0.363
balanced,qwen3.5:27b,qwen,primary_model,heldout,task7_quarterly_headcount_plan,108,True,0.6760499999999999
adaptation_heavy,qwen3.5:27b,qwen,primary_model,heldout,task7_quarterly_headcount_plan,108,True,0.68485
adaptation_light,qwen3.5:27b,qwen,primary_model,heldout,task7_quarterly_headcount_plan,108,True,0.59475
no_coherence,qwen3.5:27b,qwen,primary_model,heldout,task7_quarterly_headcount_plan,108,True,0.5805
original,qwen3.5:27b,qwen,primary_model,heldout,task3_startup_week,109,True,0.3234
utility_only,qwen3.5:27b,qwen,primary_model,heldout,task3_startup_week,109,True,0.3394
balanced,qwen3.5:27b,qwen,primary_model,heldout,task3_startup_week,109,True,0.31950999999999996
adaptation_heavy,qwen3.5:27b,qwen,primary_model,heldout,task3_startup_week,109,True,0.27254
adaptation_light,qwen3.5:27b,qwen,primary_model,heldout,task3_startup_week,109,True,0.38739
no_coherence,qwen3.5:27b,qwen,primary_model,heldout,task3_startup_week,109,True,0.27666999999999997
original,qwen3.5:27b,qwen,primary_model,heldout,task6_incident_response_week,109,True,0.2728
utility_only,qwen3.5:27b,qwen,primary_model,heldout,task6_incident_response_week,109,True,0.3255
balanced,qwen3.5:27b,qwen,primary_model,heldout,task6_incident_response_week,109,True,0.2802
adaptation_heavy,qwen3.5:27b,qwen,primary_model,heldout,task6_incident_response_week,109,True,0.213925
adaptation_light,qwen3.5:27b,qwen,primary_model,heldout,task6_incident_response_week,109,True,0.3453
no_coherence,qwen3.5:27b,qwen,primary_model,heldout,task6_incident_response_week,109,True,0.329025
original,qwen3.5:27b,qwen,primary_model,heldout,task7_quarterly_headcount_plan,109,True,0.3611
utility_only,qwen3.5:27b,qwen,primary_model,heldout,task7_quarterly_headcount_plan,109,True,0.4068
balanced,qwen3.5:27b,qwen,primary_model,heldout,task7_quarterly_headcount_plan,109,True,0.46272
adaptation_heavy,qwen3.5:27b,qwen,primary_model,heldout,task7_quarterly_headcount_plan,109,True,0.39237999999999995
adaptation_light,qwen3.5:27b,qwen,primary_model,heldout,task7_quarterly_headcount_plan,109,True,0.54408
no_coherence,qwen3.5:27b,qwen,primary_model,heldout,task7_quarterly_headcount_plan,109,True,0.37374
original,deepseek-r1:1.5b,deepseek-r1,primary_model,core,task3_startup_week,100,True,0.3683
utility_only,deepseek-r1:1.5b,deepseek-r1,primary_model,core,task3_startup_week,100,True,0.3366
balanced,deepseek-r1:1.5b,deepseek-r1,primary_model,core,task3_startup_week,100,True,0.35964
adaptation_heavy,deepseek-r1:1.5b,deepseek-r1,primary_model,core,task3_startup_week,100,True,0.31781
adaptation_light,deepseek-r1:1.5b,deepseek-r1,primary_model,core,task3_startup_week,100,True,0.42696
no_coherence,deepseek-r1:1.5b,deepseek-r1,primary_model,core,task3_startup_week,100,True,0.26013000000000003
original,deepseek-r1:1.5b,deepseek-r1,primary_model,core,task6_incident_response_week,100,True,0.4017
utility_only,deepseek-r1:1.5b,deepseek-r1,primary_model,core,task6_incident_response_week,100,True,0.3404
balanced,deepseek-r1:1.5b,deepseek-r1,primary_model,core,task6_incident_response_week,100,True,0.43616
adaptation_heavy,deepseek-r1:1.5b,deepseek-r1,primary_model,core,task6_incident_response_week,100,True,0.36913999999999997
adaptation_light,deepseek-r1:1.5b,deepseek-r1,primary_model,core,task6_incident_response_week,100,True,0.50424
no_coherence,deepseek-r1:1.5b,deepseek-r1,primary_model,core,task6_incident_response_week,100,True,0.33721999999999996
original,deepseek-r1:1.5b,deepseek-r1,primary_model,core,task7_quarterly_headcount_plan,100,True,0.3715
utility_only,deepseek-r1:1.5b,deepseek-r1,primary_model,core,task7_quarterly_headcount_plan,100,True,0.4232
balanced,deepseek-r1:1.5b,deepseek-r1,primary_model,core,task7_quarterly_headcount_plan,100,True,0.46928000000000003
adaptation_heavy,deepseek-r1:1.5b,deepseek-r1,primary_model,core,task7_quarterly_headcount_plan,100,True,0.39812000000000003
adaptation_light,deepseek-r1:1.5b,deepseek-r1,primary_model,core,task7_quarterly_headcount_plan,100,True,0.55392
no_coherence,deepseek-r1:1.5b,deepseek-r1,primary_model,core,task7_quarterly_headcount_plan,100,True,0.38276
original,deepseek-r1:1.5b,deepseek-r1,primary_model,core,task3_startup_week,101,True,0.3727
utility_only,deepseek-r1:1.5b,deepseek-r1,primary_model,core,task3_startup_week,101,True,0.3454
balanced,deepseek-r1:1.5b,deepseek-r1,primary_model,core,task3_startup_week,101,True,0.36316
adaptation_heavy,deepseek-r1:1.5b,deepseek-r1,primary_model,core,task3_startup_week,101,True,0.32089
adaptation_light,deepseek-r1:1.5b,deepseek-r1,primary_model,core,task3_startup_week,101,True,0.43223999999999996
no_coherence,deepseek-r1:1.5b,deepseek-r1,primary_model,core,task3_startup_week,101,True,0.26497
original,deepseek-r1:1.5b,deepseek-r1,primary_model,core,task6_incident_response_week,101,True,0.4028
utility_only,deepseek-r1:1.5b,deepseek-r1,primary_model,core,task6_incident_response_week,101,True,0.3428
balanced,deepseek-r1:1.5b,deepseek-r1,primary_model,core,task6_incident_response_week,101,True,0.43711999999999995
adaptation_heavy,deepseek-r1:1.5b,deepseek-r1,primary_model,core,task6_incident_response_week,101,True,0.36998
adaptation_light,deepseek-r1:1.5b,deepseek-r1,primary_model,core,task6_incident_response_week,101,True,0.50568
no_coherence,deepseek-r1:1.5b,deepseek-r1,primary_model,core,task6_incident_response_week,101,True,0.33854
original,deepseek-r1:1.5b,deepseek-r1,primary_model,core,task7_quarterly_headcount_plan,101,True,0.3811
utility_only,deepseek-r1:1.5b,deepseek-r1,primary_model,core,task7_quarterly_headcount_plan,101,True,0.4383
balanced,deepseek-r1:1.5b,deepseek-r1,primary_model,core,task7_quarterly_headcount_plan,101,True,0.47532
adaptation_heavy,deepseek-r1:1.5b,deepseek-r1,primary_model,core,task7_quarterly_headcount_plan,101,True,0.403405
adaptation_light,deepseek-r1:1.5b,deepseek-r1,primary_model,core,task7_quarterly_headcount_plan,101,True,0.56298
no_coherence,deepseek-r1:1.5b,deepseek-r1,primary_model,core,task7_quarterly_headcount_plan,101,True,0.391065
original,deepseek-r1:1.5b,deepseek-r1,primary_model,core,task3_startup_week,102,True,0.3744
utility_only,deepseek-r1:1.5b,deepseek-r1,primary_model,core,task3_startup_week,102,True,0.3587
balanced,deepseek-r1:1.5b,deepseek-r1,primary_model,core,task3_startup_week,102,True,0.363545
adaptation_heavy,deepseek-r1:1.5b,deepseek-r1,primary_model,core,task3_startup_week,102,True,0.32061
adaptation_light,deepseek-r1:1.5b,deepseek-r1,primary_model,core,task3_startup_week,102,True,0.435285
no_coherence,deepseek-r1:1.5b,deepseek-r1,primary_model,core,task3_startup_week,102,True,0.272285
original,deepseek-r1:1.5b,deepseek-r1,primary_model,core,task6_incident_response_week,102,True,0.3948
utility_only,deepseek-r1:1.5b,deepseek-r1,primary_model,core,task6_incident_response_week,102,True,0.341
balanced,deepseek-r1:1.5b,deepseek-r1,primary_model,core,task6_incident_response_week,102,True,0.42761000000000005
adaptation_heavy,deepseek-r1:1.5b,deepseek-r1,primary_model,core,task6_incident_response_week,102,True,0.36056
adaptation_light,deepseek-r1:1.5b,deepseek-r1,primary_model,core,task6_incident_response_week,102,True,0.49581
no_coherence,deepseek-r1:1.5b,deepseek-r1,primary_model,core,task6_incident_response_week,102,True,0.33755
original,deepseek-r1:1.5b,deepseek-r1,primary_model,core,task7_quarterly_headcount_plan,102,True,0.6055
utility_only,deepseek-r1:1.5b,deepseek-r1,primary_model,core,task7_quarterly_headcount_plan,102,True,0.437
balanced,deepseek-r1:1.5b,deepseek-r1,primary_model,core,task7_quarterly_headcount_plan,102,True,0.73325
adaptation_heavy,deepseek-r1:1.5b,deepseek-r1,primary_model,core,task7_quarterly_headcount_plan,102,True,0.74755
adaptation_light,deepseek-r1:1.5b,deepseek-r1,primary_model,core,task7_quarterly_headcount_plan,102,True,0.64835
no_coherence,deepseek-r1:1.5b,deepseek-r1,primary_model,core,task7_quarterly_headcount_plan,102,True,0.6488
original,deepseek-r1:1.5b,deepseek-r1,primary_model,core,task3_startup_week,103,False,0.6413
utility_only,deepseek-r1:1.5b,deepseek-r1,primary_model,core,task3_startup_week,103,False,0.4619
balanced,deepseek-r1:1.5b,deepseek-r1,primary_model,core,task3_startup_week,103,False,0.6925142857142857
adaptation_heavy,deepseek-r1:1.5b,deepseek-r1,primary_model,core,task3_startup_week,103,False,0.6861083333333333
adaptation_light,deepseek-r1:1.5b,deepseek-r1,primary_model,core,task3_startup_week,103,False,0.6412666666666668
no_coherence,deepseek-r1:1.5b,deepseek-r1,primary_model,core,task3_startup_week,103,False,0.5772071428571428
original,deepseek-r1:1.5b,deepseek-r1,primary_model,core,task6_incident_response_week,103,False,0.5757
utility_only,deepseek-r1:1.5b,deepseek-r1,primary_model,core,task6_incident_response_week,103,False,0.3743
balanced,deepseek-r1:1.5b,deepseek-r1,primary_model,core,task6_incident_response_week,103,False,0.6246071428571428
adaptation_heavy,deepseek-r1:1.5b,deepseek-r1,primary_model,core,task6_incident_response_week,103,False,0.6141833333333334
adaptation_light,deepseek-r1:1.5b,deepseek-r1,primary_model,core,task6_incident_response_week,103,False,0.5689833333333334
no_coherence,deepseek-r1:1.5b,deepseek-r1,primary_model,core,task6_incident_response_week,103,False,0.5083785714285713
original,deepseek-r1:1.5b,deepseek-r1,primary_model,core,task7_quarterly_headcount_plan,103,False,0.5919
utility_only,deepseek-r1:1.5b,deepseek-r1,primary_model,core,task7_quarterly_headcount_plan,103,False,0.5263
balanced,deepseek-r1:1.5b,deepseek-r1,primary_model,core,task7_quarterly_headcount_plan,103,False,0.7293142857142857
adaptation_heavy,deepseek-r1:1.5b,deepseek-r1,primary_model,core,task7_quarterly_headcount_plan,103,False,0.723675
adaptation_light,deepseek-r1:1.5b,deepseek-r1,primary_model,core,task7_quarterly_headcount_plan,103,False,0.6842
no_coherence,deepseek-r1:1.5b,deepseek-r1,primary_model,core,task7_quarterly_headcount_plan,103,False,0.6278071428571428
original,deepseek-r1:1.5b,deepseek-r1,primary_model,core,task3_startup_week,104,True,0.3719
utility_only,deepseek-r1:1.5b,deepseek-r1,primary_model,core,task3_startup_week,104,True,0.3437
balanced,deepseek-r1:1.5b,deepseek-r1,primary_model,core,task3_startup_week,104,True,0.36248
adaptation_heavy,deepseek-r1:1.5b,deepseek-r1,primary_model,core,task3_startup_week,104,True,0.320295
adaptation_light,deepseek-r1:1.5b,deepseek-r1,primary_model,core,task3_startup_week,104,True,0.43122
no_coherence,deepseek-r1:1.5b,deepseek-r1,primary_model,core,task3_startup_week,104,True,0.264035
original,deepseek-r1:1.5b,deepseek-r1,primary_model,core,task6_incident_response_week,104,True,0.3891
utility_only,deepseek-r1:1.5b,deepseek-r1,primary_model,core,task6_incident_response_week,104,True,0.3131
balanced,deepseek-r1:1.5b,deepseek-r1,primary_model,core,task6_incident_response_week,104,True,0.42523999999999995
adaptation_heavy,deepseek-r1:1.5b,deepseek-r1,primary_model,core,task6_incident_response_week,104,True,0.359585
adaptation_light,deepseek-r1:1.5b,deepseek-r1,primary_model,core,task6_incident_response_week,104,True,0.48785999999999996
no_coherence,deepseek-r1:1.5b,deepseek-r1,primary_model,core,task6_incident_response_week,104,True,0.32220499999999996
original,deepseek-r1:1.5b,deepseek-r1,primary_model,core,task7_quarterly_headcount_plan,104,True,0.3545
utility_only,deepseek-r1:1.5b,deepseek-r1,primary_model,core,task7_quarterly_headcount_plan,104,True,0.3964
balanced,deepseek-r1:1.5b,deepseek-r1,primary_model,core,task7_quarterly_headcount_plan,104,True,0.45855999999999997
adaptation_heavy,deepseek-r1:1.5b,deepseek-r1,primary_model,core,task7_quarterly_headcount_plan,104,True,0.38874
adaptation_light,deepseek-r1:1.5b,deepseek-r1,primary_model,core,task7_quarterly_headcount_plan,104,True,0.53784
no_coherence,deepseek-r1:1.5b,deepseek-r1,primary_model,core,task7_quarterly_headcount_plan,104,True,0.36802
original,deepseek-r1:1.5b,deepseek-r1,primary_model,core,task3_startup_week,105,True,0.3624
utility_only,deepseek-r1:1.5b,deepseek-r1,primary_model,core,task3_startup_week,105,True,0.3298
balanced,deepseek-r1:1.5b,deepseek-r1,primary_model,core,task3_startup_week,105,True,0.354445
adaptation_heavy,deepseek-r1:1.5b,deepseek-r1,primary_model,core,task3_startup_week,105,True,0.312955
adaptation_light,deepseek-r1:1.5b,deepseek-r1,primary_model,core,task3_startup_week,105,True,0.420405
no_coherence,deepseek-r1:1.5b,deepseek-r1,primary_model,core,task3_startup_week,105,True,0.25639
original,deepseek-r1:1.5b,deepseek-r1,primary_model,core,task6_incident_response_week,105,True,0.3862
utility_only,deepseek-r1:1.5b,deepseek-r1,primary_model,core,task6_incident_response_week,105,True,0.3069
balanced,deepseek-r1:1.5b,deepseek-r1,primary_model,core,task6_incident_response_week,105,True,0.42276
adaptation_heavy,deepseek-r1:1.5b,deepseek-r1,primary_model,core,task6_incident_response_week,105,True,0.357415
adaptation_light,deepseek-r1:1.5b,deepseek-r1,primary_model,core,task6_incident_response_week,105,True,0.48414
no_coherence,deepseek-r1:1.5b,deepseek-r1,primary_model,core,task6_incident_response_week,105,True,0.31879500000000005
original,deepseek-r1:1.5b,deepseek-r1,primary_model,core,task7_quarterly_headcount_plan,105,True,0.5776
utility_only,deepseek-r1:1.5b,deepseek-r1,primary_model,core,task7_quarterly_headcount_plan,105,True,0.3809
balanced,deepseek-r1:1.5b,deepseek-r1,primary_model,core,task7_quarterly_headcount_plan,105,True,0.71975
adaptation_heavy,deepseek-r1:1.5b,deepseek-r1,primary_model,core,task7_quarterly_headcount_plan,105,True,0.739835
adaptation_light,deepseek-r1:1.5b,deepseek-r1,primary_model,core,task7_quarterly_headcount_plan,105,True,0.6176699999999999
no_coherence,deepseek-r1:1.5b,deepseek-r1,primary_model,core,task7_quarterly_headcount_plan,105,True,0.6268849999999999
original,deepseek-r1:1.5b,deepseek-r1,primary_model,core,task3_startup_week,106,True,0.4237
utility_only,deepseek-r1:1.5b,deepseek-r1,primary_model,core,task3_startup_week,106,True,0.4473
balanced,deepseek-r1:1.5b,deepseek-r1,primary_model,core,task3_startup_week,106,True,0.40392
adaptation_heavy,deepseek-r1:1.5b,deepseek-r1,primary_model,core,task3_startup_week,106,True,0.35655499999999996
adaptation_light,deepseek-r1:1.5b,deepseek-r1,primary_model,core,task3_startup_week,106,True,0.49337999999999993
no_coherence,deepseek-r1:1.5b,deepseek-r1,primary_model,core,task3_startup_week,106,True,0.321015
original,deepseek-r1:1.5b,deepseek-r1,primary_model,core,task6_incident_response_week,106,True,0.4075
utility_only,deepseek-r1:1.5b,deepseek-r1,primary_model,core,task6_incident_response_week,106,True,0.3683
balanced,deepseek-r1:1.5b,deepseek-r1,primary_model,core,task6_incident_response_week,106,True,0.43853
adaptation_heavy,deepseek-r1:1.5b,deepseek-r1,primary_model,core,task6_incident_response_week,106,True,0.37011499999999997
adaptation_light,deepseek-r1:1.5b,deepseek-r1,primary_model,core,task6_incident_response_week,106,True,0.51219
no_coherence,deepseek-r1:1.5b,deepseek-r1,primary_model,core,task6_incident_response_week,106,True,0.352565
original,deepseek-r1:1.5b,deepseek-r1,primary_model,core,task7_quarterly_headcount_plan,106,True,0.4253
utility_only,deepseek-r1:1.5b,deepseek-r1,primary_model,core,task7_quarterly_headcount_plan,106,True,0.5078
balanced,deepseek-r1:1.5b,deepseek-r1,primary_model,core,task7_quarterly_headcount_plan,106,True,0.50312
adaptation_heavy,deepseek-r1:1.5b,deepseek-r1,primary_model,core,task7_quarterly_headcount_plan,106,True,0.42773
adaptation_light,deepseek-r1:1.5b,deepseek-r1,primary_model,core,task7_quarterly_headcount_plan,106,True,0.60468
no_coherence,deepseek-r1:1.5b,deepseek-r1,primary_model,core,task7_quarterly_headcount_plan,106,True,0.42929000000000006
original,deepseek-r1:1.5b,deepseek-r1,primary_model,core,task3_startup_week,107,True,0.3855
utility_only,deepseek-r1:1.5b,deepseek-r1,primary_model,core,task3_startup_week,107,True,0.3411
balanced,deepseek-r1:1.5b,deepseek-r1,primary_model,core,task3_startup_week,107,True,0.38394
adaptation_heavy,deepseek-r1:1.5b,deepseek-r1,primary_model,core,task3_startup_week,107,True,0.334385
adaptation_light,deepseek-r1:1.5b,deepseek-r1,primary_model,core,task3_startup_week,107,True,0.45216
no_coherence,deepseek-r1:1.5b,deepseek-r1,primary_model,core,task3_startup_week,107,True,0.28510500000000005
original,deepseek-r1:1.5b,deepseek-r1,primary_model,core,task6_incident_response_week,107,True,0.3968
utility_only,deepseek-r1:1.5b,deepseek-r1,primary_model,core,task6_incident_response_week,107,True,0.3454
balanced,deepseek-r1:1.5b,deepseek-r1,primary_model,core,task6_incident_response_week,107,True,0.42937000000000003
adaptation_heavy,deepseek-r1:1.5b,deepseek-r1,primary_model,core,task6_incident_response_week,107,True,0.3621
adaptation_light,deepseek-r1:1.5b,deepseek-r1,primary_model,core,task6_incident_response_week,107,True,0.49844999999999995
no_coherence,deepseek-r1:1.5b,deepseek-r1,primary_model,core,task6_incident_response_week,107,True,0.33997
original,deepseek-r1:1.5b,deepseek-r1,primary_model,core,task7_quarterly_headcount_plan,107,True,0.5716
utility_only,deepseek-r1:1.5b,deepseek-r1,primary_model,core,task7_quarterly_headcount_plan,107,True,0.4178
balanced,deepseek-r1:1.5b,deepseek-r1,primary_model,core,task7_quarterly_headcount_plan,107,True,0.70067
adaptation_heavy,deepseek-r1:1.5b,deepseek-r1,primary_model,core,task7_quarterly_headcount_plan,107,True,0.70763
adaptation_light,deepseek-r1:1.5b,deepseek-r1,primary_model,core,task7_quarterly_headcount_plan,107,True,0.62853
no_coherence,deepseek-r1:1.5b,deepseek-r1,primary_model,core,task7_quarterly_headcount_plan,107,True,0.61334
original,deepseek-r1:1.5b,deepseek-r1,primary_model,core,task3_startup_week,108,True,0.3543
utility_only,deepseek-r1:1.5b,deepseek-r1,primary_model,core,task3_startup_week,108,True,0.3087
balanced,deepseek-r1:1.5b,deepseek-r1,primary_model,core,task3_startup_week,108,True,0.34848
adaptation_heavy,deepseek-r1:1.5b,deepseek-r1,primary_model,core,task3_startup_week,108,True,0.308045
adaptation_light,deepseek-r1:1.5b,deepseek-r1,primary_model,core,task3_startup_week,108,True,0.41022
no_coherence,deepseek-r1:1.5b,deepseek-r1,primary_model,core,task3_startup_week,108,True,0.24478499999999997
original,deepseek-r1:1.5b,deepseek-r1,primary_model,core,task6_incident_response_week,108,True,0.3808
utility_only,deepseek-r1:1.5b,deepseek-r1,primary_model,core,task6_incident_response_week,108,True,0.2953
balanced,deepseek-r1:1.5b,deepseek-r1,primary_model,core,task6_incident_response_week,108,True,0.41812
adaptation_heavy,deepseek-r1:1.5b,deepseek-r1,primary_model,core,task6_incident_response_week,108,True,0.353355
adaptation_light,deepseek-r1:1.5b,deepseek-r1,primary_model,core,task6_incident_response_week,108,True,0.47718
no_coherence,deepseek-r1:1.5b,deepseek-r1,primary_model,core,task6_incident_response_week,108,True,0.312415
original,deepseek-r1:1.5b,deepseek-r1,primary_model,core,task7_quarterly_headcount_plan,108,True,0.5344
utility_only,deepseek-r1:1.5b,deepseek-r1,primary_model,core,task7_quarterly_headcount_plan,108,True,0.363
balanced,deepseek-r1:1.5b,deepseek-r1,primary_model,core,task7_quarterly_headcount_plan,108,True,0.6760499999999999
adaptation_heavy,deepseek-r1:1.5b,deepseek-r1,primary_model,core,task7_quarterly_headcount_plan,108,True,0.68485
adaptation_light,deepseek-r1:1.5b,deepseek-r1,primary_model,core,task7_quarterly_headcount_plan,108,True,0.59475
no_coherence,deepseek-r1:1.5b,deepseek-r1,primary_model,core,task7_quarterly_headcount_plan,108,True,0.5805
original,deepseek-r1:1.5b,deepseek-r1,primary_model,core,task3_startup_week,109,True,0.3505
utility_only,deepseek-r1:1.5b,deepseek-r1,primary_model,core,task3_startup_week,109,True,0.3323
balanced,deepseek-r1:1.5b,deepseek-r1,primary_model,core,task3_startup_week,109,True,0.347285
adaptation_heavy,deepseek-r1:1.5b,deepseek-r1,primary_model,core,task3_startup_week,109,True,0.30067
adaptation_light,deepseek-r1:1.5b,deepseek-r1,primary_model,core,task3_startup_week,109,True,0.413745
no_coherence,deepseek-r1:1.5b,deepseek-r1,primary_model,core,task3_startup_week,109,True,0.27276500000000004
original,deepseek-r1:1.5b,deepseek-r1,primary_model,core,task6_incident_response_week,109,True,0.3986
utility_only,deepseek-r1:1.5b,deepseek-r1,primary_model,core,task6_incident_response_week,109,True,0.3338
balanced,deepseek-r1:1.5b,deepseek-r1,primary_model,core,task6_incident_response_week,109,True,0.43352
adaptation_heavy,deepseek-r1:1.5b,deepseek-r1,primary_model,core,task6_incident_response_week,109,True,0.36683
adaptation_light,deepseek-r1:1.5b,deepseek-r1,primary_model,core,task6_incident_response_week,109,True,0.50028
no_coherence,deepseek-r1:1.5b,deepseek-r1,primary_model,core,task6_incident_response_week,109,True,0.33359
original,deepseek-r1:1.5b,deepseek-r1,primary_model,core,task7_quarterly_headcount_plan,109,True,0.3605
utility_only,deepseek-r1:1.5b,deepseek-r1,primary_model,core,task7_quarterly_headcount_plan,109,True,0.4059
balanced,deepseek-r1:1.5b,deepseek-r1,primary_model,core,task7_quarterly_headcount_plan,109,True,0.46236
adaptation_heavy,deepseek-r1:1.5b,deepseek-r1,primary_model,core,task7_quarterly_headcount_plan,109,True,0.392065
adaptation_light,deepseek-r1:1.5b,deepseek-r1,primary_model,core,task7_quarterly_headcount_plan,109,True,0.5435399999999999
no_coherence,deepseek-r1:1.5b,deepseek-r1,primary_model,core,task7_quarterly_headcount_plan,109,True,0.373245
original,deepseek-r1:1.5b,deepseek-r1,primary_model,heldout,task3_startup_week,100,True,0.3521
utility_only,deepseek-r1:1.5b,deepseek-r1,primary_model,heldout,task3_startup_week,100,True,0.329
balanced,deepseek-r1:1.5b,deepseek-r1,primary_model,heldout,task3_startup_week,100,True,0.34425500000000003
adaptation_heavy,deepseek-r1:1.5b,deepseek-r1,primary_model,heldout,task3_startup_week,100,True,0.302805
adaptation_light,deepseek-r1:1.5b,deepseek-r1,primary_model,heldout,task3_startup_week,100,True,0.410055
no_coherence,deepseek-r1:1.5b,deepseek-r1,primary_model,heldout,task3_startup_week,100,True,0.25595
original,deepseek-r1:1.5b,deepseek-r1,primary_model,heldout,task6_incident_response_week,100,True,0.399
utility_only,deepseek-r1:1.5b,deepseek-r1,primary_model,heldout,task6_incident_response_week,100,True,0.3346
balanced,deepseek-r1:1.5b,deepseek-r1,primary_model,heldout,task6_incident_response_week,100,True,0.43384
adaptation_heavy,deepseek-r1:1.5b,deepseek-r1,primary_model,heldout,task6_incident_response_week,100,True,0.36711
adaptation_light,deepseek-r1:1.5b,deepseek-r1,primary_model,heldout,task6_incident_response_week,100,True,0.50076
no_coherence,deepseek-r1:1.5b,deepseek-r1,primary_model,heldout,task6_incident_response_week,100,True,0.33403000000000005
original,deepseek-r1:1.5b,deepseek-r1,primary_model,heldout,task7_quarterly_headcount_plan,100,True,0.3714
utility_only,deepseek-r1:1.5b,deepseek-r1,primary_model,heldout,task7_quarterly_headcount_plan,100,True,0.423
balanced,deepseek-r1:1.5b,deepseek-r1,primary_model,heldout,task7_quarterly_headcount_plan,100,True,0.4692
adaptation_heavy,deepseek-r1:1.5b,deepseek-r1,primary_model,heldout,task7_quarterly_headcount_plan,100,True,0.39805
adaptation_light,deepseek-r1:1.5b,deepseek-r1,primary_model,heldout,task7_quarterly_headcount_plan,100,True,0.5538
no_coherence,deepseek-r1:1.5b,deepseek-r1,primary_model,heldout,task7_quarterly_headcount_plan,100,True,0.38265000000000005
original,deepseek-r1:1.5b,deepseek-r1,primary_model,heldout,task3_startup_week,101,True,0.3723
utility_only,deepseek-r1:1.5b,deepseek-r1,primary_model,heldout,task3_startup_week,101,True,0.3496
balanced,deepseek-r1:1.5b,deepseek-r1,primary_model,heldout,task3_startup_week,101,True,0.362365
adaptation_heavy,deepseek-r1:1.5b,deepseek-r1,primary_model,heldout,task3_startup_week,101,True,0.319885
adaptation_light,deepseek-r1:1.5b,deepseek-r1,primary_model,heldout,task3_startup_week,101,True,0.432285
no_coherence,deepseek-r1:1.5b,deepseek-r1,primary_model,heldout,task3_startup_week,101,True,0.26728
original,deepseek-r1:1.5b,deepseek-r1,primary_model,heldout,task6_incident_response_week,101,True,0.3918
utility_only,deepseek-r1:1.5b,deepseek-r1,primary_model,heldout,task6_incident_response_week,101,True,0.3454
balanced,deepseek-r1:1.5b,deepseek-r1,primary_model,heldout,task6_incident_response_week,101,True,0.42316
adaptation_heavy,deepseek-r1:1.5b,deepseek-r1,primary_model,heldout,task6_incident_response_week,101,True,0.35589
adaptation_light,deepseek-r1:1.5b,deepseek-r1,primary_model,heldout,task6_incident_response_week,101,True,0.49224
no_coherence,deepseek-r1:1.5b,deepseek-r1,primary_model,heldout,task6_incident_response_week,101,True,0.33997
original,deepseek-r1:1.5b,deepseek-r1,primary_model,heldout,task7_quarterly_headcount_plan,101,True,0.3813
utility_only,deepseek-r1:1.5b,deepseek-r1,primary_model,heldout,task7_quarterly_headcount_plan,101,True,0.4385
balanced,deepseek-r1:1.5b,deepseek-r1,primary_model,heldout,task7_quarterly_headcount_plan,101,True,0.4754
adaptation_heavy,deepseek-r1:1.5b,deepseek-r1,primary_model,heldout,task7_quarterly_headcount_plan,101,True,0.40347500000000003
adaptation_light,deepseek-r1:1.5b,deepseek-r1,primary_model,heldout,task7_quarterly_headcount_plan,101,True,0.5630999999999999
no_coherence,deepseek-r1:1.5b,deepseek-r1,primary_model,heldout,task7_quarterly_headcount_plan,101,True,0.39117500000000005
original,deepseek-r1:1.5b,deepseek-r1,primary_model,heldout,task3_startup_week,102,True,0.3715
utility_only,deepseek-r1:1.5b,deepseek-r1,primary_model,heldout,task3_startup_week,102,True,0.353
balanced,deepseek-r1:1.5b,deepseek-r1,primary_model,heldout,task3_startup_week,102,True,0.361265
adaptation_heavy,deepseek-r1:1.5b,deepseek-r1,primary_model,heldout,task3_startup_week,102,True,0.318615
adaptation_light,deepseek-r1:1.5b,deepseek-r1,primary_model,heldout,task3_startup_week,102,True,0.431865
no_coherence,deepseek-r1:1.5b,deepseek-r1,primary_model,heldout,task3_startup_week,102,True,0.26915
original,deepseek-r1:1.5b,deepseek-r1,primary_model,heldout,task6_incident_response_week,102,True,0.3933
utility_only,deepseek-r1:1.5b,deepseek-r1,primary_model,heldout,task6_incident_response_week,102,True,0.3486
balanced,deepseek-r1:1.5b,deepseek-r1,primary_model,heldout,task6_incident_response_week,102,True,0.42444000000000004
adaptation_heavy,deepseek-r1:1.5b,deepseek-r1,primary_model,heldout,task6_incident_response_week,102,True,0.35701
adaptation_light,deepseek-r1:1.5b,deepseek-r1,primary_model,heldout,task6_incident_response_week,102,True,0.49416000000000004
no_coherence,deepseek-r1:1.5b,deepseek-r1,primary_model,heldout,task6_incident_response_week,102,True,0.34173000000000003
original,deepseek-r1:1.5b,deepseek-r1,primary_model,heldout,task7_quarterly_headcount_plan,102,True,0.6104
utility_only,deepseek-r1:1.5b,deepseek-r1,primary_model,heldout,task7_quarterly_headcount_plan,102,True,0.4379
balanced,deepseek-r1:1.5b,deepseek-r1,primary_model,heldout,task7_quarterly_headcount_plan,102,True,0.73853
adaptation_heavy,deepseek-r1:1.5b,deepseek-r1,primary_model,heldout,task7_quarterly_headcount_plan,102,True,0.754425
adaptation_light,deepseek-r1:1.5b,deepseek-r1,primary_model,heldout,task7_quarterly_headcount_plan,102,True,0.6505299999999999
no_coherence,deepseek-r1:1.5b,deepseek-r1,primary_model,heldout,task7_quarterly_headcount_plan,102,True,0.654215
original,deepseek-r1:1.5b,deepseek-r1,primary_model,heldout,task3_startup_week,103,False,0.632
utility_only,deepseek-r1:1.5b,deepseek-r1,primary_model,heldout,task3_startup_week,103,False,0.4699
balanced,deepseek-r1:1.5b,deepseek-r1,primary_model,heldout,task3_startup_week,103,False,0.6814
adaptation_heavy,deepseek-r1:1.5b,deepseek-r1,primary_model,heldout,task3_startup_week,103,False,0.672475
adaptation_light,deepseek-r1:1.5b,deepseek-r1,primary_model,heldout,task3_startup_week,103,False,0.6344
no_coherence,deepseek-r1:1.5b,deepseek-r1,primary_model,heldout,task3_startup_week,103,False,0.5834928571428571
original,deepseek-r1:1.5b,deepseek-r1,primary_model,heldout,task6_incident_response_week,103,False,0.5915
utility_only,deepseek-r1:1.5b,deepseek-r1,primary_model,heldout,task6_incident_response_week,103,False,0.3765
balanced,deepseek-r1:1.5b,deepseek-r1,primary_model,heldout,task6_incident_response_week,103,False,0.6437142857142858
adaptation_heavy,deepseek-r1:1.5b,deepseek-r1,primary_model,heldout,task6_incident_response_week,103,False,0.6362916666666667
adaptation_light,deepseek-r1:1.5b,deepseek-r1,primary_model,heldout,task6_incident_response_week,103,False,0.5843333333333335
no_coherence,deepseek-r1:1.5b,deepseek-r1,primary_model,heldout,task6_incident_response_week,103,False,0.5101071428571429
original,deepseek-r1:1.5b,deepseek-r1,primary_model,heldout,task7_quarterly_headcount_plan,103,False,0.5932
utility_only,deepseek-r1:1.5b,deepseek-r1,primary_model,heldout,task7_quarterly_headcount_plan,103,False,0.5279
balanced,deepseek-r1:1.5b,deepseek-r1,primary_model,heldout,task7_quarterly_headcount_plan,103,False,0.7302285714285716
adaptation_heavy,deepseek-r1:1.5b,deepseek-r1,primary_model,heldout,task7_quarterly_headcount_plan,103,False,0.7246083333333334
adaptation_light,deepseek-r1:1.5b,deepseek-r1,primary_model,heldout,task7_quarterly_headcount_plan,103,False,0.6852666666666668
no_coherence,deepseek-r1:1.5b,deepseek-r1,primary_model,heldout,task7_quarterly_headcount_plan,103,False,0.6290642857142856
original,deepseek-r1:1.5b,deepseek-r1,primary_model,heldout,task3_startup_week,104,True,0.3568
utility_only,deepseek-r1:1.5b,deepseek-r1,primary_model,heldout,task3_startup_week,104,True,0.3383
balanced,deepseek-r1:1.5b,deepseek-r1,primary_model,heldout,task3_startup_week,104,True,0.347975
adaptation_heavy,deepseek-r1:1.5b,deepseek-r1,primary_model,heldout,task3_startup_week,104,True,0.30606
adaptation_light,deepseek-r1:1.5b,deepseek-r1,primary_model,heldout,task3_startup_week,104,True,0.415635
no_coherence,deepseek-r1:1.5b,deepseek-r1,primary_model,heldout,task3_startup_week,104,True,0.261065
original,deepseek-r1:1.5b,deepseek-r1,primary_model,heldout,task6_incident_response_week,104,True,0.3742
utility_only,deepseek-r1:1.5b,deepseek-r1,primary_model,heldout,task6_incident_response_week,104,True,0.3074
balanced,deepseek-r1:1.5b,deepseek-r1,primary_model,heldout,task6_incident_response_week,104,True,0.40796
adaptation_heavy,deepseek-r1:1.5b,deepseek-r1,primary_model,heldout,task6_incident_response_week,104,True,0.34259
adaptation_light,deepseek-r1:1.5b,deepseek-r1,primary_model,heldout,task6_incident_response_week,104,True,0.46943999999999997
no_coherence,deepseek-r1:1.5b,deepseek-r1,primary_model,heldout,task6_incident_response_week,104,True,0.31907
original,deepseek-r1:1.5b,deepseek-r1,primary_model,heldout,task7_quarterly_headcount_plan,104,True,0.355
utility_only,deepseek-r1:1.5b,deepseek-r1,primary_model,heldout,task7_quarterly_headcount_plan,104,True,0.3973
balanced,deepseek-r1:1.5b,deepseek-r1,primary_model,heldout,task7_quarterly_headcount_plan,104,True,0.45892
adaptation_heavy,deepseek-r1:1.5b,deepseek-r1,primary_model,heldout,task7_quarterly_headcount_plan,104,True,0.389055
adaptation_light,deepseek-r1:1.5b,deepseek-r1,primary_model,heldout,task7_quarterly_headcount_plan,104,True,0.53838
no_coherence,deepseek-r1:1.5b,deepseek-r1,primary_model,heldout,task7_quarterly_headcount_plan,104,True,0.36851500000000004
original,deepseek-r1:1.5b,deepseek-r1,primary_model,heldout,task3_startup_week,105,True,0.3959
utility_only,deepseek-r1:1.5b,deepseek-r1,primary_model,heldout,task3_startup_week,105,True,0.3319
balanced,deepseek-r1:1.5b,deepseek-r1,primary_model,heldout,task3_startup_week,105,True,0.40276
adaptation_heavy,deepseek-r1:1.5b,deepseek-r1,primary_model,heldout,task3_startup_week,105,True,0.346165
adaptation_light,deepseek-r1:1.5b,deepseek-r1,primary_model,heldout,task3_startup_week,105,True,0.46914
no_coherence,deepseek-r1:1.5b,deepseek-r1,primary_model,heldout,task3_startup_week,105,True,0.302545
original,deepseek-r1:1.5b,deepseek-r1,primary_model,heldout,task6_incident_response_week,105,True,0.3698
utility_only,deepseek-r1:1.5b,deepseek-r1,primary_model,heldout,task6_incident_response_week,105,True,0.3024
balanced,deepseek-r1:1.5b,deepseek-r1,primary_model,heldout,task6_incident_response_week,105,True,0.40338
adaptation_heavy,deepseek-r1:1.5b,deepseek-r1,primary_model,heldout,task6_incident_response_week,105,True,0.33826
adaptation_light,deepseek-r1:1.5b,deepseek-r1,primary_model,heldout,task6_incident_response_week,105,True,0.46386
no_coherence,deepseek-r1:1.5b,deepseek-r1,primary_model,heldout,task6_incident_response_week,105,True,0.31632000000000005
original,deepseek-r1:1.5b,deepseek-r1,primary_model,heldout,task7_quarterly_headcount_plan,105,True,0.5648
utility_only,deepseek-r1:1.5b,deepseek-r1,primary_model,heldout,task7_quarterly_headcount_plan,105,True,0.382
balanced,deepseek-r1:1.5b,deepseek-r1,primary_model,heldout,task7_quarterly_headcount_plan,105,True,0.70471
adaptation_heavy,deepseek-r1:1.5b,deepseek-r1,primary_model,heldout,task7_quarterly_headcount_plan,105,True,0.71958
adaptation_light,deepseek-r1:1.5b,deepseek-r1,primary_model,heldout,task7_quarterly_headcount_plan,105,True,0.61317
no_coherence,deepseek-r1:1.5b,deepseek-r1,primary_model,heldout,task7_quarterly_headcount_plan,105,True,0.6120099999999999
original,deepseek-r1:1.5b,deepseek-r1,primary_model,heldout,task3_startup_week,106,True,0.4211
utility_only,deepseek-r1:1.5b,deepseek-r1,primary_model,heldout,task3_startup_week,106,True,0.4521
balanced,deepseek-r1:1.5b,deepseek-r1,primary_model,heldout,task3_startup_week,106,True,0.400905
adaptation_heavy,deepseek-r1:1.5b,deepseek-r1,primary_model,heldout,task3_startup_week,106,True,0.3533
adaptation_light,deepseek-r1:1.5b,deepseek-r1,primary_model,heldout,task3_startup_week,106,True,0.491325
no_coherence,deepseek-r1:1.5b,deepseek-r1,primary_model,heldout,task3_startup_week,106,True,0.323655
original,deepseek-r1:1.5b,deepseek-r1,primary_model,heldout,task6_incident_response_week,106,True,0.4178
utility_only,deepseek-r1:1.5b,deepseek-r1,primary_model,heldout,task6_incident_response_week,106,True,0.3752
balanced,deepseek-r1:1.5b,deepseek-r1,primary_model,heldout,task6_incident_response_week,106,True,0.45008
adaptation_heavy,deepseek-r1:1.5b,deepseek-r1,primary_model,heldout,task6_incident_response_week,106,True,0.38132
adaptation_light,deepseek-r1:1.5b,deepseek-r1,primary_model,heldout,task6_incident_response_week,106,True,0.52512
no_coherence,deepseek-r1:1.5b,deepseek-r1,primary_model,heldout,task6_incident_response_week,106,True,0.35636
original,deepseek-r1:1.5b,deepseek-r1,primary_model,heldout,task7_quarterly_headcount_plan,106,True,0.4314
utility_only,deepseek-r1:1.5b,deepseek-r1,primary_model,heldout,task7_quarterly_headcount_plan,106,True,0.5173
balanced,deepseek-r1:1.5b,deepseek-r1,primary_model,heldout,task7_quarterly_headcount_plan,106,True,0.50692
adaptation_heavy,deepseek-r1:1.5b,deepseek-r1,primary_model,heldout,task7_quarterly_headcount_plan,106,True,0.43105499999999997
adaptation_light,deepseek-r1:1.5b,deepseek-r1,primary_model,heldout,task7_quarterly_headcount_plan,106,True,0.6103799999999999
no_coherence,deepseek-r1:1.5b,deepseek-r1,primary_model,heldout,task7_quarterly_headcount_plan,106,True,0.434515
original,deepseek-r1:1.5b,deepseek-r1,primary_model,heldout,task3_startup_week,107,True,0.4019
utility_only,deepseek-r1:1.5b,deepseek-r1,primary_model,heldout,task3_startup_week,107,True,0.3487
balanced,deepseek-r1:1.5b,deepseek-r1,primary_model,heldout,task3_startup_week,107,True,0.407005
adaptation_heavy,deepseek-r1:1.5b,deepseek-r1,primary_model,heldout,task3_startup_week,107,True,0.34957
adaptation_light,deepseek-r1:1.5b,deepseek-r1,primary_model,heldout,task3_startup_week,107,True,0.476745
no_coherence,deepseek-r1:1.5b,deepseek-r1,primary_model,heldout,task3_startup_week,107,True,0.311785
original,deepseek-r1:1.5b,deepseek-r1,primary_model,heldout,task6_incident_response_week,107,True,0.3991
utility_only,deepseek-r1:1.5b,deepseek-r1,primary_model,heldout,task6_incident_response_week,107,True,0.3348
balanced,deepseek-r1:1.5b,deepseek-r1,primary_model,heldout,task6_incident_response_week,107,True,0.43392
adaptation_heavy,deepseek-r1:1.5b,deepseek-r1,primary_model,heldout,task6_incident_response_week,107,True,0.36718
adaptation_light,deepseek-r1:1.5b,deepseek-r1,primary_model,heldout,task6_incident_response_week,107,True,0.50088
no_coherence,deepseek-r1:1.5b,deepseek-r1,primary_model,heldout,task6_incident_response_week,107,True,0.33414
original,deepseek-r1:1.5b,deepseek-r1,primary_model,heldout,task7_quarterly_headcount_plan,107,True,0.5675
utility_only,deepseek-r1:1.5b,deepseek-r1,primary_model,heldout,task7_quarterly_headcount_plan,107,True,0.4169
balanced,deepseek-r1:1.5b,deepseek-r1,primary_model,heldout,task7_quarterly_headcount_plan,107,True,0.69623
adaptation_heavy,deepseek-r1:1.5b,deepseek-r1,primary_model,heldout,task7_quarterly_headcount_plan,107,True,0.701875
adaptation_light,deepseek-r1:1.5b,deepseek-r1,primary_model,heldout,task7_quarterly_headcount_plan,107,True,0.62663
no_coherence,deepseek-r1:1.5b,deepseek-r1,primary_model,heldout,task7_quarterly_headcount_plan,107,True,0.608765
original,deepseek-r1:1.5b,deepseek-r1,primary_model,heldout,task3_startup_week,108,True,0.3433
utility_only,deepseek-r1:1.5b,deepseek-r1,primary_model,heldout,task3_startup_week,108,True,0.3064
balanced,deepseek-r1:1.5b,deepseek-r1,primary_model,heldout,task3_startup_week,108,True,0.337675
adaptation_heavy,deepseek-r1:1.5b,deepseek-r1,primary_model,heldout,task3_startup_week,108,True,0.297355
adaptation_light,deepseek-r1:1.5b,deepseek-r1,primary_model,heldout,task3_startup_week,108,True,0.398955
no_coherence,deepseek-r1:1.5b,deepseek-r1,primary_model,heldout,task3_startup_week,108,True,0.24352000000000001
original,deepseek-r1:1.5b,deepseek-r1,primary_model,heldout,task6_incident_response_week,108,True,0.381
utility_only,deepseek-r1:1.5b,deepseek-r1,primary_model,heldout,task6_incident_response_week,108,True,0.2956
balanced,deepseek-r1:1.5b,deepseek-r1,primary_model,heldout,task6_incident_response_week,108,True,0.41824
adaptation_heavy,deepseek-r1:1.5b,deepseek-r1,primary_model,heldout,task6_incident_response_week,108,True,0.35346
adaptation_light,deepseek-r1:1.5b,deepseek-r1,primary_model,heldout,task6_incident_response_week,108,True,0.47736
no_coherence,deepseek-r1:1.5b,deepseek-r1,primary_model,heldout,task6_incident_response_week,108,True,0.31257999999999997
original,deepseek-r1:1.5b,deepseek-r1,primary_model,heldout,task7_quarterly_headcount_plan,108,True,0.5344
utility_only,deepseek-r1:1.5b,deepseek-r1,primary_model,heldout,task7_quarterly_headcount_plan,108,True,0.363
balanced,deepseek-r1:1.5b,deepseek-r1,primary_model,heldout,task7_quarterly_headcount_plan,108,True,0.6760499999999999
adaptation_heavy,deepseek-r1:1.5b,deepseek-r1,primary_model,heldout,task7_quarterly_headcount_plan,108,True,0.68485
adaptation_light,deepseek-r1:1.5b,deepseek-r1,primary_model,heldout,task7_quarterly_headcount_plan,108,True,0.59475
no_coherence,deepseek-r1:1.5b,deepseek-r1,primary_model,heldout,task7_quarterly_headcount_plan,108,True,0.5805
original,deepseek-r1:1.5b,deepseek-r1,primary_model,heldout,task3_startup_week,109,True,0.364
utility_only,deepseek-r1:1.5b,deepseek-r1,primary_model,heldout,task3_startup_week,109,True,0.333
balanced,deepseek-r1:1.5b,deepseek-r1,primary_model,heldout,task3_startup_week,109,True,0.355725
adaptation_heavy,deepseek-r1:1.5b,deepseek-r1,primary_model,heldout,task3_startup_week,109,True,0.314075
adaptation_light,deepseek-r1:1.5b,deepseek-r1,primary_model,heldout,task3_startup_week,109,True,0.422325
no_coherence,deepseek-r1:1.5b,deepseek-r1,primary_model,heldout,task3_startup_week,109,True,0.25815000000000005
original,deepseek-r1:1.5b,deepseek-r1,primary_model,heldout,task6_incident_response_week,109,True,0.4025
utility_only,deepseek-r1:1.5b,deepseek-r1,primary_model,heldout,task6_incident_response_week,109,True,0.3421
balanced,deepseek-r1:1.5b,deepseek-r1,primary_model,heldout,task6_incident_response_week,109,True,0.43684
adaptation_heavy,deepseek-r1:1.5b,deepseek-r1,primary_model,heldout,task6_incident_response_week,109,True,0.369735
adaptation_light,deepseek-r1:1.5b,deepseek-r1,primary_model,heldout,task6_incident_response_week,109,True,0.50526
no_coherence,deepseek-r1:1.5b,deepseek-r1,primary_model,heldout,task6_incident_response_week,109,True,0.338155
original,deepseek-r1:1.5b,deepseek-r1,primary_model,heldout,task7_quarterly_headcount_plan,109,True,0.3611
utility_only,deepseek-r1:1.5b,deepseek-r1,primary_model,heldout,task7_quarterly_headcount_plan,109,True,0.4068
balanced,deepseek-r1:1.5b,deepseek-r1,primary_model,heldout,task7_quarterly_headcount_plan,109,True,0.46272
adaptation_heavy,deepseek-r1:1.5b,deepseek-r1,primary_model,heldout,task7_quarterly_headcount_plan,109,True,0.39237999999999995
adaptation_light,deepseek-r1:1.5b,deepseek-r1,primary_model,heldout,task7_quarterly_headcount_plan,109,True,0.54408
no_coherence,deepseek-r1:1.5b,deepseek-r1,primary_model,heldout,task7_quarterly_headcount_plan,109,True,0.37374
original,deepseek-r1:8b,deepseek-r1,primary_model,core,task3_startup_week,100,True,0.3708
utility_only,deepseek-r1:8b,deepseek-r1,primary_model,core,task3_startup_week,100,True,0.3667
balanced,deepseek-r1:8b,deepseek-r1,primary_model,core,task3_startup_week,100,True,0.36418
adaptation_heavy,deepseek-r1:8b,deepseek-r1,primary_model,core,task3_startup_week,100,True,0.31584500000000004
adaptation_light,deepseek-r1:8b,deepseek-r1,primary_model,core,task3_startup_week,100,True,0.43752
no_coherence,deepseek-r1:8b,deepseek-r1,primary_model,core,task3_startup_week,100,True,0.291685
original,deepseek-r1:8b,deepseek-r1,primary_model,core,task6_incident_response_week,100,True,0.3702
utility_only,deepseek-r1:8b,deepseek-r1,primary_model,core,task6_incident_response_week,100,True,0.3407
balanced,deepseek-r1:8b,deepseek-r1,primary_model,core,task6_incident_response_week,100,True,0.39743
adaptation_heavy,deepseek-r1:8b,deepseek-r1,primary_model,core,task6_incident_response_week,100,True,0.330395
adaptation_light,deepseek-r1:8b,deepseek-r1,primary_model,core,task6_incident_response_week,100,True,0.46557
no_coherence,deepseek-r1:8b,deepseek-r1,primary_model,core,task6_incident_response_week,100,True,0.33738500000000005
original,deepseek-r1:8b,deepseek-r1,primary_model,core,task7_quarterly_headcount_plan,100,True,0.3715
utility_only,deepseek-r1:8b,deepseek-r1,primary_model,core,task7_quarterly_headcount_plan,100,True,0.4232
balanced,deepseek-r1:8b,deepseek-r1,primary_model,core,task7_quarterly_headcount_plan,100,True,0.46928000000000003
adaptation_heavy,deepseek-r1:8b,deepseek-r1,primary_model,core,task7_quarterly_headcount_plan,100,True,0.39812000000000003
adaptation_light,deepseek-r1:8b,deepseek-r1,primary_model,core,task7_quarterly_headcount_plan,100,True,0.55392
no_coherence,deepseek-r1:8b,deepseek-r1,primary_model,core,task7_quarterly_headcount_plan,100,True,0.38276
original,deepseek-r1:8b,deepseek-r1,primary_model,core,task3_startup_week,101,True,0.3494
utility_only,deepseek-r1:8b,deepseek-r1,primary_model,core,task3_startup_week,101,True,0.3685
balanced,deepseek-r1:8b,deepseek-r1,primary_model,core,task3_startup_week,101,True,0.362575
adaptation_heavy,deepseek-r1:8b,deepseek-r1,primary_model,core,task3_startup_week,101,True,0.29414999999999997
adaptation_light,deepseek-r1:8b,deepseek-r1,primary_model,core,task3_startup_week,101,True,0.43627499999999997
no_coherence,deepseek-r1:8b,deepseek-r1,primary_model,core,task3_startup_week,101,True,0.352675
original,deepseek-r1:8b,deepseek-r1,primary_model,core,task6_incident_response_week,101,True,0.3577
utility_only,deepseek-r1:8b,deepseek-r1,primary_model,core,task6_incident_response_week,101,True,0.3296
balanced,deepseek-r1:8b,deepseek-r1,primary_model,core,task6_incident_response_week,101,True,0.38393
adaptation_heavy,deepseek-r1:8b,deepseek-r1,primary_model,core,task6_incident_response_week,101,True,0.31745
adaptation_light,deepseek-r1:8b,deepseek-r1,primary_model,core,task6_incident_response_week,101,True,0.44984999999999997
no_coherence,deepseek-r1:8b,deepseek-r1,primary_model,core,task6_incident_response_week,101,True,0.33128
original,deepseek-r1:8b,deepseek-r1,primary_model,core,task7_quarterly_headcount_plan,101,True,0.3811
utility_only,deepseek-r1:8b,deepseek-r1,primary_model,core,task7_quarterly_headcount_plan,101,True,0.4383
balanced,deepseek-r1:8b,deepseek-r1,primary_model,core,task7_quarterly_headcount_plan,101,True,0.47532
adaptation_heavy,deepseek-r1:8b,deepseek-r1,primary_model,core,task7_quarterly_headcount_plan,101,True,0.403405
adaptation_light,deepseek-r1:8b,deepseek-r1,primary_model,core,task7_quarterly_headcount_plan,101,True,0.56298
no_coherence,deepseek-r1:8b,deepseek-r1,primary_model,core,task7_quarterly_headcount_plan,101,True,0.391065
original,deepseek-r1:8b,deepseek-r1,primary_model,core,task3_startup_week,102,True,0.373
utility_only,deepseek-r1:8b,deepseek-r1,primary_model,core,task3_startup_week,102,True,0.3806
balanced,deepseek-r1:8b,deepseek-r1,primary_model,core,task3_startup_week,102,True,0.38501
adaptation_heavy,deepseek-r1:8b,deepseek-r1,primary_model,core,task3_startup_week,102,True,0.31598
adaptation_light,deepseek-r1:8b,deepseek-r1,primary_model,core,task3_startup_week,102,True,0.46113
no_coherence,deepseek-r1:8b,deepseek-r1,primary_model,core,task3_startup_week,102,True,0.35933000000000004
original,deepseek-r1:8b,deepseek-r1,primary_model,core,task6_incident_response_week,102,True,0.3736
utility_only,deepseek-r1:8b,deepseek-r1,primary_model,core,task6_incident_response_week,102,True,0.3452
balanced,deepseek-r1:8b,deepseek-r1,primary_model,core,task6_incident_response_week,102,True,0.400745
adaptation_heavy,deepseek-r1:8b,deepseek-r1,primary_model,core,task6_incident_response_week,102,True,0.333485
adaptation_light,deepseek-r1:8b,deepseek-r1,primary_model,core,task6_incident_response_week,102,True,0.469785
no_coherence,deepseek-r1:8b,deepseek-r1,primary_model,core,task6_incident_response_week,102,True,0.33986000000000005
original,deepseek-r1:8b,deepseek-r1,primary_model,core,task7_quarterly_headcount_plan,102,True,0.3625
utility_only,deepseek-r1:8b,deepseek-r1,primary_model,core,task7_quarterly_headcount_plan,102,True,0.409
balanced,deepseek-r1:8b,deepseek-r1,primary_model,core,task7_quarterly_headcount_plan,102,True,0.4636
adaptation_heavy,deepseek-r1:8b,deepseek-r1,primary_model,core,task7_quarterly_headcount_plan,102,True,0.39315
adaptation_light,deepseek-r1:8b,deepseek-r1,primary_model,core,task7_quarterly_headcount_plan,102,True,0.5454
no_coherence,deepseek-r1:8b,deepseek-r1,primary_model,core,task7_quarterly_headcount_plan,102,True,0.37495
original,deepseek-r1:8b,deepseek-r1,primary_model,core,task3_startup_week,103,False,0.5357
utility_only,deepseek-r1:8b,deepseek-r1,primary_model,core,task3_startup_week,103,False,0.3878
balanced,deepseek-r1:8b,deepseek-r1,primary_model,core,task3_startup_week,103,False,0.5900642857142857
adaptation_heavy,deepseek-r1:8b,deepseek-r1,primary_model,core,task3_startup_week,103,False,0.5727583333333334
adaptation_light,deepseek-r1:8b,deepseek-r1,primary_model,core,task3_startup_week,103,False,0.5451166666666667
no_coherence,deepseek-r1:8b,deepseek-r1,primary_model,core,task3_startup_week,103,False,0.5189857142857143
original,deepseek-r1:8b,deepseek-r1,primary_model,core,task6_incident_response_week,103,False,0.5046
utility_only,deepseek-r1:8b,deepseek-r1,primary_model,core,task6_incident_response_week,103,False,0.364
balanced,deepseek-r1:8b,deepseek-r1,primary_model,core,task6_incident_response_week,103,False,0.5386642857142857
adaptation_heavy,deepseek-r1:8b,deepseek-r1,primary_model,core,task6_incident_response_week,103,False,0.514775
adaptation_light,deepseek-r1:8b,deepseek-r1,primary_model,core,task6_incident_response_week,103,False,0.49985
no_coherence,deepseek-r1:8b,deepseek-r1,primary_model,core,task6_incident_response_week,103,False,0.5002857142857142
original,deepseek-r1:8b,deepseek-r1,primary_model,core,task7_quarterly_headcount_plan,103,False,0.4971
utility_only,deepseek-r1:8b,deepseek-r1,primary_model,core,task7_quarterly_headcount_plan,103,False,0.4164
balanced,deepseek-r1:8b,deepseek-r1,primary_model,core,task7_quarterly_headcount_plan,103,False,0.6665142857142857
adaptation_heavy,deepseek-r1:8b,deepseek-r1,primary_model,core,task7_quarterly_headcount_plan,103,False,0.6595666666666666
adaptation_light,deepseek-r1:8b,deepseek-r1,primary_model,core,task7_quarterly_headcount_plan,103,False,0.6109333333333334
no_coherence,deepseek-r1:8b,deepseek-r1,primary_model,core,task7_quarterly_headcount_plan,103,False,0.5414571428571429
original,deepseek-r1:8b,deepseek-r1,primary_model,core,task3_startup_week,104,True,0.3774
utility_only,deepseek-r1:8b,deepseek-r1,primary_model,core,task3_startup_week,104,True,0.3342
balanced,deepseek-r1:8b,deepseek-r1,primary_model,core,task3_startup_week,104,True,0.381405
adaptation_heavy,deepseek-r1:8b,deepseek-r1,primary_model,core,task3_startup_week,104,True,0.327195
adaptation_light,deepseek-r1:8b,deepseek-r1,primary_model,core,task3_startup_week,104,True,0.448245
no_coherence,deepseek-r1:8b,deepseek-r1,primary_model,core,task3_startup_week,104,True,0.29630999999999996
original,deepseek-r1:8b,deepseek-r1,primary_model,core,task6_incident_response_week,104,True,0.3669
utility_only,deepseek-r1:8b,deepseek-r1,primary_model,core,task6_incident_response_week,104,True,0.318
balanced,deepseek-r1:8b,deepseek-r1,primary_model,core,task6_incident_response_week,104,True,0.3972
adaptation_heavy,deepseek-r1:8b,deepseek-r1,primary_model,core,task6_incident_response_week,104,True,0.3313
adaptation_light,deepseek-r1:8b,deepseek-r1,primary_model,core,task6_incident_response_week,104,True,0.4608
no_coherence,deepseek-r1:8b,deepseek-r1,primary_model,core,task6_incident_response_week,104,True,0.3249
original,deepseek-r1:8b,deepseek-r1,primary_model,core,task7_quarterly_headcount_plan,104,True,0.3545
utility_only,deepseek-r1:8b,deepseek-r1,primary_model,core,task7_quarterly_headcount_plan,104,True,0.3964
balanced,deepseek-r1:8b,deepseek-r1,primary_model,core,task7_quarterly_headcount_plan,104,True,0.45855999999999997
adaptation_heavy,deepseek-r1:8b,deepseek-r1,primary_model,core,task7_quarterly_headcount_plan,104,True,0.38874
adaptation_light,deepseek-r1:8b,deepseek-r1,primary_model,core,task7_quarterly_headcount_plan,104,True,0.53784
no_coherence,deepseek-r1:8b,deepseek-r1,primary_model,core,task7_quarterly_headcount_plan,104,True,0.36802
original,deepseek-r1:8b,deepseek-r1,primary_model,core,task3_startup_week,105,True,0.3426
utility_only,deepseek-r1:8b,deepseek-r1,primary_model,core,task3_startup_week,105,True,0.3207
balanced,deepseek-r1:8b,deepseek-r1,primary_model,core,task3_startup_week,105,True,0.34552499999999997
adaptation_heavy,deepseek-r1:8b,deepseek-r1,primary_model,core,task3_startup_week,105,True,0.29449
adaptation_light,deepseek-r1:8b,deepseek-r1,primary_model,core,task3_startup_week,105,True,0.40966499999999995
no_coherence,deepseek-r1:8b,deepseek-r1,primary_model,core,task3_startup_week,105,True,0.281385
original,deepseek-r1:8b,deepseek-r1,primary_model,core,task6_incident_response_week,105,True,0.2984
utility_only,deepseek-r1:8b,deepseek-r1,primary_model,core,task6_incident_response_week,105,True,0.2986
balanced,deepseek-r1:8b,deepseek-r1,primary_model,core,task6_incident_response_week,105,True,0.31625499999999995
adaptation_heavy,deepseek-r1:8b,deepseek-r1,primary_model,core,task6_incident_response_week,105,True,0.27275499999999997
adaptation_light,deepseek-r1:8b,deepseek-r1,primary_model,core,task6_incident_response_week,105,True,0.37597499999999995
no_coherence,deepseek-r1:8b,deepseek-r1,primary_model,core,task6_incident_response_week,105,True,0.24994
original,deepseek-r1:8b,deepseek-r1,primary_model,core,task7_quarterly_headcount_plan,105,True,0.5776
utility_only,deepseek-r1:8b,deepseek-r1,primary_model,core,task7_quarterly_headcount_plan,105,True,0.3809
balanced,deepseek-r1:8b,deepseek-r1,primary_model,core,task7_quarterly_headcount_plan,105,True,0.71975
adaptation_heavy,deepseek-r1:8b,deepseek-r1,primary_model,core,task7_quarterly_headcount_plan,105,True,0.739835
adaptation_light,deepseek-r1:8b,deepseek-r1,primary_model,core,task7_quarterly_headcount_plan,105,True,0.6176699999999999
no_coherence,deepseek-r1:8b,deepseek-r1,primary_model,core,task7_quarterly_headcount_plan,105,True,0.6268849999999999
original,deepseek-r1:8b,deepseek-r1,primary_model,core,task3_startup_week,106,True,0.3503
utility_only,deepseek-r1:8b,deepseek-r1,primary_model,core,task3_startup_week,106,True,0.4001
balanced,deepseek-r1:8b,deepseek-r1,primary_model,core,task3_startup_week,106,True,0.33777500000000005
adaptation_heavy,deepseek-r1:8b,deepseek-r1,primary_model,core,task3_startup_week,106,True,0.29027000000000003
adaptation_light,deepseek-r1:8b,deepseek-r1,primary_model,core,task3_startup_week,106,True,0.417795
no_coherence,deepseek-r1:8b,deepseek-r1,primary_model,core,task3_startup_week,106,True,0.302555
original,deepseek-r1:8b,deepseek-r1,primary_model,core,task6_incident_response_week,106,True,0.3944
utility_only,deepseek-r1:8b,deepseek-r1,primary_model,core,task6_incident_response_week,106,True,0.366
balanced,deepseek-r1:8b,deepseek-r1,primary_model,core,task6_incident_response_week,106,True,0.42283499999999996
adaptation_heavy,deepseek-r1:8b,deepseek-r1,primary_model,core,task6_incident_response_week,106,True,0.354535
adaptation_light,deepseek-r1:8b,deepseek-r1,primary_model,core,task6_incident_response_week,106,True,0.496035
no_coherence,deepseek-r1:8b,deepseek-r1,primary_model,core,task6_incident_response_week,106,True,0.3513
original,deepseek-r1:8b,deepseek-r1,primary_model,core,task7_quarterly_headcount_plan,106,True,0.4312
utility_only,deepseek-r1:8b,deepseek-r1,primary_model,core,task7_quarterly_headcount_plan,106,True,0.517
balanced,deepseek-r1:8b,deepseek-r1,primary_model,core,task7_quarterly_headcount_plan,106,True,0.5068
adaptation_heavy,deepseek-r1:8b,deepseek-r1,primary_model,core,task7_quarterly_headcount_plan,106,True,0.43095
adaptation_light,deepseek-r1:8b,deepseek-r1,primary_model,core,task7_quarterly_headcount_plan,106,True,0.6102
no_coherence,deepseek-r1:8b,deepseek-r1,primary_model,core,task7_quarterly_headcount_plan,106,True,0.43435
original,deepseek-r1:8b,deepseek-r1,primary_model,core,task3_startup_week,107,True,0.3278
utility_only,deepseek-r1:8b,deepseek-r1,primary_model,core,task3_startup_week,107,True,0.3598
balanced,deepseek-r1:8b,deepseek-r1,primary_model,core,task3_startup_week,107,True,0.32176000000000005
adaptation_heavy,deepseek-r1:8b,deepseek-r1,primary_model,core,task3_startup_week,107,True,0.27376999999999996
adaptation_light,deepseek-r1:8b,deepseek-r1,primary_model,core,task3_startup_week,107,True,0.39371999999999996
no_coherence,deepseek-r1:8b,deepseek-r1,primary_model,core,task3_startup_week,107,True,0.28789
original,deepseek-r1:8b,deepseek-r1,primary_model,core,task6_incident_response_week,107,True,0.5654
utility_only,deepseek-r1:8b,deepseek-r1,primary_model,core,task6_incident_response_week,107,True,0.3432
balanced,deepseek-r1:8b,deepseek-r1,primary_model,core,task6_incident_response_week,107,True,0.5911500000000001
adaptation_heavy,deepseek-r1:8b,deepseek-r1,primary_model,core,task6_incident_response_week,107,True,0.614765
adaptation_light,deepseek-r1:8b,deepseek-r1,primary_model,core,task6_incident_response_week,107,True,0.50681
no_coherence,deepseek-r1:8b,deepseek-r1,primary_model,core,task6_incident_response_week,107,True,0.525375
original,deepseek-r1:8b,deepseek-r1,primary_model,core,task7_quarterly_headcount_plan,107,True,0.3271
utility_only,deepseek-r1:8b,deepseek-r1,primary_model,core,task7_quarterly_headcount_plan,107,True,0.398
balanced,deepseek-r1:8b,deepseek-r1,primary_model,core,task7_quarterly_headcount_plan,107,True,0.3842
adaptation_heavy,deepseek-r1:8b,deepseek-r1,primary_model,core,task7_quarterly_headcount_plan,107,True,0.3143
adaptation_light,deepseek-r1:8b,deepseek-r1,primary_model,core,task7_quarterly_headcount_plan,107,True,0.4638
no_coherence,deepseek-r1:8b,deepseek-r1,primary_model,core,task7_quarterly_headcount_plan,107,True,0.3689
original,deepseek-r1:8b,deepseek-r1,primary_model,core,task3_startup_week,108,True,0.3435
utility_only,deepseek-r1:8b,deepseek-r1,primary_model,core,task3_startup_week,108,True,0.3206
balanced,deepseek-r1:8b,deepseek-r1,primary_model,core,task3_startup_week,108,True,0.359
adaptation_heavy,deepseek-r1:8b,deepseek-r1,primary_model,core,task3_startup_week,108,True,0.29547
adaptation_light,deepseek-r1:8b,deepseek-r1,primary_model,core,task3_startup_week,108,True,0.42312
no_coherence,deepseek-r1:8b,deepseek-r1,primary_model,core,task3_startup_week,108,True,0.31883
original,deepseek-r1:8b,deepseek-r1,primary_model,core,task6_incident_response_week,108,True,0.3336
utility_only,deepseek-r1:8b,deepseek-r1,primary_model,core,task6_incident_response_week,108,True,0.2967
balanced,deepseek-r1:8b,deepseek-r1,primary_model,core,task6_incident_response_week,108,True,0.35982000000000003
adaptation_heavy,deepseek-r1:8b,deepseek-r1,primary_model,core,task6_incident_response_week,108,True,0.294985
adaptation_light,deepseek-r1:8b,deepseek-r1,primary_model,core,task6_incident_response_week,108,True,0.41916
no_coherence,deepseek-r1:8b,deepseek-r1,primary_model,core,task6_incident_response_week,108,True,0.31318500000000005
original,deepseek-r1:8b,deepseek-r1,primary_model,core,task7_quarterly_headcount_plan,108,True,0.3199
utility_only,deepseek-r1:8b,deepseek-r1,primary_model,core,task7_quarterly_headcount_plan,108,True,0.3421
balanced,deepseek-r1:8b,deepseek-r1,primary_model,core,task7_quarterly_headcount_plan,108,True,0.43684
adaptation_heavy,deepseek-r1:8b,deepseek-r1,primary_model,core,task7_quarterly_headcount_plan,108,True,0.369735
adaptation_light,deepseek-r1:8b,deepseek-r1,primary_model,core,task7_quarterly_headcount_plan,108,True,0.50526
no_coherence,deepseek-r1:8b,deepseek-r1,primary_model,core,task7_quarterly_headcount_plan,108,True,0.338155
original,deepseek-r1:8b,deepseek-r1,primary_model,core,task3_startup_week,109,True,0.5946
utility_only,deepseek-r1:8b,deepseek-r1,primary_model,core,task3_startup_week,109,True,0.3665
balanced,deepseek-r1:8b,deepseek-r1,primary_model,core,task3_startup_week,109,True,0.648425
adaptation_heavy,deepseek-r1:8b,deepseek-r1,primary_model,core,task3_startup_week,109,True,0.6761
adaptation_light,deepseek-r1:8b,deepseek-r1,primary_model,core,task3_startup_week,109,True,0.539725
no_coherence,deepseek-r1:8b,deepseek-r1,primary_model,core,task3_startup_week,109,True,0.609575
original,deepseek-r1:8b,deepseek-r1,primary_model,core,task6_incident_response_week,109,True,0.6361
utility_only,deepseek-r1:8b,deepseek-r1,primary_model,core,task6_incident_response_week,109,True,0.3277
balanced,deepseek-r1:8b,deepseek-r1,primary_model,core,task6_incident_response_week,109,True,0.67018
adaptation_heavy,deepseek-r1:8b,deepseek-r1,primary_model,core,task6_incident_response_week,109,True,0.697975
adaptation_light,deepseek-r1:8b,deepseek-r1,primary_model,core,task6_incident_response_week,109,True,0.54736
no_coherence,deepseek-r1:8b,deepseek-r1,primary_model,core,task6_incident_response_week,109,True,0.612775
original,deepseek-r1:8b,deepseek-r1,primary_model,core,task7_quarterly_headcount_plan,109,True,0.357
utility_only,deepseek-r1:8b,deepseek-r1,primary_model,core,task7_quarterly_headcount_plan,109,True,0.4003
balanced,deepseek-r1:8b,deepseek-r1,primary_model,core,task7_quarterly_headcount_plan,109,True,0.46012
adaptation_heavy,deepseek-r1:8b,deepseek-r1,primary_model,core,task7_quarterly_headcount_plan,109,True,0.390105
adaptation_light,deepseek-r1:8b,deepseek-r1,primary_model,core,task7_quarterly_headcount_plan,109,True,0.54018
no_coherence,deepseek-r1:8b,deepseek-r1,primary_model,core,task7_quarterly_headcount_plan,109,True,0.37016499999999997
original,deepseek-r1:8b,deepseek-r1,primary_model,heldout,task3_startup_week,100,True,0.3476
utility_only,deepseek-r1:8b,deepseek-r1,primary_model,heldout,task3_startup_week,100,True,0.3721
balanced,deepseek-r1:8b,deepseek-r1,primary_model,heldout,task3_startup_week,100,True,0.34036
adaptation_heavy,deepseek-r1:8b,deepseek-r1,primary_model,heldout,task3_startup_week,100,True,0.291755
adaptation_light,deepseek-r1:8b,deepseek-r1,primary_model,heldout,task3_startup_week,100,True,0.41478
no_coherence,deepseek-r1:8b,deepseek-r1,primary_model,heldout,task3_startup_week,100,True,0.294655
original,deepseek-r1:8b,deepseek-r1,primary_model,heldout,task6_incident_response_week,100,True,0.3848
utility_only,deepseek-r1:8b,deepseek-r1,primary_model,heldout,task6_incident_response_week,100,True,0.3412
balanced,deepseek-r1:8b,deepseek-r1,primary_model,heldout,task6_incident_response_week,100,True,0.41524000000000005
adaptation_heavy,deepseek-r1:8b,deepseek-r1,primary_model,heldout,task6_incident_response_week,100,True,0.34818000000000005
adaptation_light,deepseek-r1:8b,deepseek-r1,primary_model,heldout,task6_incident_response_week,100,True,0.48348
no_coherence,deepseek-r1:8b,deepseek-r1,primary_model,heldout,task6_incident_response_week,100,True,0.33766
original,deepseek-r1:8b,deepseek-r1,primary_model,heldout,task7_quarterly_headcount_plan,100,True,0.3714
utility_only,deepseek-r1:8b,deepseek-r1,primary_model,heldout,task7_quarterly_headcount_plan,100,True,0.423
balanced,deepseek-r1:8b,deepseek-r1,primary_model,heldout,task7_quarterly_headcount_plan,100,True,0.4692
adaptation_heavy,deepseek-r1:8b,deepseek-r1,primary_model,heldout,task7_quarterly_headcount_plan,100,True,0.39805
adaptation_light,deepseek-r1:8b,deepseek-r1,primary_model,heldout,task7_quarterly_headcount_plan,100,True,0.5538
no_coherence,deepseek-r1:8b,deepseek-r1,primary_model,heldout,task7_quarterly_headcount_plan,100,True,0.38265000000000005
original,deepseek-r1:8b,deepseek-r1,primary_model,heldout,task3_startup_week,101,True,0.4088
utility_only,deepseek-r1:8b,deepseek-r1,primary_model,heldout,task3_startup_week,101,True,0.3892
balanced,deepseek-r1:8b,deepseek-r1,primary_model,heldout,task3_startup_week,101,True,0.41983000000000004
adaptation_heavy,deepseek-r1:8b,deepseek-r1,primary_model,heldout,task3_startup_week,101,True,0.35036999999999996
adaptation_light,deepseek-r1:8b,deepseek-r1,primary_model,heldout,task3_startup_week,101,True,0.49766999999999995
no_coherence,deepseek-r1:8b,deepseek-r1,primary_model,heldout,task3_startup_week,101,True,0.36406
original,deepseek-r1:8b,deepseek-r1,primary_model,heldout,task6_incident_response_week,101,True,0.3912
utility_only,deepseek-r1:8b,deepseek-r1,primary_model,heldout,task6_incident_response_week,101,True,0.3594
balanced,deepseek-r1:8b,deepseek-r1,primary_model,heldout,task6_incident_response_week,101,True,0.41996999999999995
adaptation_heavy,deepseek-r1:8b,deepseek-r1,primary_model,heldout,task6_incident_response_week,101,True,0.352
adaptation_light,deepseek-r1:8b,deepseek-r1,primary_model,heldout,task6_incident_response_week,101,True,0.49185
no_coherence,deepseek-r1:8b,deepseek-r1,primary_model,heldout,task6_incident_response_week,101,True,0.34767000000000003
original,deepseek-r1:8b,deepseek-r1,primary_model,heldout,task7_quarterly_headcount_plan,101,True,0.3813
utility_only,deepseek-r1:8b,deepseek-r1,primary_model,heldout,task7_quarterly_headcount_plan,101,True,0.4385
balanced,deepseek-r1:8b,deepseek-r1,primary_model,heldout,task7_quarterly_headcount_plan,101,True,0.4754
adaptation_heavy,deepseek-r1:8b,deepseek-r1,primary_model,heldout,task7_quarterly_headcount_plan,101,True,0.40347500000000003
adaptation_light,deepseek-r1:8b,deepseek-r1,primary_model,heldout,task7_quarterly_headcount_plan,101,True,0.5630999999999999
no_coherence,deepseek-r1:8b,deepseek-r1,primary_model,heldout,task7_quarterly_headcount_plan,101,True,0.39117500000000005
original,deepseek-r1:8b,deepseek-r1,primary_model,heldout,task3_startup_week,102,True,0.4157
utility_only,deepseek-r1:8b,deepseek-r1,primary_model,heldout,task3_startup_week,102,True,0.3856
balanced,deepseek-r1:8b,deepseek-r1,primary_model,heldout,task3_startup_week,102,True,0.42718
adaptation_heavy,deepseek-r1:8b,deepseek-r1,primary_model,heldout,task3_startup_week,102,True,0.3579
adaptation_light,deepseek-r1:8b,deepseek-r1,primary_model,heldout,task3_startup_week,102,True,0.5043
no_coherence,deepseek-r1:8b,deepseek-r1,primary_model,heldout,task3_startup_week,102,True,0.36208
original,deepseek-r1:8b,deepseek-r1,primary_model,heldout,task6_incident_response_week,102,True,0.3862
utility_only,deepseek-r1:8b,deepseek-r1,primary_model,heldout,task6_incident_response_week,102,True,0.3529
balanced,deepseek-r1:8b,deepseek-r1,primary_model,heldout,task6_incident_response_week,102,True,0.41497
adaptation_heavy,deepseek-r1:8b,deepseek-r1,primary_model,heldout,task6_incident_response_week,102,True,0.347325
adaptation_light,deepseek-r1:8b,deepseek-r1,primary_model,heldout,task6_incident_response_week,102,True,0.48555
no_coherence,deepseek-r1:8b,deepseek-r1,primary_model,heldout,task6_incident_response_week,102,True,0.34409500000000004
original,deepseek-r1:8b,deepseek-r1,primary_model,heldout,task7_quarterly_headcount_plan,102,True,0.6104
utility_only,deepseek-r1:8b,deepseek-r1,primary_model,heldout,task7_quarterly_headcount_plan,102,True,0.4379
balanced,deepseek-r1:8b,deepseek-r1,primary_model,heldout,task7_quarterly_headcount_plan,102,True,0.73853
adaptation_heavy,deepseek-r1:8b,deepseek-r1,primary_model,heldout,task7_quarterly_headcount_plan,102,True,0.754425
adaptation_light,deepseek-r1:8b,deepseek-r1,primary_model,heldout,task7_quarterly_headcount_plan,102,True,0.6505299999999999
no_coherence,deepseek-r1:8b,deepseek-r1,primary_model,heldout,task7_quarterly_headcount_plan,102,True,0.654215
original,deepseek-r1:8b,deepseek-r1,primary_model,heldout,task3_startup_week,103,False,0.542
utility_only,deepseek-r1:8b,deepseek-r1,primary_model,heldout,task3_startup_week,103,False,0.4423
balanced,deepseek-r1:8b,deepseek-r1,primary_model,heldout,task3_startup_week,103,False,0.588957142857143
adaptation_heavy,deepseek-r1:8b,deepseek-r1,primary_model,heldout,task3_startup_week,103,False,0.566925
adaptation_light,deepseek-r1:8b,deepseek-r1,primary_model,heldout,task3_startup_week,103,False,0.5563666666666667
no_coherence,deepseek-r1:8b,deepseek-r1,primary_model,heldout,task3_startup_week,103,False,0.5618071428571428
original,deepseek-r1:8b,deepseek-r1,primary_model,heldout,task6_incident_response_week,103,False,0.5366
utility_only,deepseek-r1:8b,deepseek-r1,primary_model,heldout,task6_incident_response_week,103,False,0.3832
balanced,deepseek-r1:8b,deepseek-r1,primary_model,heldout,task6_incident_response_week,103,False,0.5737857142857143
adaptation_heavy,deepseek-r1:8b,deepseek-r1,primary_model,heldout,task6_incident_response_week,103,False,0.55415
adaptation_light,deepseek-r1:8b,deepseek-r1,primary_model,heldout,task6_incident_response_week,103,False,0.5314333333333334
no_coherence,deepseek-r1:8b,deepseek-r1,primary_model,heldout,task6_incident_response_week,103,False,0.5153714285714285
original,deepseek-r1:8b,deepseek-r1,primary_model,heldout,task7_quarterly_headcount_plan,103,False,0.5932
utility_only,deepseek-r1:8b,deepseek-r1,primary_model,heldout,task7_quarterly_headcount_plan,103,False,0.5279
balanced,deepseek-r1:8b,deepseek-r1,primary_model,heldout,task7_quarterly_headcount_plan,103,False,0.7302285714285716
adaptation_heavy,deepseek-r1:8b,deepseek-r1,primary_model,heldout,task7_quarterly_headcount_plan,103,False,0.7246083333333334
adaptation_light,deepseek-r1:8b,deepseek-r1,primary_model,heldout,task7_quarterly_headcount_plan,103,False,0.6852666666666668
no_coherence,deepseek-r1:8b,deepseek-r1,primary_model,heldout,task7_quarterly_headcount_plan,103,False,0.6290642857142856
original,deepseek-r1:8b,deepseek-r1,primary_model,heldout,task3_startup_week,104,True,0.3668
utility_only,deepseek-r1:8b,deepseek-r1,primary_model,heldout,task3_startup_week,104,True,0.344
balanced,deepseek-r1:8b,deepseek-r1,primary_model,heldout,task3_startup_week,104,True,0.37238
adaptation_heavy,deepseek-r1:8b,deepseek-r1,primary_model,heldout,task3_startup_week,104,True,0.31518
adaptation_light,deepseek-r1:8b,deepseek-r1,primary_model,heldout,task3_startup_week,104,True,0.44117999999999996
no_coherence,deepseek-r1:8b,deepseek-r1,primary_model,heldout,task3_startup_week,104,True,0.30920000000000003
original,deepseek-r1:8b,deepseek-r1,primary_model,heldout,task6_incident_response_week,104,True,0.3564
utility_only,deepseek-r1:8b,deepseek-r1,primary_model,heldout,task6_incident_response_week,104,True,0.31
balanced,deepseek-r1:8b,deepseek-r1,primary_model,heldout,task6_incident_response_week,104,True,0.3856
adaptation_heavy,deepseek-r1:8b,deepseek-r1,primary_model,heldout,task6_incident_response_week,104,True,0.3201
adaptation_light,deepseek-r1:8b,deepseek-r1,primary_model,heldout,task6_incident_response_week,104,True,0.4476
no_coherence,deepseek-r1:8b,deepseek-r1,primary_model,heldout,task6_incident_response_week,104,True,0.3205
original,deepseek-r1:8b,deepseek-r1,primary_model,heldout,task7_quarterly_headcount_plan,104,True,0.355
utility_only,deepseek-r1:8b,deepseek-r1,primary_model,heldout,task7_quarterly_headcount_plan,104,True,0.3973
balanced,deepseek-r1:8b,deepseek-r1,primary_model,heldout,task7_quarterly_headcount_plan,104,True,0.45892
adaptation_heavy,deepseek-r1:8b,deepseek-r1,primary_model,heldout,task7_quarterly_headcount_plan,104,True,0.389055
adaptation_light,deepseek-r1:8b,deepseek-r1,primary_model,heldout,task7_quarterly_headcount_plan,104,True,0.53838
no_coherence,deepseek-r1:8b,deepseek-r1,primary_model,heldout,task7_quarterly_headcount_plan,104,True,0.36851500000000004
original,deepseek-r1:8b,deepseek-r1,primary_model,heldout,task3_startup_week,105,True,0.5781
utility_only,deepseek-r1:8b,deepseek-r1,primary_model,heldout,task3_startup_week,105,True,0.3167
balanced,deepseek-r1:8b,deepseek-r1,primary_model,heldout,task3_startup_week,105,True,0.6396499999999999
adaptation_heavy,deepseek-r1:8b,deepseek-r1,primary_model,heldout,task3_startup_week,105,True,0.6601950000000001
adaptation_light,deepseek-r1:8b,deepseek-r1,primary_model,heldout,task3_startup_week,105,True,0.53023
no_coherence,deepseek-r1:8b,deepseek-r1,primary_model,heldout,task3_startup_week,105,True,0.583325
original,deepseek-r1:8b,deepseek-r1,primary_model,heldout,task6_incident_response_week,105,True,0.6263
utility_only,deepseek-r1:8b,deepseek-r1,primary_model,heldout,task6_incident_response_week,105,True,0.3043
balanced,deepseek-r1:8b,deepseek-r1,primary_model,heldout,task6_incident_response_week,105,True,0.664705
adaptation_heavy,deepseek-r1:8b,deepseek-r1,primary_model,heldout,task6_incident_response_week,105,True,0.6892600000000001
adaptation_light,deepseek-r1:8b,deepseek-r1,primary_model,heldout,task6_incident_response_week,105,True,0.546025
no_coherence,deepseek-r1:8b,deepseek-r1,primary_model,heldout,task6_incident_response_week,105,True,0.5866750000000001
original,deepseek-r1:8b,deepseek-r1,primary_model,heldout,task7_quarterly_headcount_plan,105,True,0.5648
utility_only,deepseek-r1:8b,deepseek-r1,primary_model,heldout,task7_quarterly_headcount_plan,105,True,0.382
balanced,deepseek-r1:8b,deepseek-r1,primary_model,heldout,task7_quarterly_headcount_plan,105,True,0.70471
adaptation_heavy,deepseek-r1:8b,deepseek-r1,primary_model,heldout,task7_quarterly_headcount_plan,105,True,0.71958
adaptation_light,deepseek-r1:8b,deepseek-r1,primary_model,heldout,task7_quarterly_headcount_plan,105,True,0.61317
no_coherence,deepseek-r1:8b,deepseek-r1,primary_model,heldout,task7_quarterly_headcount_plan,105,True,0.6120099999999999
original,deepseek-r1:8b,deepseek-r1,primary_model,heldout,task3_startup_week,106,True,0.379
utility_only,deepseek-r1:8b,deepseek-r1,primary_model,heldout,task3_startup_week,106,True,0.4083
balanced,deepseek-r1:8b,deepseek-r1,primary_model,heldout,task3_startup_week,106,True,0.368115
adaptation_heavy,deepseek-r1:8b,deepseek-r1,primary_model,heldout,task3_startup_week,106,True,0.3177
adaptation_light,deepseek-r1:8b,deepseek-r1,primary_model,heldout,task3_startup_week,106,True,0.449775
no_coherence,deepseek-r1:8b,deepseek-r1,primary_model,heldout,task3_startup_week,106,True,0.314565
original,deepseek-r1:8b,deepseek-r1,primary_model,heldout,task6_incident_response_week,106,True,0.3541
utility_only,deepseek-r1:8b,deepseek-r1,primary_model,heldout,task6_incident_response_week,106,True,0.3808
balanced,deepseek-r1:8b,deepseek-r1,primary_model,heldout,task6_incident_response_week,106,True,0.37078
adaptation_heavy,deepseek-r1:8b,deepseek-r1,primary_model,heldout,task6_incident_response_week,106,True,0.316025
adaptation_light,deepseek-r1:8b,deepseek-r1,primary_model,heldout,task6_incident_response_week,106,True,0.44694
no_coherence,deepseek-r1:8b,deepseek-r1,primary_model,heldout,task6_incident_response_week,106,True,0.31658500000000006
original,deepseek-r1:8b,deepseek-r1,primary_model,heldout,task7_quarterly_headcount_plan,106,True,0.4314
utility_only,deepseek-r1:8b,deepseek-r1,primary_model,heldout,task7_quarterly_headcount_plan,106,True,0.5173
balanced,deepseek-r1:8b,deepseek-r1,primary_model,heldout,task7_quarterly_headcount_plan,106,True,0.50692
adaptation_heavy,deepseek-r1:8b,deepseek-r1,primary_model,heldout,task7_quarterly_headcount_plan,106,True,0.43105499999999997
adaptation_light,deepseek-r1:8b,deepseek-r1,primary_model,heldout,task7_quarterly_headcount_plan,106,True,0.6103799999999999
no_coherence,deepseek-r1:8b,deepseek-r1,primary_model,heldout,task7_quarterly_headcount_plan,106,True,0.434515
original,deepseek-r1:8b,deepseek-r1,primary_model,heldout,task3_startup_week,107,True,0.3804
utility_only,deepseek-r1:8b,deepseek-r1,primary_model,heldout,task3_startup_week,107,True,0.3731
balanced,deepseek-r1:8b,deepseek-r1,primary_model,heldout,task3_startup_week,107,True,0.373115
adaptation_heavy,deepseek-r1:8b,deepseek-r1,primary_model,heldout,task3_startup_week,107,True,0.32445999999999997
adaptation_light,deepseek-r1:8b,deepseek-r1,primary_model,heldout,task3_startup_week,107,True,0.447735
no_coherence,deepseek-r1:8b,deepseek-r1,primary_model,heldout,task3_startup_week,107,True,0.295205
original,deepseek-r1:8b,deepseek-r1,primary_model,heldout,task6_incident_response_week,107,True,0.3263
utility_only,deepseek-r1:8b,deepseek-r1,primary_model,heldout,task6_incident_response_week,107,True,0.3357
balanced,deepseek-r1:8b,deepseek-r1,primary_model,heldout,task6_incident_response_week,107,True,0.34431
adaptation_heavy,deepseek-r1:8b,deepseek-r1,primary_model,heldout,task6_incident_response_week,107,True,0.29181
adaptation_light,deepseek-r1:8b,deepseek-r1,primary_model,heldout,task6_incident_response_week,107,True,0.41145
no_coherence,deepseek-r1:8b,deepseek-r1,primary_model,heldout,task6_incident_response_week,107,True,0.29178000000000004
original,deepseek-r1:8b,deepseek-r1,primary_model,heldout,task7_quarterly_headcount_plan,107,True,0.5675
utility_only,deepseek-r1:8b,deepseek-r1,primary_model,heldout,task7_quarterly_headcount_plan,107,True,0.4169
balanced,deepseek-r1:8b,deepseek-r1,primary_model,heldout,task7_quarterly_headcount_plan,107,True,0.69623
adaptation_heavy,deepseek-r1:8b,deepseek-r1,primary_model,heldout,task7_quarterly_headcount_plan,107,True,0.701875
adaptation_light,deepseek-r1:8b,deepseek-r1,primary_model,heldout,task7_quarterly_headcount_plan,107,True,0.62663
no_coherence,deepseek-r1:8b,deepseek-r1,primary_model,heldout,task7_quarterly_headcount_plan,107,True,0.608765
original,deepseek-r1:8b,deepseek-r1,primary_model,heldout,task3_startup_week,108,True,0.3407
utility_only,deepseek-r1:8b,deepseek-r1,primary_model,heldout,task3_startup_week,108,True,0.3218
balanced,deepseek-r1:8b,deepseek-r1,primary_model,heldout,task3_startup_week,108,True,0.343445
adaptation_heavy,deepseek-r1:8b,deepseek-r1,primary_model,heldout,task3_startup_week,108,True,0.292355
adaptation_light,deepseek-r1:8b,deepseek-r1,primary_model,heldout,task3_startup_week,108,True,0.407805
no_coherence,deepseek-r1:8b,deepseek-r1,primary_model,heldout,task3_startup_week,108,True,0.28199
original,deepseek-r1:8b,deepseek-r1,primary_model,heldout,task6_incident_response_week,108,True,0.3067
utility_only,deepseek-r1:8b,deepseek-r1,primary_model,heldout,task6_incident_response_week,108,True,0.2942
balanced,deepseek-r1:8b,deepseek-r1,primary_model,heldout,task6_incident_response_week,108,True,0.3272
adaptation_heavy,deepseek-r1:8b,deepseek-r1,primary_model,heldout,task6_incident_response_week,108,True,0.28392
adaptation_light,deepseek-r1:8b,deepseek-r1,primary_model,heldout,task6_incident_response_week,108,True,0.38604
no_coherence,deepseek-r1:8b,deepseek-r1,primary_model,heldout,task6_incident_response_week,108,True,0.24752000000000002
original,deepseek-r1:8b,deepseek-r1,primary_model,heldout,task7_quarterly_headcount_plan,108,True,0.5344
utility_only,deepseek-r1:8b,deepseek-r1,primary_model,heldout,task7_quarterly_headcount_plan,108,True,0.363
balanced,deepseek-r1:8b,deepseek-r1,primary_model,heldout,task7_quarterly_headcount_plan,108,True,0.6760499999999999
adaptation_heavy,deepseek-r1:8b,deepseek-r1,primary_model,heldout,task7_quarterly_headcount_plan,108,True,0.68485
adaptation_light,deepseek-r1:8b,deepseek-r1,primary_model,heldout,task7_quarterly_headcount_plan,108,True,0.59475
no_coherence,deepseek-r1:8b,deepseek-r1,primary_model,heldout,task7_quarterly_headcount_plan,108,True,0.5805
original,deepseek-r1:8b,deepseek-r1,primary_model,heldout,task3_startup_week,109,True,0.6174
utility_only,deepseek-r1:8b,deepseek-r1,primary_model,heldout,task3_startup_week,109,True,0.4099
balanced,deepseek-r1:8b,deepseek-r1,primary_model,heldout,task3_startup_week,109,True,0.664345
adaptation_heavy,deepseek-r1:8b,deepseek-r1,primary_model,heldout,task3_startup_week,109,True,0.6698
adaptation_light,deepseek-r1:8b,deepseek-r1,primary_model,heldout,task3_startup_week,109,True,0.594425
no_coherence,deepseek-r1:8b,deepseek-r1,primary_model,heldout,task3_startup_week,109,True,0.6032949999999999
original,deepseek-r1:8b,deepseek-r1,primary_model,heldout,task6_incident_response_week,109,True,0.5726
utility_only,deepseek-r1:8b,deepseek-r1,primary_model,heldout,task6_incident_response_week,109,True,0.3464
balanced,deepseek-r1:8b,deepseek-r1,primary_model,heldout,task6_incident_response_week,109,True,0.59948
adaptation_heavy,deepseek-r1:8b,deepseek-r1,primary_model,heldout,task6_incident_response_week,109,True,0.615795
adaptation_light,deepseek-r1:8b,deepseek-r1,primary_model,heldout,task6_incident_response_week,109,True,0.51578
no_coherence,deepseek-r1:8b,deepseek-r1,primary_model,heldout,task6_incident_response_week,109,True,0.548555
original,deepseek-r1:8b,deepseek-r1,primary_model,heldout,task7_quarterly_headcount_plan,109,True,0.3611
utility_only,deepseek-r1:8b,deepseek-r1,primary_model,heldout,task7_quarterly_headcount_plan,109,True,0.4068
balanced,deepseek-r1:8b,deepseek-r1,primary_model,heldout,task7_quarterly_headcount_plan,109,True,0.46272
adaptation_heavy,deepseek-r1:8b,deepseek-r1,primary_model,heldout,task7_quarterly_headcount_plan,109,True,0.39237999999999995
adaptation_light,deepseek-r1:8b,deepseek-r1,primary_model,heldout,task7_quarterly_headcount_plan,109,True,0.54408
no_coherence,deepseek-r1:8b,deepseek-r1,primary_model,heldout,task7_quarterly_headcount_plan,109,True,0.37374
original,deepseek-r1:14b,deepseek-r1,primary_model,core,task3_startup_week,100,True,0.4255
utility_only,deepseek-r1:14b,deepseek-r1,primary_model,core,task3_startup_week,100,True,0.3755
balanced,deepseek-r1:14b,deepseek-r1,primary_model,core,task3_startup_week,100,True,0.437975
adaptation_heavy,deepseek-r1:14b,deepseek-r1,primary_model,core,task3_startup_week,100,True,0.3692
adaptation_light,deepseek-r1:14b,deepseek-r1,primary_model,core,task3_startup_week,100,True,0.513075
no_coherence,deepseek-r1:14b,deepseek-r1,primary_model,core,task3_startup_week,100,True,0.356525
original,deepseek-r1:14b,deepseek-r1,primary_model,core,task6_incident_response_week,100,True,0.3901
utility_only,deepseek-r1:14b,deepseek-r1,primary_model,core,task6_incident_response_week,100,True,0.3427
balanced,deepseek-r1:14b,deepseek-r1,primary_model,core,task6_incident_response_week,100,True,0.42142
adaptation_heavy,deepseek-r1:14b,deepseek-r1,primary_model,core,task6_incident_response_week,100,True,0.35428499999999996
adaptation_light,deepseek-r1:14b,deepseek-r1,primary_model,core,task6_incident_response_week,100,True,0.48995999999999995
no_coherence,deepseek-r1:14b,deepseek-r1,primary_model,core,task6_incident_response_week,100,True,0.33848500000000004
original,deepseek-r1:14b,deepseek-r1,primary_model,core,task7_quarterly_headcount_plan,100,True,0.3715
utility_only,deepseek-r1:14b,deepseek-r1,primary_model,core,task7_quarterly_headcount_plan,100,True,0.4232
balanced,deepseek-r1:14b,deepseek-r1,primary_model,core,task7_quarterly_headcount_plan,100,True,0.46928000000000003
adaptation_heavy,deepseek-r1:14b,deepseek-r1,primary_model,core,task7_quarterly_headcount_plan,100,True,0.39812000000000003
adaptation_light,deepseek-r1:14b,deepseek-r1,primary_model,core,task7_quarterly_headcount_plan,100,True,0.55392
no_coherence,deepseek-r1:14b,deepseek-r1,primary_model,core,task7_quarterly_headcount_plan,100,True,0.38276
original,deepseek-r1:14b,deepseek-r1,primary_model,core,task3_startup_week,101,True,0.4388
utility_only,deepseek-r1:14b,deepseek-r1,primary_model,core,task3_startup_week,101,True,0.3776
balanced,deepseek-r1:14b,deepseek-r1,primary_model,core,task3_startup_week,101,True,0.45104
adaptation_heavy,deepseek-r1:14b,deepseek-r1,primary_model,core,task3_startup_week,101,True,0.38216
adaptation_light,deepseek-r1:14b,deepseek-r1,primary_model,core,task3_startup_week,101,True,0.5265599999999999
no_coherence,deepseek-r1:14b,deepseek-r1,primary_model,core,task3_startup_week,101,True,0.35768
original,deepseek-r1:14b,deepseek-r1,primary_model,core,task6_incident_response_week,101,True,0.3812
utility_only,deepseek-r1:14b,deepseek-r1,primary_model,core,task6_incident_response_week,101,True,0.3335
balanced,deepseek-r1:14b,deepseek-r1,primary_model,core,task6_incident_response_week,101,True,0.41213
adaptation_heavy,deepseek-r1:14b,deepseek-r1,primary_model,core,task6_incident_response_week,101,True,0.34545499999999996
adaptation_light,deepseek-r1:14b,deepseek-r1,primary_model,core,task6_incident_response_week,101,True,0.47883
no_coherence,deepseek-r1:14b,deepseek-r1,primary_model,core,task6_incident_response_week,101,True,0.333425
original,deepseek-r1:14b,deepseek-r1,primary_model,core,task7_quarterly_headcount_plan,101,True,0.3811
utility_only,deepseek-r1:14b,deepseek-r1,primary_model,core,task7_quarterly_headcount_plan,101,True,0.4383
balanced,deepseek-r1:14b,deepseek-r1,primary_model,core,task7_quarterly_headcount_plan,101,True,0.47532
adaptation_heavy,deepseek-r1:14b,deepseek-r1,primary_model,core,task7_quarterly_headcount_plan,101,True,0.403405
adaptation_light,deepseek-r1:14b,deepseek-r1,primary_model,core,task7_quarterly_headcount_plan,101,True,0.56298
no_coherence,deepseek-r1:14b,deepseek-r1,primary_model,core,task7_quarterly_headcount_plan,101,True,0.391065
original,deepseek-r1:14b,deepseek-r1,primary_model,core,task3_startup_week,102,True,0.3501
utility_only,deepseek-r1:14b,deepseek-r1,primary_model,core,task3_startup_week,102,True,0.38
balanced,deepseek-r1:14b,deepseek-r1,primary_model,core,task3_startup_week,102,True,0.362135
adaptation_heavy,deepseek-r1:14b,deepseek-r1,primary_model,core,task3_startup_week,102,True,0.293135
adaptation_light,deepseek-r1:14b,deepseek-r1,primary_model,core,task3_startup_week,102,True,0.43813499999999994
no_coherence,deepseek-r1:14b,deepseek-r1,primary_model,core,task3_startup_week,102,True,0.359
original,deepseek-r1:14b,deepseek-r1,primary_model,core,task6_incident_response_week,102,True,0.3622
utility_only,deepseek-r1:14b,deepseek-r1,primary_model,core,task6_incident_response_week,102,True,0.3511
balanced,deepseek-r1:14b,deepseek-r1,primary_model,core,task6_incident_response_week,102,True,0.385765
adaptation_heavy,deepseek-r1:14b,deepseek-r1,primary_model,core,task6_incident_response_week,102,True,0.31821
adaptation_light,deepseek-r1:14b,deepseek-r1,primary_model,core,task6_incident_response_week,102,True,0.455985
no_coherence,deepseek-r1:14b,deepseek-r1,primary_model,core,task6_incident_response_week,102,True,0.343105
original,deepseek-r1:14b,deepseek-r1,primary_model,core,task7_quarterly_headcount_plan,102,True,0.6055
utility_only,deepseek-r1:14b,deepseek-r1,primary_model,core,task7_quarterly_headcount_plan,102,True,0.437
balanced,deepseek-r1:14b,deepseek-r1,primary_model,core,task7_quarterly_headcount_plan,102,True,0.73325
adaptation_heavy,deepseek-r1:14b,deepseek-r1,primary_model,core,task7_quarterly_headcount_plan,102,True,0.74755
adaptation_light,deepseek-r1:14b,deepseek-r1,primary_model,core,task7_quarterly_headcount_plan,102,True,0.64835
no_coherence,deepseek-r1:14b,deepseek-r1,primary_model,core,task7_quarterly_headcount_plan,102,True,0.6488
original,deepseek-r1:14b,deepseek-r1,primary_model,core,task3_startup_week,103,False,0.5443
utility_only,deepseek-r1:14b,deepseek-r1,primary_model,core,task3_startup_week,103,False,0.437
balanced,deepseek-r1:14b,deepseek-r1,primary_model,core,task3_startup_week,103,False,0.5922285714285715
adaptation_heavy,deepseek-r1:14b,deepseek-r1,primary_model,core,task3_startup_week,103,False,0.5711833333333334
adaptation_light,deepseek-r1:14b,deepseek-r1,primary_model,core,task3_startup_week,103,False,0.5577333333333333
no_coherence,deepseek-r1:14b,deepseek-r1,primary_model,core,task3_startup_week,103,False,0.5576428571428571
original,deepseek-r1:14b,deepseek-r1,primary_model,core,task6_incident_response_week,103,False,0.5441
utility_only,deepseek-r1:14b,deepseek-r1,primary_model,core,task6_incident_response_week,103,False,0.3713
balanced,deepseek-r1:14b,deepseek-r1,primary_model,core,task6_incident_response_week,103,False,0.5860142857142858
adaptation_heavy,deepseek-r1:14b,deepseek-r1,primary_model,core,task6_incident_response_week,103,False,0.5694083333333333
adaptation_light,deepseek-r1:14b,deepseek-r1,primary_model,core,task6_incident_response_week,103,False,0.5383000000000001
no_coherence,deepseek-r1:14b,deepseek-r1,primary_model,core,task6_incident_response_week,103,False,0.5060214285714286
original,deepseek-r1:14b,deepseek-r1,primary_model,core,task7_quarterly_headcount_plan,103,False,0.5919
utility_only,deepseek-r1:14b,deepseek-r1,primary_model,core,task7_quarterly_headcount_plan,103,False,0.5263
balanced,deepseek-r1:14b,deepseek-r1,primary_model,core,task7_quarterly_headcount_plan,103,False,0.7293142857142857
adaptation_heavy,deepseek-r1:14b,deepseek-r1,primary_model,core,task7_quarterly_headcount_plan,103,False,0.723675
adaptation_light,deepseek-r1:14b,deepseek-r1,primary_model,core,task7_quarterly_headcount_plan,103,False,0.6842
no_coherence,deepseek-r1:14b,deepseek-r1,primary_model,core,task7_quarterly_headcount_plan,103,False,0.6278071428571428
original,deepseek-r1:14b,deepseek-r1,primary_model,core,task3_startup_week,104,True,0.3503
utility_only,deepseek-r1:14b,deepseek-r1,primary_model,core,task3_startup_week,104,True,0.3368
balanced,deepseek-r1:14b,deepseek-r1,primary_model,core,task3_startup_week,104,True,0.35663
adaptation_heavy,deepseek-r1:14b,deepseek-r1,primary_model,core,task3_startup_week,104,True,0.29979
adaptation_light,deepseek-r1:14b,deepseek-r1,primary_model,core,task3_startup_week,104,True,0.42399
no_coherence,deepseek-r1:14b,deepseek-r1,primary_model,core,task3_startup_week,104,True,0.30524
original,deepseek-r1:14b,deepseek-r1,primary_model,core,task6_incident_response_week,104,True,0.3794
utility_only,deepseek-r1:14b,deepseek-r1,primary_model,core,task6_incident_response_week,104,True,0.3186
balanced,deepseek-r1:14b,deepseek-r1,primary_model,core,task6_incident_response_week,104,True,0.41244000000000003
adaptation_heavy,deepseek-r1:14b,deepseek-r1,primary_model,core,task6_incident_response_week,104,True,0.34651
adaptation_light,deepseek-r1:14b,deepseek-r1,primary_model,core,task6_incident_response_week,104,True,0.47616
no_coherence,deepseek-r1:14b,deepseek-r1,primary_model,core,task6_incident_response_week,104,True,0.32523
original,deepseek-r1:14b,deepseek-r1,primary_model,core,task7_quarterly_headcount_plan,104,True,0.3545
utility_only,deepseek-r1:14b,deepseek-r1,primary_model,core,task7_quarterly_headcount_plan,104,True,0.3964
balanced,deepseek-r1:14b,deepseek-r1,primary_model,core,task7_quarterly_headcount_plan,104,True,0.45855999999999997
adaptation_heavy,deepseek-r1:14b,deepseek-r1,primary_model,core,task7_quarterly_headcount_plan,104,True,0.38874
adaptation_light,deepseek-r1:14b,deepseek-r1,primary_model,core,task7_quarterly_headcount_plan,104,True,0.53784
no_coherence,deepseek-r1:14b,deepseek-r1,primary_model,core,task7_quarterly_headcount_plan,104,True,0.36802
original,deepseek-r1:14b,deepseek-r1,primary_model,core,task3_startup_week,105,True,0.3415
utility_only,deepseek-r1:14b,deepseek-r1,primary_model,core,task3_startup_week,105,True,0.3407
balanced,deepseek-r1:14b,deepseek-r1,primary_model,core,task3_startup_week,105,True,0.352445
adaptation_heavy,deepseek-r1:14b,deepseek-r1,primary_model,core,task3_startup_week,105,True,0.29041
adaptation_light,deepseek-r1:14b,deepseek-r1,primary_model,core,task3_startup_week,105,True,0.420585
no_coherence,deepseek-r1:14b,deepseek-r1,primary_model,core,task3_startup_week,105,True,0.32238500000000003
original,deepseek-r1:14b,deepseek-r1,primary_model,core,task6_incident_response_week,105,True,0.5708
utility_only,deepseek-r1:14b,deepseek-r1,primary_model,core,task6_incident_response_week,105,True,0.3146
balanced,deepseek-r1:14b,deepseek-r1,primary_model,core,task6_incident_response_week,105,True,0.599915
adaptation_heavy,deepseek-r1:14b,deepseek-r1,primary_model,core,task6_incident_response_week,105,True,0.62236
adaptation_light,deepseek-r1:14b,deepseek-r1,primary_model,core,task6_incident_response_week,105,True,0.500775
no_coherence,deepseek-r1:14b,deepseek-r1,primary_model,core,task6_incident_response_week,105,True,0.544685
original,deepseek-r1:14b,deepseek-r1,primary_model,core,task7_quarterly_headcount_plan,105,True,0.5776
utility_only,deepseek-r1:14b,deepseek-r1,primary_model,core,task7_quarterly_headcount_plan,105,True,0.3809
balanced,deepseek-r1:14b,deepseek-r1,primary_model,core,task7_quarterly_headcount_plan,105,True,0.71975
adaptation_heavy,deepseek-r1:14b,deepseek-r1,primary_model,core,task7_quarterly_headcount_plan,105,True,0.739835
adaptation_light,deepseek-r1:14b,deepseek-r1,primary_model,core,task7_quarterly_headcount_plan,105,True,0.6176699999999999
no_coherence,deepseek-r1:14b,deepseek-r1,primary_model,core,task7_quarterly_headcount_plan,105,True,0.6268849999999999
original,deepseek-r1:14b,deepseek-r1,primary_model,core,task3_startup_week,106,True,0.3773
utility_only,deepseek-r1:14b,deepseek-r1,primary_model,core,task3_startup_week,106,True,0.4345
balanced,deepseek-r1:14b,deepseek-r1,primary_model,core,task3_startup_week,106,True,0.3763
adaptation_heavy,deepseek-r1:14b,deepseek-r1,primary_model,core,task3_startup_week,106,True,0.312075
adaptation_light,deepseek-r1:14b,deepseek-r1,primary_model,core,task3_startup_week,106,True,0.4632
no_coherence,deepseek-r1:14b,deepseek-r1,primary_model,core,task3_startup_week,106,True,0.366475
original,deepseek-r1:14b,deepseek-r1,primary_model,core,task6_incident_response_week,106,True,0.3542
utility_only,deepseek-r1:14b,deepseek-r1,primary_model,core,task6_incident_response_week,106,True,0.3699
balanced,deepseek-r1:14b,deepseek-r1,primary_model,core,task6_incident_response_week,106,True,0.372735
adaptation_heavy,deepseek-r1:14b,deepseek-r1,primary_model,core,task6_incident_response_week,106,True,0.311385
adaptation_light,deepseek-r1:14b,deepseek-r1,primary_model,core,task6_incident_response_week,106,True,0.446715
no_coherence,deepseek-r1:14b,deepseek-r1,primary_model,core,task6_incident_response_week,106,True,0.33201
original,deepseek-r1:14b,deepseek-r1,primary_model,core,task7_quarterly_headcount_plan,106,True,0.4253
utility_only,deepseek-r1:14b,deepseek-r1,primary_model,core,task7_quarterly_headcount_plan,106,True,0.5078
balanced,deepseek-r1:14b,deepseek-r1,primary_model,core,task7_quarterly_headcount_plan,106,True,0.50312
adaptation_heavy,deepseek-r1:14b,deepseek-r1,primary_model,core,task7_quarterly_headcount_plan,106,True,0.42773
adaptation_light,deepseek-r1:14b,deepseek-r1,primary_model,core,task7_quarterly_headcount_plan,106,True,0.60468
no_coherence,deepseek-r1:14b,deepseek-r1,primary_model,core,task7_quarterly_headcount_plan,106,True,0.42929000000000006
original,deepseek-r1:14b,deepseek-r1,primary_model,core,task3_startup_week,107,True,0.3766
utility_only,deepseek-r1:14b,deepseek-r1,primary_model,core,task3_startup_week,107,True,0.3768
balanced,deepseek-r1:14b,deepseek-r1,primary_model,core,task3_startup_week,107,True,0.38898
adaptation_heavy,deepseek-r1:14b,deepseek-r1,primary_model,core,task3_startup_week,107,True,0.32014
adaptation_light,deepseek-r1:14b,deepseek-r1,primary_model,core,task3_startup_week,107,True,0.46434
no_coherence,deepseek-r1:14b,deepseek-r1,primary_model,core,task3_startup_week,107,True,0.35724
original,deepseek-r1:14b,deepseek-r1,primary_model,core,task6_incident_response_week,107,True,0.346
utility_only,deepseek-r1:14b,deepseek-r1,primary_model,core,task6_incident_response_week,107,True,0.3373
balanced,deepseek-r1:14b,deepseek-r1,primary_model,core,task6_incident_response_week,107,True,0.368275
adaptation_heavy,deepseek-r1:14b,deepseek-r1,primary_model,core,task6_incident_response_week,107,True,0.315695
adaptation_light,deepseek-r1:14b,deepseek-r1,primary_model,core,task6_incident_response_week,107,True,0.435735
no_coherence,deepseek-r1:14b,deepseek-r1,primary_model,core,task6_incident_response_week,107,True,0.29266000000000003
original,deepseek-r1:14b,deepseek-r1,primary_model,core,task7_quarterly_headcount_plan,107,True,0.5716
utility_only,deepseek-r1:14b,deepseek-r1,primary_model,core,task7_quarterly_headcount_plan,107,True,0.4178
balanced,deepseek-r1:14b,deepseek-r1,primary_model,core,task7_quarterly_headcount_plan,107,True,0.70067
adaptation_heavy,deepseek-r1:14b,deepseek-r1,primary_model,core,task7_quarterly_headcount_plan,107,True,0.70763
adaptation_light,deepseek-r1:14b,deepseek-r1,primary_model,core,task7_quarterly_headcount_plan,107,True,0.62853
no_coherence,deepseek-r1:14b,deepseek-r1,primary_model,core,task7_quarterly_headcount_plan,107,True,0.61334
original,deepseek-r1:14b,deepseek-r1,primary_model,core,task3_startup_week,108,True,0.3197
utility_only,deepseek-r1:14b,deepseek-r1,primary_model,core,task3_startup_week,108,True,0.3195
balanced,deepseek-r1:14b,deepseek-r1,primary_model,core,task3_startup_week,108,True,0.330225
adaptation_heavy,deepseek-r1:14b,deepseek-r1,primary_model,core,task3_startup_week,108,True,0.27175
adaptation_light,deepseek-r1:14b,deepseek-r1,primary_model,core,task3_startup_week,108,True,0.394125
no_coherence,deepseek-r1:14b,deepseek-r1,primary_model,core,task3_startup_week,108,True,0.303225
original,deepseek-r1:14b,deepseek-r1,primary_model,core,task6_incident_response_week,108,True,0.3581
utility_only,deepseek-r1:14b,deepseek-r1,primary_model,core,task6_incident_response_week,108,True,0.2989
balanced,deepseek-r1:14b,deepseek-r1,primary_model,core,task6_incident_response_week,108,True,0.38956
adaptation_heavy,deepseek-r1:14b,deepseek-r1,primary_model,core,task6_incident_response_week,108,True,0.324615
adaptation_light,deepseek-r1:14b,deepseek-r1,primary_model,core,task6_incident_response_week,108,True,0.44933999999999996
no_coherence,deepseek-r1:14b,deepseek-r1,primary_model,core,task6_incident_response_week,108,True,0.314395
original,deepseek-r1:14b,deepseek-r1,primary_model,core,task7_quarterly_headcount_plan,108,True,0.5344
utility_only,deepseek-r1:14b,deepseek-r1,primary_model,core,task7_quarterly_headcount_plan,108,True,0.363
balanced,deepseek-r1:14b,deepseek-r1,primary_model,core,task7_quarterly_headcount_plan,108,True,0.6760499999999999
adaptation_heavy,deepseek-r1:14b,deepseek-r1,primary_model,core,task7_quarterly_headcount_plan,108,True,0.68485
adaptation_light,deepseek-r1:14b,deepseek-r1,primary_model,core,task7_quarterly_headcount_plan,108,True,0.59475
no_coherence,deepseek-r1:14b,deepseek-r1,primary_model,core,task7_quarterly_headcount_plan,108,True,0.5805
original,deepseek-r1:14b,deepseek-r1,primary_model,core,task3_startup_week,109,True,0.5637
utility_only,deepseek-r1:14b,deepseek-r1,primary_model,core,task3_startup_week,109,True,0.3754
balanced,deepseek-r1:14b,deepseek-r1,primary_model,core,task3_startup_week,109,True,0.61675
adaptation_heavy,deepseek-r1:14b,deepseek-r1,primary_model,core,task3_startup_week,109,True,0.62924
adaptation_light,deepseek-r1:14b,deepseek-r1,primary_model,core,task3_startup_week,109,True,0.52931
no_coherence,deepseek-r1:14b,deepseek-r1,primary_model,core,task3_startup_week,109,True,0.60025
original,deepseek-r1:14b,deepseek-r1,primary_model,core,task6_incident_response_week,109,True,0.6353
utility_only,deepseek-r1:14b,deepseek-r1,primary_model,core,task6_incident_response_week,109,True,0.3321
balanced,deepseek-r1:14b,deepseek-r1,primary_model,core,task6_incident_response_week,109,True,0.668415
adaptation_heavy,deepseek-r1:14b,deepseek-r1,primary_model,core,task6_incident_response_week,109,True,0.69599
adaptation_light,deepseek-r1:14b,deepseek-r1,primary_model,core,task6_incident_response_week,109,True,0.5464749999999999
no_coherence,deepseek-r1:14b,deepseek-r1,primary_model,core,task6_incident_response_week,109,True,0.6151949999999999
original,deepseek-r1:14b,deepseek-r1,primary_model,core,task7_quarterly_headcount_plan,109,True,0.3605
utility_only,deepseek-r1:14b,deepseek-r1,primary_model,core,task7_quarterly_headcount_plan,109,True,0.4059
balanced,deepseek-r1:14b,deepseek-r1,primary_model,core,task7_quarterly_headcount_plan,109,True,0.46236
adaptation_heavy,deepseek-r1:14b,deepseek-r1,primary_model,core,task7_quarterly_headcount_plan,109,True,0.392065
adaptation_light,deepseek-r1:14b,deepseek-r1,primary_model,core,task7_quarterly_headcount_plan,109,True,0.5435399999999999
no_coherence,deepseek-r1:14b,deepseek-r1,primary_model,core,task7_quarterly_headcount_plan,109,True,0.373245
original,deepseek-r1:14b,deepseek-r1,primary_model,heldout,task3_startup_week,100,True,0.3668
utility_only,deepseek-r1:14b,deepseek-r1,primary_model,heldout,task3_startup_week,100,True,0.373
balanced,deepseek-r1:14b,deepseek-r1,primary_model,heldout,task3_startup_week,100,True,0.35946999999999996
adaptation_heavy,deepseek-r1:14b,deepseek-r1,primary_model,heldout,task3_startup_week,100,True,0.31082
adaptation_light,deepseek-r1:14b,deepseek-r1,primary_model,heldout,task3_startup_week,100,True,0.43406999999999996
no_coherence,deepseek-r1:14b,deepseek-r1,primary_model,heldout,task3_startup_week,100,True,0.29515
original,deepseek-r1:14b,deepseek-r1,primary_model,heldout,task6_incident_response_week,100,True,0.3655
utility_only,deepseek-r1:14b,deepseek-r1,primary_model,heldout,task6_incident_response_week,100,True,0.3485
balanced,deepseek-r1:14b,deepseek-r1,primary_model,heldout,task6_incident_response_week,100,True,0.390245
adaptation_heavy,deepseek-r1:14b,deepseek-r1,primary_model,heldout,task6_incident_response_week,100,True,0.32282
adaptation_light,deepseek-r1:14b,deepseek-r1,primary_model,heldout,task6_incident_response_week,100,True,0.459945
no_coherence,deepseek-r1:14b,deepseek-r1,primary_model,heldout,task6_incident_response_week,100,True,0.341675
original,deepseek-r1:14b,deepseek-r1,primary_model,heldout,task7_quarterly_headcount_plan,100,True,0.3714
utility_only,deepseek-r1:14b,deepseek-r1,primary_model,heldout,task7_quarterly_headcount_plan,100,True,0.423
balanced,deepseek-r1:14b,deepseek-r1,primary_model,heldout,task7_quarterly_headcount_plan,100,True,0.4692
adaptation_heavy,deepseek-r1:14b,deepseek-r1,primary_model,heldout,task7_quarterly_headcount_plan,100,True,0.39805
adaptation_light,deepseek-r1:14b,deepseek-r1,primary_model,heldout,task7_quarterly_headcount_plan,100,True,0.5538
no_coherence,deepseek-r1:14b,deepseek-r1,primary_model,heldout,task7_quarterly_headcount_plan,100,True,0.38265000000000005
original,deepseek-r1:14b,deepseek-r1,primary_model,heldout,task3_startup_week,101,True,0.3885
utility_only,deepseek-r1:14b,deepseek-r1,primary_model,heldout,task3_startup_week,101,True,0.3787
balanced,deepseek-r1:14b,deepseek-r1,primary_model,heldout,task3_startup_week,101,True,0.388135
adaptation_heavy,deepseek-r1:14b,deepseek-r1,primary_model,heldout,task3_startup_week,101,True,0.3317
adaptation_light,deepseek-r1:14b,deepseek-r1,primary_model,heldout,task3_startup_week,101,True,0.4638749999999999
no_coherence,deepseek-r1:14b,deepseek-r1,primary_model,heldout,task3_startup_week,101,True,0.320785
original,deepseek-r1:14b,deepseek-r1,primary_model,heldout,task6_incident_response_week,101,True,0.3944
utility_only,deepseek-r1:14b,deepseek-r1,primary_model,heldout,task6_incident_response_week,101,True,0.3593
balanced,deepseek-r1:14b,deepseek-r1,primary_model,heldout,task6_incident_response_week,101,True,0.42391999999999996
adaptation_heavy,deepseek-r1:14b,deepseek-r1,primary_model,heldout,task6_incident_response_week,101,True,0.355955
adaptation_light,deepseek-r1:14b,deepseek-r1,primary_model,heldout,task6_incident_response_week,101,True,0.49578
no_coherence,deepseek-r1:14b,deepseek-r1,primary_model,heldout,task6_incident_response_week,101,True,0.347615
original,deepseek-r1:14b,deepseek-r1,primary_model,heldout,task7_quarterly_headcount_plan,101,True,0.3813
utility_only,deepseek-r1:14b,deepseek-r1,primary_model,heldout,task7_quarterly_headcount_plan,101,True,0.4385
balanced,deepseek-r1:14b,deepseek-r1,primary_model,heldout,task7_quarterly_headcount_plan,101,True,0.4754
adaptation_heavy,deepseek-r1:14b,deepseek-r1,primary_model,heldout,task7_quarterly_headcount_plan,101,True,0.40347500000000003
adaptation_light,deepseek-r1:14b,deepseek-r1,primary_model,heldout,task7_quarterly_headcount_plan,101,True,0.5630999999999999
no_coherence,deepseek-r1:14b,deepseek-r1,primary_model,heldout,task7_quarterly_headcount_plan,101,True,0.39117500000000005
original,deepseek-r1:14b,deepseek-r1,primary_model,heldout,task3_startup_week,102,True,0.3718
utility_only,deepseek-r1:14b,deepseek-r1,primary_model,heldout,task3_startup_week,102,True,0.3883
balanced,deepseek-r1:14b,deepseek-r1,primary_model,heldout,task3_startup_week,102,True,0.37295500000000004
adaptation_heavy,deepseek-r1:14b,deepseek-r1,primary_model,heldout,task3_startup_week,102,True,0.31354
adaptation_light,deepseek-r1:14b,deepseek-r1,primary_model,heldout,task3_startup_week,102,True,0.450615
no_coherence,deepseek-r1:14b,deepseek-r1,primary_model,heldout,task3_startup_week,102,True,0.333565
original,deepseek-r1:14b,deepseek-r1,primary_model,heldout,task6_incident_response_week,102,True,0.3914
utility_only,deepseek-r1:14b,deepseek-r1,primary_model,heldout,task6_incident_response_week,102,True,0.3586
balanced,deepseek-r1:14b,deepseek-r1,primary_model,heldout,task6_incident_response_week,102,True,0.42045999999999994
adaptation_heavy,deepseek-r1:14b,deepseek-r1,primary_model,heldout,task6_incident_response_week,102,True,0.35253
adaptation_light,deepseek-r1:14b,deepseek-r1,primary_model,heldout,task6_incident_response_week,102,True,0.49217999999999995
no_coherence,deepseek-r1:14b,deepseek-r1,primary_model,heldout,task6_incident_response_week,102,True,0.34723
original,deepseek-r1:14b,deepseek-r1,primary_model,heldout,task7_quarterly_headcount_plan,102,True,0.6104
utility_only,deepseek-r1:14b,deepseek-r1,primary_model,heldout,task7_quarterly_headcount_plan,102,True,0.4379
balanced,deepseek-r1:14b,deepseek-r1,primary_model,heldout,task7_quarterly_headcount_plan,102,True,0.73853
adaptation_heavy,deepseek-r1:14b,deepseek-r1,primary_model,heldout,task7_quarterly_headcount_plan,102,True,0.754425
adaptation_light,deepseek-r1:14b,deepseek-r1,primary_model,heldout,task7_quarterly_headcount_plan,102,True,0.6505299999999999
no_coherence,deepseek-r1:14b,deepseek-r1,primary_model,heldout,task7_quarterly_headcount_plan,102,True,0.654215
original,deepseek-r1:14b,deepseek-r1,primary_model,heldout,task3_startup_week,103,False,0.5966
utility_only,deepseek-r1:14b,deepseek-r1,primary_model,heldout,task3_startup_week,103,False,0.4576
balanced,deepseek-r1:14b,deepseek-r1,primary_model,heldout,task3_startup_week,103,False,0.6453357142857143
adaptation_heavy,deepseek-r1:14b,deepseek-r1,primary_model,heldout,task3_startup_week,103,False,0.631425
adaptation_light,deepseek-r1:14b,deepseek-r1,primary_model,heldout,task3_startup_week,103,False,0.6036166666666667
no_coherence,deepseek-r1:14b,deepseek-r1,primary_model,heldout,task3_startup_week,103,False,0.5738285714285715
original,deepseek-r1:14b,deepseek-r1,primary_model,heldout,task6_incident_response_week,103,False,0.571
utility_only,deepseek-r1:14b,deepseek-r1,primary_model,heldout,task6_incident_response_week,103,False,0.3928
balanced,deepseek-r1:14b,deepseek-r1,primary_model,heldout,task6_incident_response_week,103,False,0.6142428571428571
adaptation_heavy,deepseek-r1:14b,deepseek-r1,primary_model,heldout,task6_incident_response_week,103,False,0.60055
adaptation_light,deepseek-r1:14b,deepseek-r1,primary_model,heldout,task6_incident_response_week,103,False,0.5650333333333333
no_coherence,deepseek-r1:14b,deepseek-r1,primary_model,heldout,task6_incident_response_week,103,False,0.5229142857142857
original,deepseek-r1:14b,deepseek-r1,primary_model,heldout,task7_quarterly_headcount_plan,103,False,0.5932
utility_only,deepseek-r1:14b,deepseek-r1,primary_model,heldout,task7_quarterly_headcount_plan,103,False,0.5279
balanced,deepseek-r1:14b,deepseek-r1,primary_model,heldout,task7_quarterly_headcount_plan,103,False,0.7302285714285716
adaptation_heavy,deepseek-r1:14b,deepseek-r1,primary_model,heldout,task7_quarterly_headcount_plan,103,False,0.7246083333333334
adaptation_light,deepseek-r1:14b,deepseek-r1,primary_model,heldout,task7_quarterly_headcount_plan,103,False,0.6852666666666668
no_coherence,deepseek-r1:14b,deepseek-r1,primary_model,heldout,task7_quarterly_headcount_plan,103,False,0.6290642857142856
original,deepseek-r1:14b,deepseek-r1,primary_model,heldout,task3_startup_week,104,True,0.3591
utility_only,deepseek-r1:14b,deepseek-r1,primary_model,heldout,task3_startup_week,104,True,0.3423
balanced,deepseek-r1:14b,deepseek-r1,primary_model,heldout,task3_startup_week,104,True,0.362355
adaptation_heavy,deepseek-r1:14b,deepseek-r1,primary_model,heldout,task3_startup_week,104,True,0.30774
adaptation_light,deepseek-r1:14b,deepseek-r1,primary_model,heldout,task3_startup_week,104,True,0.43081499999999995
no_coherence,deepseek-r1:14b,deepseek-r1,primary_model,heldout,task3_startup_week,104,True,0.300765
original,deepseek-r1:14b,deepseek-r1,primary_model,heldout,task6_incident_response_week,104,True,0.3682
utility_only,deepseek-r1:14b,deepseek-r1,primary_model,heldout,task6_incident_response_week,104,True,0.3157
balanced,deepseek-r1:14b,deepseek-r1,primary_model,heldout,task6_incident_response_week,104,True,0.39922
adaptation_heavy,deepseek-r1:14b,deepseek-r1,primary_model,heldout,task6_incident_response_week,104,True,0.333435
adaptation_light,deepseek-r1:14b,deepseek-r1,primary_model,heldout,task6_incident_response_week,104,True,0.46236
no_coherence,deepseek-r1:14b,deepseek-r1,primary_model,heldout,task6_incident_response_week,104,True,0.323635
original,deepseek-r1:14b,deepseek-r1,primary_model,heldout,task7_quarterly_headcount_plan,104,True,0.355
utility_only,deepseek-r1:14b,deepseek-r1,primary_model,heldout,task7_quarterly_headcount_plan,104,True,0.3973
balanced,deepseek-r1:14b,deepseek-r1,primary_model,heldout,task7_quarterly_headcount_plan,104,True,0.45892
adaptation_heavy,deepseek-r1:14b,deepseek-r1,primary_model,heldout,task7_quarterly_headcount_plan,104,True,0.389055
adaptation_light,deepseek-r1:14b,deepseek-r1,primary_model,heldout,task7_quarterly_headcount_plan,104,True,0.53838
no_coherence,deepseek-r1:14b,deepseek-r1,primary_model,heldout,task7_quarterly_headcount_plan,104,True,0.36851500000000004
original,deepseek-r1:14b,deepseek-r1,primary_model,heldout,task3_startup_week,105,True,0.5238
utility_only,deepseek-r1:14b,deepseek-r1,primary_model,heldout,task3_startup_week,105,True,0.3272
balanced,deepseek-r1:14b,deepseek-r1,primary_model,heldout,task3_startup_week,105,True,0.5646199999999999
adaptation_heavy,deepseek-r1:14b,deepseek-r1,primary_model,heldout,task3_startup_week,105,True,0.57534
adaptation_light,deepseek-r1:14b,deepseek-r1,primary_model,heldout,task3_startup_week,105,True,0.4959
no_coherence,deepseek-r1:14b,deepseek-r1,primary_model,heldout,task3_startup_week,105,True,0.5012
original,deepseek-r1:14b,deepseek-r1,primary_model,heldout,task6_incident_response_week,105,True,0.3689
utility_only,deepseek-r1:14b,deepseek-r1,primary_model,heldout,task6_incident_response_week,105,True,0.3083
balanced,deepseek-r1:14b,deepseek-r1,primary_model,heldout,task6_incident_response_week,105,True,0.40127
adaptation_heavy,deepseek-r1:14b,deepseek-r1,primary_model,heldout,task6_incident_response_week,105,True,0.335855
adaptation_light,deepseek-r1:14b,deepseek-r1,primary_model,heldout,task6_incident_response_week,105,True,0.46292999999999995
no_coherence,deepseek-r1:14b,deepseek-r1,primary_model,heldout,task6_incident_response_week,105,True,0.319565
original,deepseek-r1:14b,deepseek-r1,primary_model,heldout,task7_quarterly_headcount_plan,105,True,0.5648
utility_only,deepseek-r1:14b,deepseek-r1,primary_model,heldout,task7_quarterly_headcount_plan,105,True,0.382
balanced,deepseek-r1:14b,deepseek-r1,primary_model,heldout,task7_quarterly_headcount_plan,105,True,0.70471
adaptation_heavy,deepseek-r1:14b,deepseek-r1,primary_model,heldout,task7_quarterly_headcount_plan,105,True,0.71958
adaptation_light,deepseek-r1:14b,deepseek-r1,primary_model,heldout,task7_quarterly_headcount_plan,105,True,0.61317
no_coherence,deepseek-r1:14b,deepseek-r1,primary_model,heldout,task7_quarterly_headcount_plan,105,True,0.6120099999999999
original,deepseek-r1:14b,deepseek-r1,primary_model,heldout,task3_startup_week,106,True,0.3871
utility_only,deepseek-r1:14b,deepseek-r1,primary_model,heldout,task3_startup_week,106,True,0.4138
balanced,deepseek-r1:14b,deepseek-r1,primary_model,heldout,task3_startup_week,106,True,0.37578999999999996
adaptation_heavy,deepseek-r1:14b,deepseek-r1,primary_model,heldout,task3_startup_week,106,True,0.32509999999999994
adaptation_light,deepseek-r1:14b,deepseek-r1,primary_model,heldout,task3_startup_week,106,True,0.45855
no_coherence,deepseek-r1:14b,deepseek-r1,primary_model,heldout,task3_startup_week,106,True,0.31759000000000004
original,deepseek-r1:14b,deepseek-r1,primary_model,heldout,task6_incident_response_week,106,True,0.3493
utility_only,deepseek-r1:14b,deepseek-r1,primary_model,heldout,task6_incident_response_week,106,True,0.3819
balanced,deepseek-r1:14b,deepseek-r1,primary_model,heldout,task6_incident_response_week,106,True,0.36468
adaptation_heavy,deepseek-r1:14b,deepseek-r1,primary_model,heldout,task6_incident_response_week,106,True,0.317015
adaptation_light,deepseek-r1:14b,deepseek-r1,primary_model,heldout,task6_incident_response_week,106,True,0.44106
no_coherence,deepseek-r1:14b,deepseek-r1,primary_model,heldout,task6_incident_response_week,106,True,0.29575500000000005
original,deepseek-r1:14b,deepseek-r1,primary_model,heldout,task7_quarterly_headcount_plan,106,True,0.4314
utility_only,deepseek-r1:14b,deepseek-r1,primary_model,heldout,task7_quarterly_headcount_plan,106,True,0.5173
balanced,deepseek-r1:14b,deepseek-r1,primary_model,heldout,task7_quarterly_headcount_plan,106,True,0.50692
adaptation_heavy,deepseek-r1:14b,deepseek-r1,primary_model,heldout,task7_quarterly_headcount_plan,106,True,0.43105499999999997
adaptation_light,deepseek-r1:14b,deepseek-r1,primary_model,heldout,task7_quarterly_headcount_plan,106,True,0.6103799999999999
no_coherence,deepseek-r1:14b,deepseek-r1,primary_model,heldout,task7_quarterly_headcount_plan,106,True,0.434515
original,deepseek-r1:14b,deepseek-r1,primary_model,heldout,task3_startup_week,107,True,0.3672
utility_only,deepseek-r1:14b,deepseek-r1,primary_model,heldout,task3_startup_week,107,True,0.3759
balanced,deepseek-r1:14b,deepseek-r1,primary_model,heldout,task3_startup_week,107,True,0.36465000000000003
adaptation_heavy,deepseek-r1:14b,deepseek-r1,primary_model,heldout,task3_startup_week,107,True,0.310855
adaptation_light,deepseek-r1:14b,deepseek-r1,primary_model,heldout,task3_startup_week,107,True,0.43983
no_coherence,deepseek-r1:14b,deepseek-r1,primary_model,heldout,task3_startup_week,107,True,0.311745
original,deepseek-r1:14b,deepseek-r1,primary_model,heldout,task6_incident_response_week,107,True,0.3253
utility_only,deepseek-r1:14b,deepseek-r1,primary_model,heldout,task6_incident_response_week,107,True,0.3398
balanced,deepseek-r1:14b,deepseek-r1,primary_model,heldout,task6_incident_response_week,107,True,0.342335
adaptation_heavy,deepseek-r1:14b,deepseek-r1,primary_model,heldout,task6_incident_response_week,107,True,0.296775
adaptation_light,deepseek-r1:14b,deepseek-r1,primary_model,heldout,task6_incident_response_week,107,True,0.41029499999999997
no_coherence,deepseek-r1:14b,deepseek-r1,primary_model,heldout,task6_incident_response_week,107,True,0.2726
original,deepseek-r1:14b,deepseek-r1,primary_model,heldout,task7_quarterly_headcount_plan,107,True,0.5675
utility_only,deepseek-r1:14b,deepseek-r1,primary_model,heldout,task7_quarterly_headcount_plan,107,True,0.4169
balanced,deepseek-r1:14b,deepseek-r1,primary_model,heldout,task7_quarterly_headcount_plan,107,True,0.69623
adaptation_heavy,deepseek-r1:14b,deepseek-r1,primary_model,heldout,task7_quarterly_headcount_plan,107,True,0.701875
adaptation_light,deepseek-r1:14b,deepseek-r1,primary_model,heldout,task7_quarterly_headcount_plan,107,True,0.62663
no_coherence,deepseek-r1:14b,deepseek-r1,primary_model,heldout,task7_quarterly_headcount_plan,107,True,0.608765
original,deepseek-r1:14b,deepseek-r1,primary_model,heldout,task3_startup_week,108,True,0.4962
utility_only,deepseek-r1:14b,deepseek-r1,primary_model,heldout,task3_startup_week,108,True,0.3201
balanced,deepseek-r1:14b,deepseek-r1,primary_model,heldout,task3_startup_week,108,True,0.530175
adaptation_heavy,deepseek-r1:14b,deepseek-r1,primary_model,heldout,task3_startup_week,108,True,0.54125
adaptation_light,deepseek-r1:14b,deepseek-r1,primary_model,heldout,task3_startup_week,108,True,0.470035
no_coherence,deepseek-r1:14b,deepseek-r1,primary_model,heldout,task3_startup_week,108,True,0.467295
original,deepseek-r1:14b,deepseek-r1,primary_model,heldout,task6_incident_response_week,108,True,0.3077
utility_only,deepseek-r1:14b,deepseek-r1,primary_model,heldout,task6_incident_response_week,108,True,0.2966
balanced,deepseek-r1:14b,deepseek-r1,primary_model,heldout,task6_incident_response_week,108,True,0.327995
adaptation_heavy,deepseek-r1:14b,deepseek-r1,primary_model,heldout,task6_incident_response_week,108,True,0.284595
adaptation_light,deepseek-r1:14b,deepseek-r1,primary_model,heldout,task6_incident_response_week,108,True,0.38731499999999996
no_coherence,deepseek-r1:14b,deepseek-r1,primary_model,heldout,task6_incident_response_week,108,True,0.24884
original,deepseek-r1:14b,deepseek-r1,primary_model,heldout,task7_quarterly_headcount_plan,108,True,0.5344
utility_only,deepseek-r1:14b,deepseek-r1,primary_model,heldout,task7_quarterly_headcount_plan,108,True,0.363
balanced,deepseek-r1:14b,deepseek-r1,primary_model,heldout,task7_quarterly_headcount_plan,108,True,0.6760499999999999
adaptation_heavy,deepseek-r1:14b,deepseek-r1,primary_model,heldout,task7_quarterly_headcount_plan,108,True,0.68485
adaptation_light,deepseek-r1:14b,deepseek-r1,primary_model,heldout,task7_quarterly_headcount_plan,108,True,0.59475
no_coherence,deepseek-r1:14b,deepseek-r1,primary_model,heldout,task7_quarterly_headcount_plan,108,True,0.5805
original,deepseek-r1:14b,deepseek-r1,primary_model,heldout,task3_startup_week,109,True,0.4931
utility_only,deepseek-r1:14b,deepseek-r1,primary_model,heldout,task3_startup_week,109,True,0.3912
balanced,deepseek-r1:14b,deepseek-r1,primary_model,heldout,task3_startup_week,109,True,0.5171399999999999
adaptation_heavy,deepseek-r1:14b,deepseek-r1,primary_model,heldout,task3_startup_week,109,True,0.50396
adaptation_light,deepseek-r1:14b,deepseek-r1,primary_model,heldout,task3_startup_week,109,True,0.50262
no_coherence,deepseek-r1:14b,deepseek-r1,primary_model,heldout,task3_startup_week,109,True,0.4743
original,deepseek-r1:14b,deepseek-r1,primary_model,heldout,task6_incident_response_week,109,True,0.3138
utility_only,deepseek-r1:14b,deepseek-r1,primary_model,heldout,task6_incident_response_week,109,True,0.3429
balanced,deepseek-r1:14b,deepseek-r1,primary_model,heldout,task6_incident_response_week,109,True,0.327615
adaptation_heavy,deepseek-r1:14b,deepseek-r1,primary_model,heldout,task6_incident_response_week,109,True,0.2819
adaptation_light,deepseek-r1:14b,deepseek-r1,primary_model,heldout,task6_incident_response_week,109,True,0.39619499999999996
no_coherence,deepseek-r1:14b,deepseek-r1,primary_model,heldout,task6_incident_response_week,109,True,0.274305
original,deepseek-r1:14b,deepseek-r1,primary_model,heldout,task7_quarterly_headcount_plan,109,True,0.3611
utility_only,deepseek-r1:14b,deepseek-r1,primary_model,heldout,task7_quarterly_headcount_plan,109,True,0.4068
balanced,deepseek-r1:14b,deepseek-r1,primary_model,heldout,task7_quarterly_headcount_plan,109,True,0.46272
adaptation_heavy,deepseek-r1:14b,deepseek-r1,primary_model,heldout,task7_quarterly_headcount_plan,109,True,0.39237999999999995
adaptation_light,deepseek-r1:14b,deepseek-r1,primary_model,heldout,task7_quarterly_headcount_plan,109,True,0.54408
no_coherence,deepseek-r1:14b,deepseek-r1,primary_model,heldout,task7_quarterly_headcount_plan,109,True,0.37374
original,gemma4:e2b,gemma4,primary_model,core,task3_startup_week,100,True,0.3683
utility_only,gemma4:e2b,gemma4,primary_model,core,task3_startup_week,100,True,0.3366
balanced,gemma4:e2b,gemma4,primary_model,core,task3_startup_week,100,True,0.35964
adaptation_heavy,gemma4:e2b,gemma4,primary_model,core,task3_startup_week,100,True,0.31781
adaptation_light,gemma4:e2b,gemma4,primary_model,core,task3_startup_week,100,True,0.42696
no_coherence,gemma4:e2b,gemma4,primary_model,core,task3_startup_week,100,True,0.26013000000000003
original,gemma4:e2b,gemma4,primary_model,core,task6_incident_response_week,100,True,0.4017
utility_only,gemma4:e2b,gemma4,primary_model,core,task6_incident_response_week,100,True,0.3404
balanced,gemma4:e2b,gemma4,primary_model,core,task6_incident_response_week,100,True,0.43616
adaptation_heavy,gemma4:e2b,gemma4,primary_model,core,task6_incident_response_week,100,True,0.36913999999999997
adaptation_light,gemma4:e2b,gemma4,primary_model,core,task6_incident_response_week,100,True,0.50424
no_coherence,gemma4:e2b,gemma4,primary_model,core,task6_incident_response_week,100,True,0.33721999999999996
original,gemma4:e2b,gemma4,primary_model,core,task7_quarterly_headcount_plan,100,True,0.3897
utility_only,gemma4:e2b,gemma4,primary_model,core,task7_quarterly_headcount_plan,100,True,0.4518
balanced,gemma4:e2b,gemma4,primary_model,core,task7_quarterly_headcount_plan,100,True,0.48072
adaptation_heavy,gemma4:e2b,gemma4,primary_model,core,task7_quarterly_headcount_plan,100,True,0.40813
adaptation_light,gemma4:e2b,gemma4,primary_model,core,task7_quarterly_headcount_plan,100,True,0.57108
no_coherence,gemma4:e2b,gemma4,primary_model,core,task7_quarterly_headcount_plan,100,True,0.39849
original,gemma4:e2b,gemma4,primary_model,core,task3_startup_week,101,True,0.3399
utility_only,gemma4:e2b,gemma4,primary_model,core,task3_startup_week,101,True,0.3386
balanced,gemma4:e2b,gemma4,primary_model,core,task3_startup_week,101,True,0.32861
adaptation_heavy,gemma4:e2b,gemma4,primary_model,core,task3_startup_week,101,True,0.28918
adaptation_light,gemma4:e2b,gemma4,primary_model,core,task3_startup_week,101,True,0.39633
no_coherence,gemma4:e2b,gemma4,primary_model,core,task3_startup_week,101,True,0.25373
original,gemma4:e2b,gemma4,primary_model,core,task6_incident_response_week,101,True,0.4028
utility_only,gemma4:e2b,gemma4,primary_model,core,task6_incident_response_week,101,True,0.3428
balanced,gemma4:e2b,gemma4,primary_model,core,task6_incident_response_week,101,True,0.43711999999999995
adaptation_heavy,gemma4:e2b,gemma4,primary_model,core,task6_incident_response_week,101,True,0.36998
adaptation_light,gemma4:e2b,gemma4,primary_model,core,task6_incident_response_week,101,True,0.50568
no_coherence,gemma4:e2b,gemma4,primary_model,core,task6_incident_response_week,101,True,0.33854
original,gemma4:e2b,gemma4,primary_model,core,task7_quarterly_headcount_plan,101,True,0.4036
utility_only,gemma4:e2b,gemma4,primary_model,core,task7_quarterly_headcount_plan,101,True,0.4736
balanced,gemma4:e2b,gemma4,primary_model,core,task7_quarterly_headcount_plan,101,True,0.48944
adaptation_heavy,gemma4:e2b,gemma4,primary_model,core,task7_quarterly_headcount_plan,101,True,0.41576
adaptation_light,gemma4:e2b,gemma4,primary_model,core,task7_quarterly_headcount_plan,101,True,0.58416
no_coherence,gemma4:e2b,gemma4,primary_model,core,task7_quarterly_headcount_plan,101,True,0.41048000000000007
original,gemma4:e2b,gemma4,primary_model,core,task3_startup_week,102,True,0.3756
utility_only,gemma4:e2b,gemma4,primary_model,core,task3_startup_week,102,True,0.3611
balanced,gemma4:e2b,gemma4,primary_model,core,task3_startup_week,102,True,0.36450499999999997
adaptation_heavy,gemma4:e2b,gemma4,primary_model,core,task3_startup_week,102,True,0.32145
adaptation_light,gemma4:e2b,gemma4,primary_model,core,task3_startup_week,102,True,0.436725
no_coherence,gemma4:e2b,gemma4,primary_model,core,task3_startup_week,102,True,0.273605
original,gemma4:e2b,gemma4,primary_model,core,task6_incident_response_week,102,True,0.4009
utility_only,gemma4:e2b,gemma4,primary_model,core,task6_incident_response_week,102,True,0.3386
balanced,gemma4:e2b,gemma4,primary_model,core,task6_incident_response_week,102,True,0.43544
adaptation_heavy,gemma4:e2b,gemma4,primary_model,core,task6_incident_response_week,102,True,0.36851
adaptation_light,gemma4:e2b,gemma4,primary_model,core,task6_incident_response_week,102,True,0.50316
no_coherence,gemma4:e2b,gemma4,primary_model,core,task6_incident_response_week,102,True,0.33623000000000003
original,gemma4:e2b,gemma4,primary_model,core,task7_quarterly_headcount_plan,102,True,0.3885
utility_only,gemma4:e2b,gemma4,primary_model,core,task7_quarterly_headcount_plan,102,True,0.4499
balanced,gemma4:e2b,gemma4,primary_model,core,task7_quarterly_headcount_plan,102,True,0.47996
adaptation_heavy,gemma4:e2b,gemma4,primary_model,core,task7_quarterly_headcount_plan,102,True,0.40746499999999997
adaptation_light,gemma4:e2b,gemma4,primary_model,core,task7_quarterly_headcount_plan,102,True,0.56994
no_coherence,gemma4:e2b,gemma4,primary_model,core,task7_quarterly_headcount_plan,102,True,0.39744500000000005
original,gemma4:e2b,gemma4,primary_model,core,task3_startup_week,103,False,0.6463
utility_only,gemma4:e2b,gemma4,primary_model,core,task3_startup_week,103,False,0.4694
balanced,gemma4:e2b,gemma4,primary_model,core,task3_startup_week,103,False,0.6968
adaptation_heavy,gemma4:e2b,gemma4,primary_model,core,task3_startup_week,103,False,0.6904833333333333
adaptation_light,gemma4:e2b,gemma4,primary_model,core,task3_startup_week,103,False,0.6462666666666667
no_coherence,gemma4:e2b,gemma4,primary_model,core,task3_startup_week,103,False,0.5831
original,gemma4:e2b,gemma4,primary_model,core,task6_incident_response_week,103,False,0.5588
utility_only,gemma4:e2b,gemma4,primary_model,core,task6_incident_response_week,103,False,0.3703
balanced,gemma4:e2b,gemma4,primary_model,core,task6_incident_response_week,103,False,0.60445
adaptation_heavy,gemma4:e2b,gemma4,primary_model,core,task6_incident_response_week,103,False,0.5910000000000001
adaptation_light,gemma4:e2b,gemma4,primary_model,core,task6_incident_response_week,103,False,0.5524166666666668
no_coherence,gemma4:e2b,gemma4,primary_model,core,task6_incident_response_week,103,False,0.5052357142857142
original,gemma4:e2b,gemma4,primary_model,core,task7_quarterly_headcount_plan,103,False,0.572
utility_only,gemma4:e2b,gemma4,primary_model,core,task7_quarterly_headcount_plan,103,False,0.5033
balanced,gemma4:e2b,gemma4,primary_model,core,task7_quarterly_headcount_plan,103,False,0.7161714285714286
adaptation_heavy,gemma4:e2b,gemma4,primary_model,core,task7_quarterly_headcount_plan,103,False,0.7102583333333333
adaptation_light,gemma4:e2b,gemma4,primary_model,core,task7_quarterly_headcount_plan,103,False,0.6688666666666667
no_coherence,gemma4:e2b,gemma4,primary_model,core,task7_quarterly_headcount_plan,103,False,0.6097357142857143
original,gemma4:e2b,gemma4,primary_model,core,task3_startup_week,104,True,0.3719
utility_only,gemma4:e2b,gemma4,primary_model,core,task3_startup_week,104,True,0.3437
balanced,gemma4:e2b,gemma4,primary_model,core,task3_startup_week,104,True,0.36248
adaptation_heavy,gemma4:e2b,gemma4,primary_model,core,task3_startup_week,104,True,0.320295
adaptation_light,gemma4:e2b,gemma4,primary_model,core,task3_startup_week,104,True,0.43122
no_coherence,gemma4:e2b,gemma4,primary_model,core,task3_startup_week,104,True,0.264035
original,gemma4:e2b,gemma4,primary_model,core,task6_incident_response_week,104,True,0.3891
utility_only,gemma4:e2b,gemma4,primary_model,core,task6_incident_response_week,104,True,0.3131
balanced,gemma4:e2b,gemma4,primary_model,core,task6_incident_response_week,104,True,0.42523999999999995
adaptation_heavy,gemma4:e2b,gemma4,primary_model,core,task6_incident_response_week,104,True,0.359585
adaptation_light,gemma4:e2b,gemma4,primary_model,core,task6_incident_response_week,104,True,0.48785999999999996
no_coherence,gemma4:e2b,gemma4,primary_model,core,task6_incident_response_week,104,True,0.32220499999999996
original,gemma4:e2b,gemma4,primary_model,core,task7_quarterly_headcount_plan,104,True,0.3493
utility_only,gemma4:e2b,gemma4,primary_model,core,task7_quarterly_headcount_plan,104,True,0.3883
balanced,gemma4:e2b,gemma4,primary_model,core,task7_quarterly_headcount_plan,104,True,0.45532
adaptation_heavy,gemma4:e2b,gemma4,primary_model,core,task7_quarterly_headcount_plan,104,True,0.38590499999999994
adaptation_light,gemma4:e2b,gemma4,primary_model,core,task7_quarterly_headcount_plan,104,True,0.53298
no_coherence,gemma4:e2b,gemma4,primary_model,core,task7_quarterly_headcount_plan,104,True,0.363565
original,gemma4:e2b,gemma4,primary_model,core,task3_startup_week,105,True,0.3668
utility_only,gemma4:e2b,gemma4,primary_model,core,task3_startup_week,105,True,0.3335
balanced,gemma4:e2b,gemma4,primary_model,core,task3_startup_week,105,True,0.3584
adaptation_heavy,gemma4:e2b,gemma4,primary_model,core,task3_startup_week,105,True,0.316725
adaptation_light,gemma4:e2b,gemma4,primary_model,core,task3_startup_week,105,True,0.4251
no_coherence,gemma4:e2b,gemma4,primary_model,core,task3_startup_week,105,True,0.258425
original,gemma4:e2b,gemma4,primary_model,core,task6_incident_response_week,105,True,0.3862
utility_only,gemma4:e2b,gemma4,primary_model,core,task6_incident_response_week,105,True,0.3069
balanced,gemma4:e2b,gemma4,primary_model,core,task6_incident_response_week,105,True,0.42276
adaptation_heavy,gemma4:e2b,gemma4,primary_model,core,task6_incident_response_week,105,True,0.357415
adaptation_light,gemma4:e2b,gemma4,primary_model,core,task6_incident_response_week,105,True,0.48414
no_coherence,gemma4:e2b,gemma4,primary_model,core,task6_incident_response_week,105,True,0.31879500000000005
original,gemma4:e2b,gemma4,primary_model,core,task7_quarterly_headcount_plan,105,True,0.2723
utility_only,gemma4:e2b,gemma4,primary_model,core,task7_quarterly_headcount_plan,105,True,0.3386
balanced,gemma4:e2b,gemma4,primary_model,core,task7_quarterly_headcount_plan,105,True,0.28544
adaptation_heavy,gemma4:e2b,gemma4,primary_model,core,task7_quarterly_headcount_plan,105,True,0.26850999999999997
adaptation_light,gemma4:e2b,gemma4,primary_model,core,task7_quarterly_headcount_plan,105,True,0.35316000000000003
no_coherence,gemma4:e2b,gemma4,primary_model,core,task7_quarterly_headcount_plan,105,True,0.18623000000000003
original,gemma4:e2b,gemma4,primary_model,core,task3_startup_week,106,True,0.4044
utility_only,gemma4:e2b,gemma4,primary_model,core,task3_startup_week,106,True,0.4575
balanced,gemma4:e2b,gemma4,primary_model,core,task3_startup_week,106,True,0.38367
adaptation_heavy,gemma4:e2b,gemma4,primary_model,core,task3_startup_week,106,True,0.335795
adaptation_light,gemma4:e2b,gemma4,primary_model,core,task3_startup_week,106,True,0.47517000000000004
no_coherence,gemma4:e2b,gemma4,primary_model,core,task3_startup_week,106,True,0.32662500000000005
original,gemma4:e2b,gemma4,primary_model,core,task6_incident_response_week,106,True,0.4148
utility_only,gemma4:e2b,gemma4,primary_model,core,task6_incident_response_week,106,True,0.3688
balanced,gemma4:e2b,gemma4,primary_model,core,task6_incident_response_week,106,True,0.44752000000000003
adaptation_heavy,gemma4:e2b,gemma4,primary_model,core,task6_incident_response_week,106,True,0.37908
adaptation_light,gemma4:e2b,gemma4,primary_model,core,task6_incident_response_week,106,True,0.52128
no_coherence,gemma4:e2b,gemma4,primary_model,core,task6_incident_response_week,106,True,0.35284000000000004
original,gemma4:e2b,gemma4,primary_model,core,task7_quarterly_headcount_plan,106,True,0.3683
utility_only,gemma4:e2b,gemma4,primary_model,core,task7_quarterly_headcount_plan,106,True,0.4181
balanced,gemma4:e2b,gemma4,primary_model,core,task7_quarterly_headcount_plan,106,True,0.46724
adaptation_heavy,gemma4:e2b,gemma4,primary_model,core,task7_quarterly_headcount_plan,106,True,0.396335
adaptation_light,gemma4:e2b,gemma4,primary_model,core,task7_quarterly_headcount_plan,106,True,0.55086
no_coherence,gemma4:e2b,gemma4,primary_model,core,task7_quarterly_headcount_plan,106,True,0.37995500000000004
original,gemma4:e2b,gemma4,primary_model,core,task3_startup_week,107,True,0.3819
utility_only,gemma4:e2b,gemma4,primary_model,core,task3_startup_week,107,True,0.3437
balanced,gemma4:e2b,gemma4,primary_model,core,task3_startup_week,107,True,0.380045
adaptation_heavy,gemma4:e2b,gemma4,primary_model,core,task3_startup_week,107,True,0.33036
adaptation_light,gemma4:e2b,gemma4,primary_model,core,task3_startup_week,107,True,0.448785
no_coherence,gemma4:e2b,gemma4,primary_model,core,task3_startup_week,107,True,0.286535
original,gemma4:e2b,gemma4,primary_model,core,task6_incident_response_week,107,True,0.4012
utility_only,gemma4:e2b,gemma4,primary_model,core,task6_incident_response_week,107,True,0.3392
balanced,gemma4:e2b,gemma4,primary_model,core,task6_incident_response_week,107,True,0.43567999999999996
adaptation_heavy,gemma4:e2b,gemma4,primary_model,core,task6_incident_response_week,107,True,0.36872
adaptation_light,gemma4:e2b,gemma4,primary_model,core,task6_incident_response_week,107,True,0.50352
no_coherence,gemma4:e2b,gemma4,primary_model,core,task6_incident_response_week,107,True,0.33655999999999997
original,gemma4:e2b,gemma4,primary_model,core,task7_quarterly_headcount_plan,107,True,0.636
utility_only,gemma4:e2b,gemma4,primary_model,core,task7_quarterly_headcount_plan,107,True,0.4476
balanced,gemma4:e2b,gemma4,primary_model,core,task7_quarterly_headcount_plan,107,True,0.76476
adaptation_heavy,gemma4:e2b,gemma4,primary_model,core,task7_quarterly_headcount_plan,107,True,0.78762
adaptation_light,gemma4:e2b,gemma4,primary_model,core,task7_quarterly_headcount_plan,107,True,0.6638
no_coherence,gemma4:e2b,gemma4,primary_model,core,task7_quarterly_headcount_plan,107,True,0.6819
original,gemma4:e2b,gemma4,primary_model,core,task3_startup_week,108,True,0.3308
utility_only,gemma4:e2b,gemma4,primary_model,core,task3_startup_week,108,True,0.3103
balanced,gemma4:e2b,gemma4,primary_model,core,task3_startup_week,108,True,0.32479
adaptation_heavy,gemma4:e2b,gemma4,primary_model,core,task3_startup_week,108,True,0.284275
adaptation_light,gemma4:e2b,gemma4,primary_model,core,task3_startup_week,108,True,0.38685
no_coherence,gemma4:e2b,gemma4,primary_model,core,task3_startup_week,108,True,0.24566500000000002
original,gemma4:e2b,gemma4,primary_model,core,task6_incident_response_week,108,True,0.3406
utility_only,gemma4:e2b,gemma4,primary_model,core,task6_incident_response_week,108,True,0.2955
balanced,gemma4:e2b,gemma4,primary_model,core,task6_incident_response_week,108,True,0.36869999999999997
adaptation_heavy,gemma4:e2b,gemma4,primary_model,core,task6_incident_response_week,108,True,0.30749499999999996
adaptation_light,gemma4:e2b,gemma4,primary_model,core,task6_incident_response_week,108,True,0.42779999999999996
no_coherence,gemma4:e2b,gemma4,primary_model,core,task6_incident_response_week,108,True,0.301815
original,gemma4:e2b,gemma4,primary_model,core,task7_quarterly_headcount_plan,108,True,0.349
utility_only,gemma4:e2b,gemma4,primary_model,core,task7_quarterly_headcount_plan,108,True,0.3879
balanced,gemma4:e2b,gemma4,primary_model,core,task7_quarterly_headcount_plan,108,True,0.45516
adaptation_heavy,gemma4:e2b,gemma4,primary_model,core,task7_quarterly_headcount_plan,108,True,0.385765
adaptation_light,gemma4:e2b,gemma4,primary_model,core,task7_quarterly_headcount_plan,108,True,0.53274
no_coherence,gemma4:e2b,gemma4,primary_model,core,task7_quarterly_headcount_plan,108,True,0.36334500000000003
original,gemma4:e2b,gemma4,primary_model,core,task3_startup_week,109,True,0.3454
utility_only,gemma4:e2b,gemma4,primary_model,core,task3_startup_week,109,True,0.3295
balanced,gemma4:e2b,gemma4,primary_model,core,task3_startup_week,109,True,0.33997
adaptation_heavy,gemma4:e2b,gemma4,primary_model,core,task3_startup_week,109,True,0.295995
adaptation_light,gemma4:e2b,gemma4,primary_model,core,task3_startup_week,109,True,0.40587
no_coherence,gemma4:e2b,gemma4,primary_model,core,task3_startup_week,109,True,0.26372500000000004
original,gemma4:e2b,gemma4,primary_model,core,task6_incident_response_week,109,True,0.3986
utility_only,gemma4:e2b,gemma4,primary_model,core,task6_incident_response_week,109,True,0.3338
balanced,gemma4:e2b,gemma4,primary_model,core,task6_incident_response_week,109,True,0.43352
adaptation_heavy,gemma4:e2b,gemma4,primary_model,core,task6_incident_response_week,109,True,0.36683
adaptation_light,gemma4:e2b,gemma4,primary_model,core,task6_incident_response_week,109,True,0.50028
no_coherence,gemma4:e2b,gemma4,primary_model,core,task6_incident_response_week,109,True,0.33359
original,gemma4:e2b,gemma4,primary_model,core,task7_quarterly_headcount_plan,109,True,0.3782
utility_only,gemma4:e2b,gemma4,primary_model,core,task7_quarterly_headcount_plan,109,True,0.4337
balanced,gemma4:e2b,gemma4,primary_model,core,task7_quarterly_headcount_plan,109,True,0.47348
adaptation_heavy,gemma4:e2b,gemma4,primary_model,core,task7_quarterly_headcount_plan,109,True,0.401795
adaptation_light,gemma4:e2b,gemma4,primary_model,core,task7_quarterly_headcount_plan,109,True,0.5602199999999999
no_coherence,gemma4:e2b,gemma4,primary_model,core,task7_quarterly_headcount_plan,109,True,0.38853499999999996
original,gemma4:e2b,gemma4,primary_model,heldout,task3_startup_week,100,True,0.3645
utility_only,gemma4:e2b,gemma4,primary_model,heldout,task3_startup_week,100,True,0.329
balanced,gemma4:e2b,gemma4,primary_model,heldout,task3_startup_week,100,True,0.35660000000000003
adaptation_heavy,gemma4:e2b,gemma4,primary_model,heldout,task3_startup_week,100,True,0.31515
adaptation_light,gemma4:e2b,gemma4,primary_model,heldout,task3_startup_week,100,True,0.4224
no_coherence,gemma4:e2b,gemma4,primary_model,heldout,task3_startup_week,100,True,0.25595
original,gemma4:e2b,gemma4,primary_model,heldout,task6_incident_response_week,100,True,0.399
utility_only,gemma4:e2b,gemma4,primary_model,heldout,task6_incident_response_week,100,True,0.3346
balanced,gemma4:e2b,gemma4,primary_model,heldout,task6_incident_response_week,100,True,0.43384
adaptation_heavy,gemma4:e2b,gemma4,primary_model,heldout,task6_incident_response_week,100,True,0.36711
adaptation_light,gemma4:e2b,gemma4,primary_model,heldout,task6_incident_response_week,100,True,0.50076
no_coherence,gemma4:e2b,gemma4,primary_model,heldout,task6_incident_response_week,100,True,0.33403000000000005
original,gemma4:e2b,gemma4,primary_model,heldout,task7_quarterly_headcount_plan,100,True,0.4069
utility_only,gemma4:e2b,gemma4,primary_model,heldout,task7_quarterly_headcount_plan,100,True,0.4788
balanced,gemma4:e2b,gemma4,primary_model,heldout,task7_quarterly_headcount_plan,100,True,0.49152
adaptation_heavy,gemma4:e2b,gemma4,primary_model,heldout,task7_quarterly_headcount_plan,100,True,0.41757999999999995
adaptation_light,gemma4:e2b,gemma4,primary_model,heldout,task7_quarterly_headcount_plan,100,True,0.58728
no_coherence,gemma4:e2b,gemma4,primary_model,heldout,task7_quarterly_headcount_plan,100,True,0.41334000000000004
original,gemma4:e2b,gemma4,primary_model,heldout,task3_startup_week,101,True,0.3769
utility_only,gemma4:e2b,gemma4,primary_model,heldout,task3_startup_week,101,True,0.3539
balanced,gemma4:e2b,gemma4,primary_model,heldout,task3_startup_week,101,True,0.36656
adaptation_heavy,gemma4:e2b,gemma4,primary_model,heldout,task3_startup_week,101,True,0.32386499999999996
adaptation_light,gemma4:e2b,gemma4,primary_model,heldout,task3_startup_week,101,True,0.43734
no_coherence,gemma4:e2b,gemma4,primary_model,heldout,task3_startup_week,101,True,0.269645
original,gemma4:e2b,gemma4,primary_model,heldout,task6_incident_response_week,101,True,0.3796
utility_only,gemma4:e2b,gemma4,primary_model,heldout,task6_incident_response_week,101,True,0.3454
balanced,gemma4:e2b,gemma4,primary_model,heldout,task6_incident_response_week,101,True,0.40815999999999997
adaptation_heavy,gemma4:e2b,gemma4,primary_model,heldout,task6_incident_response_week,101,True,0.34088999999999997
adaptation_light,gemma4:e2b,gemma4,primary_model,heldout,task6_incident_response_week,101,True,0.47724
no_coherence,gemma4:e2b,gemma4,primary_model,heldout,task6_incident_response_week,101,True,0.33997
original,gemma4:e2b,gemma4,primary_model,heldout,task7_quarterly_headcount_plan,101,True,0.3994
utility_only,gemma4:e2b,gemma4,primary_model,heldout,task7_quarterly_headcount_plan,101,True,0.4669
balanced,gemma4:e2b,gemma4,primary_model,heldout,task7_quarterly_headcount_plan,101,True,0.48675999999999997
adaptation_heavy,gemma4:e2b,gemma4,primary_model,heldout,task7_quarterly_headcount_plan,101,True,0.413415
adaptation_light,gemma4:e2b,gemma4,primary_model,heldout,task7_quarterly_headcount_plan,101,True,0.58014
no_coherence,gemma4:e2b,gemma4,primary_model,heldout,task7_quarterly_headcount_plan,101,True,0.406795
original,gemma4:e2b,gemma4,primary_model,heldout,task3_startup_week,102,True,0.3783
utility_only,gemma4:e2b,gemma4,primary_model,heldout,task3_startup_week,102,True,0.3566
balanced,gemma4:e2b,gemma4,primary_model,heldout,task3_startup_week,102,True,0.36763999999999997
adaptation_heavy,gemma4:e2b,gemma4,primary_model,heldout,task3_startup_week,102,True,0.32481
adaptation_light,gemma4:e2b,gemma4,primary_model,heldout,task3_startup_week,102,True,0.43895999999999996
no_coherence,gemma4:e2b,gemma4,primary_model,heldout,task3_startup_week,102,True,0.27113
original,gemma4:e2b,gemma4,primary_model,heldout,task6_incident_response_week,102,True,0.4028
utility_only,gemma4:e2b,gemma4,primary_model,heldout,task6_incident_response_week,102,True,0.3584
balanced,gemma4:e2b,gemma4,primary_model,heldout,task6_incident_response_week,102,True,0.43452500000000005
adaptation_heavy,gemma4:e2b,gemma4,primary_model,heldout,task6_incident_response_week,102,True,0.366605
adaptation_light,gemma4:e2b,gemma4,primary_model,heldout,task6_incident_response_week,102,True,0.506205
no_coherence,gemma4:e2b,gemma4,primary_model,heldout,task6_incident_response_week,102,True,0.34712
original,gemma4:e2b,gemma4,primary_model,heldout,task7_quarterly_headcount_plan,102,True,0.3747
utility_only,gemma4:e2b,gemma4,primary_model,heldout,task7_quarterly_headcount_plan,102,True,0.4282
balanced,gemma4:e2b,gemma4,primary_model,heldout,task7_quarterly_headcount_plan,102,True,0.47128000000000003
adaptation_heavy,gemma4:e2b,gemma4,primary_model,heldout,task7_quarterly_headcount_plan,102,True,0.39987
adaptation_light,gemma4:e2b,gemma4,primary_model,heldout,task7_quarterly_headcount_plan,102,True,0.55692
no_coherence,gemma4:e2b,gemma4,primary_model,heldout,task7_quarterly_headcount_plan,102,True,0.38551
original,gemma4:e2b,gemma4,primary_model,heldout,task3_startup_week,103,False,0.6528
utility_only,gemma4:e2b,gemma4,primary_model,heldout,task3_startup_week,103,False,0.4791
balanced,gemma4:e2b,gemma4,primary_model,heldout,task3_startup_week,103,False,0.7023428571428573
adaptation_heavy,gemma4:e2b,gemma4,primary_model,heldout,task3_startup_week,103,False,0.6961416666666667
adaptation_light,gemma4:e2b,gemma4,primary_model,heldout,task3_startup_week,103,False,0.6527333333333334
no_coherence,gemma4:e2b,gemma4,primary_model,heldout,task3_startup_week,103,False,0.5907214285714285
original,gemma4:e2b,gemma4,primary_model,heldout,task6_incident_response_week,103,False,0.5978
utility_only,gemma4:e2b,gemma4,primary_model,heldout,task6_incident_response_week,103,False,0.3861
balanced,gemma4:e2b,gemma4,primary_model,heldout,task6_incident_response_week,103,False,0.6492000000000001
adaptation_heavy,gemma4:e2b,gemma4,primary_model,heldout,task6_incident_response_week,103,False,0.6418916666666667
adaptation_light,gemma4:e2b,gemma4,primary_model,heldout,task6_incident_response_week,103,False,0.5907333333333334
no_coherence,gemma4:e2b,gemma4,primary_model,heldout,task6_incident_response_week,103,False,0.5176499999999999
original,gemma4:e2b,gemma4,primary_model,heldout,task7_quarterly_headcount_plan,103,False,0.5708
utility_only,gemma4:e2b,gemma4,primary_model,heldout,task7_quarterly_headcount_plan,103,False,0.5019
balanced,gemma4:e2b,gemma4,primary_model,heldout,task7_quarterly_headcount_plan,103,False,0.7153714285714285
adaptation_heavy,gemma4:e2b,gemma4,primary_model,heldout,task7_quarterly_headcount_plan,103,False,0.7094416666666666
adaptation_light,gemma4:e2b,gemma4,primary_model,heldout,task7_quarterly_headcount_plan,103,False,0.6679333333333334
no_coherence,gemma4:e2b,gemma4,primary_model,heldout,task7_quarterly_headcount_plan,103,False,0.6086357142857143
original,gemma4:e2b,gemma4,primary_model,heldout,task3_startup_week,104,True,0.3733
utility_only,gemma4:e2b,gemma4,primary_model,heldout,task3_startup_week,104,True,0.3466
balanced,gemma4:e2b,gemma4,primary_model,heldout,task3_startup_week,104,True,0.36364
adaptation_heavy,gemma4:e2b,gemma4,primary_model,heldout,task3_startup_week,104,True,0.32131
adaptation_light,gemma4:e2b,gemma4,primary_model,heldout,task3_startup_week,104,True,0.43296
no_coherence,gemma4:e2b,gemma4,primary_model,heldout,task3_startup_week,104,True,0.26563000000000003
original,gemma4:e2b,gemma4,primary_model,heldout,task6_incident_response_week,104,True,0.3864
utility_only,gemma4:e2b,gemma4,primary_model,heldout,task6_incident_response_week,104,True,0.3074
balanced,gemma4:e2b,gemma4,primary_model,heldout,task6_incident_response_week,104,True,0.42296
adaptation_heavy,gemma4:e2b,gemma4,primary_model,heldout,task6_incident_response_week,104,True,0.35758999999999996
adaptation_light,gemma4:e2b,gemma4,primary_model,heldout,task6_incident_response_week,104,True,0.48444
no_coherence,gemma4:e2b,gemma4,primary_model,heldout,task6_incident_response_week,104,True,0.31907
original,gemma4:e2b,gemma4,primary_model,heldout,task7_quarterly_headcount_plan,104,True,0.3466
utility_only,gemma4:e2b,gemma4,primary_model,heldout,task7_quarterly_headcount_plan,104,True,0.384
balanced,gemma4:e2b,gemma4,primary_model,heldout,task7_quarterly_headcount_plan,104,True,0.4536
adaptation_heavy,gemma4:e2b,gemma4,primary_model,heldout,task7_quarterly_headcount_plan,104,True,0.38439999999999996
adaptation_light,gemma4:e2b,gemma4,primary_model,heldout,task7_quarterly_headcount_plan,104,True,0.5304
no_coherence,gemma4:e2b,gemma4,primary_model,heldout,task7_quarterly_headcount_plan,104,True,0.3612
original,gemma4:e2b,gemma4,primary_model,heldout,task3_startup_week,105,True,0.3977
utility_only,gemma4:e2b,gemma4,primary_model,heldout,task3_startup_week,105,True,0.3355
balanced,gemma4:e2b,gemma4,primary_model,heldout,task3_startup_week,105,True,0.4042
adaptation_heavy,gemma4:e2b,gemma4,primary_model,heldout,task3_startup_week,105,True,0.347425
adaptation_light,gemma4:e2b,gemma4,primary_model,heldout,task3_startup_week,105,True,0.4713
no_coherence,gemma4:e2b,gemma4,primary_model,heldout,task3_startup_week,105,True,0.30452500000000005
original,gemma4:e2b,gemma4,primary_model,heldout,task6_incident_response_week,105,True,0.3689
utility_only,gemma4:e2b,gemma4,primary_model,heldout,task6_incident_response_week,105,True,0.3083
balanced,gemma4:e2b,gemma4,primary_model,heldout,task6_incident_response_week,105,True,0.40127
adaptation_heavy,gemma4:e2b,gemma4,primary_model,heldout,task6_incident_response_week,105,True,0.335855
adaptation_light,gemma4:e2b,gemma4,primary_model,heldout,task6_incident_response_week,105,True,0.46292999999999995
no_coherence,gemma4:e2b,gemma4,primary_model,heldout,task6_incident_response_week,105,True,0.319565
original,gemma4:e2b,gemma4,primary_model,heldout,task7_quarterly_headcount_plan,105,True,0.5836
utility_only,gemma4:e2b,gemma4,primary_model,heldout,task7_quarterly_headcount_plan,105,True,0.3971
balanced,gemma4:e2b,gemma4,primary_model,heldout,task7_quarterly_headcount_plan,105,True,0.72131
adaptation_heavy,gemma4:e2b,gemma4,primary_model,heldout,task7_quarterly_headcount_plan,105,True,0.7389450000000001
adaptation_light,gemma4:e2b,gemma4,primary_model,heldout,task7_quarterly_headcount_plan,105,True,0.62575
no_coherence,gemma4:e2b,gemma4,primary_model,heldout,task7_quarterly_headcount_plan,105,True,0.630875
original,gemma4:e2b,gemma4,primary_model,heldout,task3_startup_week,106,True,0.4332
utility_only,gemma4:e2b,gemma4,primary_model,heldout,task3_startup_week,106,True,0.4663
balanced,gemma4:e2b,gemma4,primary_model,heldout,task3_startup_week,106,True,0.41152
adaptation_heavy,gemma4:e2b,gemma4,primary_model,heldout,task3_startup_week,106,True,0.363205
adaptation_light,gemma4:e2b,gemma4,primary_model,heldout,task3_startup_week,106,True,0.50478
no_coherence,gemma4:e2b,gemma4,primary_model,heldout,task3_startup_week,106,True,0.331465
original,gemma4:e2b,gemma4,primary_model,heldout,task6_incident_response_week,106,True,0.4178
utility_only,gemma4:e2b,gemma4,primary_model,heldout,task6_incident_response_week,106,True,0.3752
balanced,gemma4:e2b,gemma4,primary_model,heldout,task6_incident_response_week,106,True,0.45008
adaptation_heavy,gemma4:e2b,gemma4,primary_model,heldout,task6_incident_response_week,106,True,0.38132
adaptation_light,gemma4:e2b,gemma4,primary_model,heldout,task6_incident_response_week,106,True,0.52512
no_coherence,gemma4:e2b,gemma4,primary_model,heldout,task6_incident_response_week,106,True,0.35636
original,gemma4:e2b,gemma4,primary_model,heldout,task7_quarterly_headcount_plan,106,True,0.3976
utility_only,gemma4:e2b,gemma4,primary_model,heldout,task7_quarterly_headcount_plan,106,True,0.4642
balanced,gemma4:e2b,gemma4,primary_model,heldout,task7_quarterly_headcount_plan,106,True,0.48568
adaptation_heavy,gemma4:e2b,gemma4,primary_model,heldout,task7_quarterly_headcount_plan,106,True,0.41247
adaptation_light,gemma4:e2b,gemma4,primary_model,heldout,task7_quarterly_headcount_plan,106,True,0.5785199999999999
no_coherence,gemma4:e2b,gemma4,primary_model,heldout,task7_quarterly_headcount_plan,106,True,0.40531000000000006
original,gemma4:e2b,gemma4,primary_model,heldout,task3_startup_week,107,True,0.4058
utility_only,gemma4:e2b,gemma4,primary_model,heldout,task3_startup_week,107,True,0.3515
balanced,gemma4:e2b,gemma4,primary_model,heldout,task3_startup_week,107,True,0.41059999999999997
adaptation_heavy,gemma4:e2b,gemma4,primary_model,heldout,task3_startup_week,107,True,0.353025
adaptation_light,gemma4:e2b,gemma4,primary_model,heldout,task3_startup_week,107,True,0.4809
no_coherence,gemma4:e2b,gemma4,primary_model,heldout,task3_startup_week,107,True,0.31332499999999996
original,gemma4:e2b,gemma4,primary_model,heldout,task6_incident_response_week,107,True,0.3991
utility_only,gemma4:e2b,gemma4,primary_model,heldout,task6_incident_response_week,107,True,0.3348
balanced,gemma4:e2b,gemma4,primary_model,heldout,task6_incident_response_week,107,True,0.43392
adaptation_heavy,gemma4:e2b,gemma4,primary_model,heldout,task6_incident_response_week,107,True,0.36718
adaptation_light,gemma4:e2b,gemma4,primary_model,heldout,task6_incident_response_week,107,True,0.50088
no_coherence,gemma4:e2b,gemma4,primary_model,heldout,task6_incident_response_week,107,True,0.33414
original,gemma4:e2b,gemma4,primary_model,heldout,task7_quarterly_headcount_plan,107,True,0.3924
utility_only,gemma4:e2b,gemma4,primary_model,heldout,task7_quarterly_headcount_plan,107,True,0.456
balanced,gemma4:e2b,gemma4,primary_model,heldout,task7_quarterly_headcount_plan,107,True,0.4824
adaptation_heavy,gemma4:e2b,gemma4,primary_model,heldout,task7_quarterly_headcount_plan,107,True,0.40959999999999996
adaptation_light,gemma4:e2b,gemma4,primary_model,heldout,task7_quarterly_headcount_plan,107,True,0.5736
no_coherence,gemma4:e2b,gemma4,primary_model,heldout,task7_quarterly_headcount_plan,107,True,0.40080000000000005
original,gemma4:e2b,gemma4,primary_model,heldout,task3_startup_week,108,True,0.3532
utility_only,gemma4:e2b,gemma4,primary_model,heldout,task3_startup_week,108,True,0.3064
balanced,gemma4:e2b,gemma4,primary_model,heldout,task3_startup_week,108,True,0.34756
adaptation_heavy,gemma4:e2b,gemma4,primary_model,heldout,task3_startup_week,108,True,0.30724
adaptation_light,gemma4:e2b,gemma4,primary_model,heldout,task3_startup_week,108,True,0.40884
no_coherence,gemma4:e2b,gemma4,primary_model,heldout,task3_startup_week,108,True,0.24352000000000001
original,gemma4:e2b,gemma4,primary_model,heldout,task6_incident_response_week,108,True,0.381
utility_only,gemma4:e2b,gemma4,primary_model,heldout,task6_incident_response_week,108,True,0.2956
balanced,gemma4:e2b,gemma4,primary_model,heldout,task6_incident_response_week,108,True,0.41824
adaptation_heavy,gemma4:e2b,gemma4,primary_model,heldout,task6_incident_response_week,108,True,0.35346
adaptation_light,gemma4:e2b,gemma4,primary_model,heldout,task6_incident_response_week,108,True,0.47736
no_coherence,gemma4:e2b,gemma4,primary_model,heldout,task6_incident_response_week,108,True,0.31257999999999997
original,gemma4:e2b,gemma4,primary_model,heldout,task7_quarterly_headcount_plan,108,True,0.3485
utility_only,gemma4:e2b,gemma4,primary_model,heldout,task7_quarterly_headcount_plan,108,True,0.387
balanced,gemma4:e2b,gemma4,primary_model,heldout,task7_quarterly_headcount_plan,108,True,0.4548
adaptation_heavy,gemma4:e2b,gemma4,primary_model,heldout,task7_quarterly_headcount_plan,108,True,0.38544999999999996
adaptation_light,gemma4:e2b,gemma4,primary_model,heldout,task7_quarterly_headcount_plan,108,True,0.5322
no_coherence,gemma4:e2b,gemma4,primary_model,heldout,task7_quarterly_headcount_plan,108,True,0.36285
original,gemma4:e2b,gemma4,primary_model,heldout,task3_startup_week,109,True,0.3683
utility_only,gemma4:e2b,gemma4,primary_model,heldout,task3_startup_week,109,True,0.3366
balanced,gemma4:e2b,gemma4,primary_model,heldout,task3_startup_week,109,True,0.35964
adaptation_heavy,gemma4:e2b,gemma4,primary_model,heldout,task3_startup_week,109,True,0.31781
adaptation_light,gemma4:e2b,gemma4,primary_model,heldout,task3_startup_week,109,True,0.42696
no_coherence,gemma4:e2b,gemma4,primary_model,heldout,task3_startup_week,109,True,0.26013000000000003
original,gemma4:e2b,gemma4,primary_model,heldout,task6_incident_response_week,109,True,0.4025
utility_only,gemma4:e2b,gemma4,primary_model,heldout,task6_incident_response_week,109,True,0.3421
balanced,gemma4:e2b,gemma4,primary_model,heldout,task6_incident_response_week,109,True,0.43684
adaptation_heavy,gemma4:e2b,gemma4,primary_model,heldout,task6_incident_response_week,109,True,0.369735
adaptation_light,gemma4:e2b,gemma4,primary_model,heldout,task6_incident_response_week,109,True,0.50526
no_coherence,gemma4:e2b,gemma4,primary_model,heldout,task6_incident_response_week,109,True,0.338155
original,gemma4:e2b,gemma4,primary_model,heldout,task7_quarterly_headcount_plan,109,True,0.3795
utility_only,gemma4:e2b,gemma4,primary_model,heldout,task7_quarterly_headcount_plan,109,True,0.4357
balanced,gemma4:e2b,gemma4,primary_model,heldout,task7_quarterly_headcount_plan,109,True,0.47428
adaptation_heavy,gemma4:e2b,gemma4,primary_model,heldout,task7_quarterly_headcount_plan,109,True,0.402495
adaptation_light,gemma4:e2b,gemma4,primary_model,heldout,task7_quarterly_headcount_plan,109,True,0.56142
no_coherence,gemma4:e2b,gemma4,primary_model,heldout,task7_quarterly_headcount_plan,109,True,0.389635
original,gemma4:e4b,gemma4,primary_model,core,task3_startup_week,100,True,0.3249
utility_only,gemma4:e4b,gemma4,primary_model,core,task3_startup_week,100,True,0.3639
balanced,gemma4:e4b,gemma4,primary_model,core,task3_startup_week,100,True,0.313575
adaptation_heavy,gemma4:e4b,gemma4,primary_model,core,task3_startup_week,100,True,0.27038
adaptation_light,gemma4:e4b,gemma4,primary_model,core,task3_startup_week,100,True,0.386355
no_coherence,gemma4:e4b,gemma4,primary_model,core,task3_startup_week,100,True,0.27514500000000003
original,gemma4:e4b,gemma4,primary_model,core,task6_incident_response_week,100,True,0.3913
utility_only,gemma4:e4b,gemma4,primary_model,core,task6_incident_response_week,100,True,0.3443
balanced,gemma4:e4b,gemma4,primary_model,core,task6_incident_response_week,100,True,0.42272
adaptation_heavy,gemma4:e4b,gemma4,primary_model,core,task6_incident_response_week,100,True,0.355505
adaptation_light,gemma4:e4b,gemma4,primary_model,core,task6_incident_response_week,100,True,0.49158
no_coherence,gemma4:e4b,gemma4,primary_model,core,task6_incident_response_week,100,True,0.339365
original,gemma4:e4b,gemma4,primary_model,core,task7_quarterly_headcount_plan,100,True,0.3679
utility_only,gemma4:e4b,gemma4,primary_model,core,task7_quarterly_headcount_plan,100,True,0.4175
balanced,gemma4:e4b,gemma4,primary_model,core,task7_quarterly_headcount_plan,100,True,0.46699999999999997
adaptation_heavy,gemma4:e4b,gemma4,primary_model,core,task7_quarterly_headcount_plan,100,True,0.39612499999999995
adaptation_light,gemma4:e4b,gemma4,primary_model,core,task7_quarterly_headcount_plan,100,True,0.5505
no_coherence,gemma4:e4b,gemma4,primary_model,core,task7_quarterly_headcount_plan,100,True,0.379625
original,gemma4:e4b,gemma4,primary_model,core,task3_startup_week,101,True,0.3553
utility_only,gemma4:e4b,gemma4,primary_model,core,task3_startup_week,101,True,0.3582
balanced,gemma4:e4b,gemma4,primary_model,core,task3_startup_week,101,True,0.36198
adaptation_heavy,gemma4:e4b,gemma4,primary_model,core,task3_startup_week,101,True,0.30157
adaptation_light,gemma4:e4b,gemma4,primary_model,core,task3_startup_week,101,True,0.43362
no_coherence,gemma4:e4b,gemma4,primary_model,core,task3_startup_week,101,True,0.32451
original,gemma4:e4b,gemma4,primary_model,core,task6_incident_response_week,101,True,0.3886
utility_only,gemma4:e4b,gemma4,primary_model,core,task6_incident_response_week,101,True,0.3385
balanced,gemma4:e4b,gemma4,primary_model,core,task6_incident_response_week,101,True,0.4204
adaptation_heavy,gemma4:e4b,gemma4,primary_model,core,task6_incident_response_week,101,True,0.353475
adaptation_light,gemma4:e4b,gemma4,primary_model,core,task6_incident_response_week,101,True,0.4881
no_coherence,gemma4:e4b,gemma4,primary_model,core,task6_incident_response_week,101,True,0.336175
original,gemma4:e4b,gemma4,primary_model,core,task7_quarterly_headcount_plan,101,True,0.4443
utility_only,gemma4:e4b,gemma4,primary_model,core,task7_quarterly_headcount_plan,101,True,0.4585
balanced,gemma4:e4b,gemma4,primary_model,core,task7_quarterly_headcount_plan,101,True,0.48628
adaptation_heavy,gemma4:e4b,gemma4,primary_model,core,task7_quarterly_headcount_plan,101,True,0.446635
adaptation_light,gemma4:e4b,gemma4,primary_model,core,task7_quarterly_headcount_plan,101,True,0.51142
no_coherence,gemma4:e4b,gemma4,primary_model,core,task7_quarterly_headcount_plan,101,True,0.502015
original,gemma4:e4b,gemma4,primary_model,core,task3_startup_week,102,True,0.3423
utility_only,gemma4:e4b,gemma4,primary_model,core,task3_startup_week,102,True,0.3711
balanced,gemma4:e4b,gemma4,primary_model,core,task3_startup_week,102,True,0.345225
adaptation_heavy,gemma4:e4b,gemma4,primary_model,core,task3_startup_week,102,True,0.28667000000000004
adaptation_light,gemma4:e4b,gemma4,primary_model,core,task3_startup_week,102,True,0.419445
no_coherence,gemma4:e4b,gemma4,primary_model,core,task3_startup_week,102,True,0.324105
original,gemma4:e4b,gemma4,primary_model,core,task6_incident_response_week,102,True,0.3752
utility_only,gemma4:e4b,gemma4,primary_model,core,task6_incident_response_week,102,True,0.3513
balanced,gemma4:e4b,gemma4,primary_model,core,task6_incident_response_week,102,True,0.40173
adaptation_heavy,gemma4:e4b,gemma4,primary_model,core,task6_incident_response_week,102,True,0.334165
adaptation_light,gemma4:e4b,gemma4,primary_model,core,task6_incident_response_week,102,True,0.47198999999999997
no_coherence,gemma4:e4b,gemma4,primary_model,core,task6_incident_response_week,102,True,0.34321500000000005
original,gemma4:e4b,gemma4,primary_model,core,task7_quarterly_headcount_plan,102,True,0.4467
utility_only,gemma4:e4b,gemma4,primary_model,core,task7_quarterly_headcount_plan,102,True,0.4358
balanced,gemma4:e4b,gemma4,primary_model,core,task7_quarterly_headcount_plan,102,True,0.5090600000000001
adaptation_heavy,gemma4:e4b,gemma4,primary_model,core,task7_quarterly_headcount_plan,102,True,0.47385
adaptation_light,gemma4:e4b,gemma4,primary_model,core,task7_quarterly_headcount_plan,102,True,0.52306
no_coherence,gemma4:e4b,gemma4,primary_model,core,task7_quarterly_headcount_plan,102,True,0.49943000000000004
original,gemma4:e4b,gemma4,primary_model,core,task3_startup_week,103,False,0.5282
utility_only,gemma4:e4b,gemma4,primary_model,core,task3_startup_week,103,False,0.4207
balanced,gemma4:e4b,gemma4,primary_model,core,task3_startup_week,103,False,0.5773214285714287
adaptation_heavy,gemma4:e4b,gemma4,primary_model,core,task3_startup_week,103,False,0.55515
adaptation_light,gemma4:e4b,gemma4,primary_model,core,task3_startup_week,103,False,0.5425166666666666
no_coherence,gemma4:e4b,gemma4,primary_model,core,task3_startup_week,103,False,0.5448357142857143
original,gemma4:e4b,gemma4,primary_model,core,task6_incident_response_week,103,False,0.5403
utility_only,gemma4:e4b,gemma4,primary_model,core,task6_incident_response_week,103,False,0.3743
balanced,gemma4:e4b,gemma4,primary_model,core,task6_incident_response_week,103,False,0.5804857142857144
adaptation_heavy,gemma4:e4b,gemma4,primary_model,core,task6_incident_response_week,103,False,0.5627083333333334
adaptation_light,gemma4:e4b,gemma4,primary_model,core,task6_incident_response_week,103,False,0.5346666666666666
no_coherence,gemma4:e4b,gemma4,primary_model,core,task6_incident_response_week,103,False,0.5083785714285713
original,gemma4:e4b,gemma4,primary_model,core,task7_quarterly_headcount_plan,103,False,0.5919
utility_only,gemma4:e4b,gemma4,primary_model,core,task7_quarterly_headcount_plan,103,False,0.5263
balanced,gemma4:e4b,gemma4,primary_model,core,task7_quarterly_headcount_plan,103,False,0.7293142857142857
adaptation_heavy,gemma4:e4b,gemma4,primary_model,core,task7_quarterly_headcount_plan,103,False,0.723675
adaptation_light,gemma4:e4b,gemma4,primary_model,core,task7_quarterly_headcount_plan,103,False,0.6842
no_coherence,gemma4:e4b,gemma4,primary_model,core,task7_quarterly_headcount_plan,103,False,0.6278071428571428
original,gemma4:e4b,gemma4,primary_model,core,task3_startup_week,104,True,0.3381
utility_only,gemma4:e4b,gemma4,primary_model,core,task3_startup_week,104,True,0.3356
balanced,gemma4:e4b,gemma4,primary_model,core,task3_startup_week,104,True,0.349535
adaptation_heavy,gemma4:e4b,gemma4,primary_model,core,task3_startup_week,104,True,0.287755
adaptation_light,gemma4:e4b,gemma4,primary_model,core,task3_startup_week,104,True,0.416655
no_coherence,gemma4:e4b,gemma4,primary_model,core,task3_startup_week,104,True,0.31958000000000003
original,gemma4:e4b,gemma4,primary_model,core,task6_incident_response_week,104,True,0.3672
utility_only,gemma4:e4b,gemma4,primary_model,core,task6_incident_response_week,104,True,0.3186
balanced,gemma4:e4b,gemma4,primary_model,core,task6_incident_response_week,104,True,0.39744
adaptation_heavy,gemma4:e4b,gemma4,primary_model,core,task6_incident_response_week,104,True,0.33150999999999997
adaptation_light,gemma4:e4b,gemma4,primary_model,core,task6_incident_response_week,104,True,0.46116
no_coherence,gemma4:e4b,gemma4,primary_model,core,task6_incident_response_week,104,True,0.32523
original,gemma4:e4b,gemma4,primary_model,core,task7_quarterly_headcount_plan,104,True,0.3415
utility_only,gemma4:e4b,gemma4,primary_model,core,task7_quarterly_headcount_plan,104,True,0.376
balanced,gemma4:e4b,gemma4,primary_model,core,task7_quarterly_headcount_plan,104,True,0.4504
adaptation_heavy,gemma4:e4b,gemma4,primary_model,core,task7_quarterly_headcount_plan,104,True,0.3816
adaptation_light,gemma4:e4b,gemma4,primary_model,core,task7_quarterly_headcount_plan,104,True,0.5256
no_coherence,gemma4:e4b,gemma4,primary_model,core,task7_quarterly_headcount_plan,104,True,0.3568
original,gemma4:e4b,gemma4,primary_model,core,task3_startup_week,105,True,0.4596
utility_only,gemma4:e4b,gemma4,primary_model,core,task3_startup_week,105,True,0.3275
balanced,gemma4:e4b,gemma4,primary_model,core,task3_startup_week,105,True,0.482255
adaptation_heavy,gemma4:e4b,gemma4,primary_model,core,task3_startup_week,105,True,0.47921
adaptation_light,gemma4:e4b,gemma4,primary_model,core,task3_startup_week,105,True,0.45609500000000003
no_coherence,gemma4:e4b,gemma4,primary_model,core,task3_startup_week,105,True,0.415115
original,gemma4:e4b,gemma4,primary_model,core,task6_incident_response_week,105,True,0.5154
utility_only,gemma4:e4b,gemma4,primary_model,core,task6_incident_response_week,105,True,0.3117
balanced,gemma4:e4b,gemma4,primary_model,core,task6_incident_response_week,105,True,0.539745
adaptation_heavy,gemma4:e4b,gemma4,primary_model,core,task6_incident_response_week,105,True,0.556945
adaptation_light,gemma4:e4b,gemma4,primary_model,core,task6_incident_response_week,105,True,0.46508499999999997
no_coherence,gemma4:e4b,gemma4,primary_model,core,task6_incident_response_week,105,True,0.48408
original,gemma4:e4b,gemma4,primary_model,core,task7_quarterly_headcount_plan,105,True,0.4305
utility_only,gemma4:e4b,gemma4,primary_model,core,task7_quarterly_headcount_plan,105,True,0.3784
balanced,gemma4:e4b,gemma4,primary_model,core,task7_quarterly_headcount_plan,105,True,0.50932
adaptation_heavy,gemma4:e4b,gemma4,primary_model,core,task7_quarterly_headcount_plan,105,True,0.48472
adaptation_light,gemma4:e4b,gemma4,primary_model,core,task7_quarterly_headcount_plan,105,True,0.49635999999999997
no_coherence,gemma4:e4b,gemma4,primary_model,core,task7_quarterly_headcount_plan,105,True,0.49108
original,gemma4:e4b,gemma4,primary_model,core,task3_startup_week,106,True,0.3513
utility_only,gemma4:e4b,gemma4,primary_model,core,task3_startup_week,106,True,0.4109
balanced,gemma4:e4b,gemma4,primary_model,core,task3_startup_week,106,True,0.34271
adaptation_heavy,gemma4:e4b,gemma4,primary_model,core,task3_startup_week,106,True,0.289665
adaptation_light,gemma4:e4b,gemma4,primary_model,core,task3_startup_week,106,True,0.42489
no_coherence,gemma4:e4b,gemma4,primary_model,core,task3_startup_week,106,True,0.323495
original,gemma4:e4b,gemma4,primary_model,core,task6_incident_response_week,106,True,0.3631
utility_only,gemma4:e4b,gemma4,primary_model,core,task6_incident_response_week,106,True,0.3783
balanced,gemma4:e4b,gemma4,primary_model,core,task6_incident_response_week,106,True,0.382305
adaptation_heavy,gemma4:e4b,gemma4,primary_model,core,task6_incident_response_week,106,True,0.320535
adaptation_light,gemma4:e4b,gemma4,primary_model,core,task6_incident_response_week,106,True,0.457965
no_coherence,gemma4:e4b,gemma4,primary_model,core,task6_incident_response_week,106,True,0.33663
original,gemma4:e4b,gemma4,primary_model,core,task7_quarterly_headcount_plan,106,True,0.4113
utility_only,gemma4:e4b,gemma4,primary_model,core,task7_quarterly_headcount_plan,106,True,0.4988
balanced,gemma4:e4b,gemma4,primary_model,core,task7_quarterly_headcount_plan,106,True,0.47756
adaptation_heavy,gemma4:e4b,gemma4,primary_model,core,task7_quarterly_headcount_plan,106,True,0.40262
adaptation_light,gemma4:e4b,gemma4,primary_model,core,task7_quarterly_headcount_plan,106,True,0.5773199999999999
no_coherence,gemma4:e4b,gemma4,primary_model,core,task7_quarterly_headcount_plan,106,True,0.42434000000000005
original,gemma4:e4b,gemma4,primary_model,core,task3_startup_week,107,True,0.3375
utility_only,gemma4:e4b,gemma4,primary_model,core,task3_startup_week,107,True,0.3639
balanced,gemma4:e4b,gemma4,primary_model,core,task3_startup_week,107,True,0.33111
adaptation_heavy,gemma4:e4b,gemma4,primary_model,core,task3_startup_week,107,True,0.282915
adaptation_light,gemma4:e4b,gemma4,primary_model,core,task3_startup_week,107,True,0.40388999999999997
no_coherence,gemma4:e4b,gemma4,primary_model,core,task3_startup_week,107,True,0.290145
original,gemma4:e4b,gemma4,primary_model,core,task6_incident_response_week,107,True,0.3415
utility_only,gemma4:e4b,gemma4,primary_model,core,task6_incident_response_week,107,True,0.3429
balanced,gemma4:e4b,gemma4,primary_model,core,task6_incident_response_week,107,True,0.361725
adaptation_heavy,gemma4:e4b,gemma4,primary_model,core,task6_incident_response_week,107,True,0.308865
adaptation_light,gemma4:e4b,gemma4,primary_model,core,task6_incident_response_week,107,True,0.430305
no_coherence,gemma4:e4b,gemma4,primary_model,core,task6_incident_response_week,107,True,0.29574
original,gemma4:e4b,gemma4,primary_model,core,task7_quarterly_headcount_plan,107,True,0.5383
utility_only,gemma4:e4b,gemma4,primary_model,core,task7_quarterly_headcount_plan,107,True,0.4265
balanced,gemma4:e4b,gemma4,primary_model,core,task7_quarterly_headcount_plan,107,True,0.657455
adaptation_heavy,gemma4:e4b,gemma4,primary_model,core,task7_quarterly_headcount_plan,107,True,0.6496999999999999
adaptation_light,gemma4:e4b,gemma4,primary_model,core,task7_quarterly_headcount_plan,107,True,0.6156149999999999
no_coherence,gemma4:e4b,gemma4,primary_model,core,task7_quarterly_headcount_plan,107,True,0.575285
original,gemma4:e4b,gemma4,primary_model,core,task3_startup_week,108,True,0.3084
utility_only,gemma4:e4b,gemma4,primary_model,core,task3_startup_week,108,True,0.3165
balanced,gemma4:e4b,gemma4,primary_model,core,task3_startup_week,108,True,0.319245
adaptation_heavy,gemma4:e4b,gemma4,primary_model,core,task3_startup_week,108,True,0.26092
adaptation_light,gemma4:e4b,gemma4,primary_model,core,task3_startup_week,108,True,0.38254499999999997
no_coherence,gemma4:e4b,gemma4,primary_model,core,task3_startup_week,108,True,0.30157500000000004
original,gemma4:e4b,gemma4,primary_model,core,task6_incident_response_week,108,True,0.3581
utility_only,gemma4:e4b,gemma4,primary_model,core,task6_incident_response_week,108,True,0.2989
balanced,gemma4:e4b,gemma4,primary_model,core,task6_incident_response_week,108,True,0.38956
adaptation_heavy,gemma4:e4b,gemma4,primary_model,core,task6_incident_response_week,108,True,0.324615
adaptation_light,gemma4:e4b,gemma4,primary_model,core,task6_incident_response_week,108,True,0.44933999999999996
no_coherence,gemma4:e4b,gemma4,primary_model,core,task6_incident_response_week,108,True,0.314395
original,gemma4:e4b,gemma4,primary_model,core,task7_quarterly_headcount_plan,108,True,0.5344
utility_only,gemma4:e4b,gemma4,primary_model,core,task7_quarterly_headcount_plan,108,True,0.363
balanced,gemma4:e4b,gemma4,primary_model,core,task7_quarterly_headcount_plan,108,True,0.6760499999999999
adaptation_heavy,gemma4:e4b,gemma4,primary_model,core,task7_quarterly_headcount_plan,108,True,0.68485
adaptation_light,gemma4:e4b,gemma4,primary_model,core,task7_quarterly_headcount_plan,108,True,0.59475
no_coherence,gemma4:e4b,gemma4,primary_model,core,task7_quarterly_headcount_plan,108,True,0.5805
original,gemma4:e4b,gemma4,primary_model,core,task3_startup_week,109,True,0.5295
utility_only,gemma4:e4b,gemma4,primary_model,core,task3_startup_week,109,True,0.3546
balanced,gemma4:e4b,gemma4,primary_model,core,task3_startup_week,109,True,0.570495
adaptation_heavy,gemma4:e4b,gemma4,primary_model,core,task3_startup_week,109,True,0.585765
adaptation_light,gemma4:e4b,gemma4,primary_model,core,task3_startup_week,109,True,0.495415
no_coherence,gemma4:e4b,gemma4,primary_model,core,task3_startup_week,109,True,0.53403
original,gemma4:e4b,gemma4,primary_model,core,task6_incident_response_week,109,True,0.64
utility_only,gemma4:e4b,gemma4,primary_model,core,task6_incident_response_week,109,True,0.3368
balanced,gemma4:e4b,gemma4,primary_model,core,task6_incident_response_week,109,True,0.6732199999999999
adaptation_heavy,gemma4:e4b,gemma4,primary_model,core,task6_incident_response_week,109,True,0.70088
adaptation_light,gemma4:e4b,gemma4,primary_model,core,task6_incident_response_week,109,True,0.55158
no_coherence,gemma4:e4b,gemma4,primary_model,core,task6_incident_response_week,109,True,0.61874
original,gemma4:e4b,gemma4,primary_model,core,task7_quarterly_headcount_plan,109,True,0.3573
utility_only,gemma4:e4b,gemma4,primary_model,core,task7_quarterly_headcount_plan,109,True,0.4009
balanced,gemma4:e4b,gemma4,primary_model,core,task7_quarterly_headcount_plan,109,True,0.46036
adaptation_heavy,gemma4:e4b,gemma4,primary_model,core,task7_quarterly_headcount_plan,109,True,0.39031499999999997
adaptation_light,gemma4:e4b,gemma4,primary_model,core,task7_quarterly_headcount_plan,109,True,0.54054
no_coherence,gemma4:e4b,gemma4,primary_model,core,task7_quarterly_headcount_plan,109,True,0.370495
original,gemma4:e4b,gemma4,primary_model,heldout,task3_startup_week,100,True,0.3808
utility_only,gemma4:e4b,gemma4,primary_model,heldout,task3_startup_week,100,True,0.3765
balanced,gemma4:e4b,gemma4,primary_model,heldout,task3_startup_week,100,True,0.37314
adaptation_heavy,gemma4:e4b,gemma4,primary_model,heldout,task3_startup_week,100,True,0.324315
adaptation_light,gemma4:e4b,gemma4,primary_model,heldout,task3_startup_week,100,True,0.44843999999999995
no_coherence,gemma4:e4b,gemma4,primary_model,heldout,task3_startup_week,100,True,0.297075
original,gemma4:e4b,gemma4,primary_model,heldout,task6_incident_response_week,100,True,0.38
utility_only,gemma4:e4b,gemma4,primary_model,heldout,task6_incident_response_week,100,True,0.3508
balanced,gemma4:e4b,gemma4,primary_model,heldout,task6_incident_response_week,100,True,0.40774
adaptation_heavy,gemma4:e4b,gemma4,primary_model,heldout,task6_incident_response_week,100,True,0.3402
adaptation_light,gemma4:e4b,gemma4,primary_model,heldout,task6_incident_response_week,100,True,0.4779
no_coherence,gemma4:e4b,gemma4,primary_model,heldout,task6_incident_response_week,100,True,0.34294
original,gemma4:e4b,gemma4,primary_model,heldout,task7_quarterly_headcount_plan,100,True,0.3446
utility_only,gemma4:e4b,gemma4,primary_model,heldout,task7_quarterly_headcount_plan,100,True,0.4255
balanced,gemma4:e4b,gemma4,primary_model,heldout,task7_quarterly_headcount_plan,100,True,0.3952
adaptation_heavy,gemma4:e4b,gemma4,primary_model,heldout,task7_quarterly_headcount_plan,100,True,0.32392499999999996
adaptation_light,gemma4:e4b,gemma4,primary_model,heldout,task7_quarterly_headcount_plan,100,True,0.48029999999999995
no_coherence,gemma4:e4b,gemma4,primary_model,heldout,task7_quarterly_headcount_plan,100,True,0.384025
original,gemma4:e4b,gemma4,primary_model,heldout,task3_startup_week,101,True,0.4161
utility_only,gemma4:e4b,gemma4,primary_model,heldout,task3_startup_week,101,True,0.3902
balanced,gemma4:e4b,gemma4,primary_model,heldout,task3_startup_week,101,True,0.422075
adaptation_heavy,gemma4:e4b,gemma4,primary_model,heldout,task3_startup_week,101,True,0.357565
adaptation_light,gemma4:e4b,gemma4,primary_model,heldout,task3_startup_week,101,True,0.500115
no_coherence,gemma4:e4b,gemma4,primary_model,heldout,task3_startup_week,101,True,0.34961000000000003
original,gemma4:e4b,gemma4,primary_model,heldout,task6_incident_response_week,101,True,0.3718
utility_only,gemma4:e4b,gemma4,primary_model,heldout,task6_incident_response_week,101,True,0.3593
balanced,gemma4:e4b,gemma4,primary_model,heldout,task6_incident_response_week,101,True,0.39614
adaptation_heavy,gemma4:e4b,gemma4,primary_model,heldout,task6_incident_response_week,101,True,0.328175
adaptation_light,gemma4:e4b,gemma4,primary_model,heldout,task6_incident_response_week,101,True,0.46799999999999997
no_coherence,gemma4:e4b,gemma4,primary_model,heldout,task6_incident_response_week,101,True,0.347615
original,gemma4:e4b,gemma4,primary_model,heldout,task7_quarterly_headcount_plan,101,True,0.4674
utility_only,gemma4:e4b,gemma4,primary_model,heldout,task7_quarterly_headcount_plan,101,True,0.4398
balanced,gemma4:e4b,gemma4,primary_model,heldout,task7_quarterly_headcount_plan,101,True,0.53142
adaptation_heavy,gemma4:e4b,gemma4,primary_model,heldout,task7_quarterly_headcount_plan,101,True,0.50293
adaptation_light,gemma4:e4b,gemma4,primary_model,heldout,task7_quarterly_headcount_plan,101,True,0.53238
no_coherence,gemma4:e4b,gemma4,primary_model,heldout,task7_quarterly_headcount_plan,101,True,0.52239
original,gemma4:e4b,gemma4,primary_model,heldout,task3_startup_week,102,True,0.4084
utility_only,gemma4:e4b,gemma4,primary_model,heldout,task3_startup_week,102,True,0.3887
balanced,gemma4:e4b,gemma4,primary_model,heldout,task3_startup_week,102,True,0.4145
adaptation_heavy,gemma4:e4b,gemma4,primary_model,heldout,task3_startup_week,102,True,0.350065
adaptation_light,gemma4:e4b,gemma4,primary_model,heldout,task3_startup_week,102,True,0.49224
no_coherence,gemma4:e4b,gemma4,primary_model,heldout,task3_startup_week,102,True,0.348785
original,gemma4:e4b,gemma4,primary_model,heldout,task6_incident_response_week,102,True,0.3787
utility_only,gemma4:e4b,gemma4,primary_model,heldout,task6_incident_response_week,102,True,0.3587
balanced,gemma4:e4b,gemma4,primary_model,heldout,task6_incident_response_week,102,True,0.40469
adaptation_heavy,gemma4:e4b,gemma4,primary_model,heldout,task6_incident_response_week,102,True,0.33675499999999997
adaptation_light,gemma4:e4b,gemma4,primary_model,heldout,task6_incident_response_week,102,True,0.47642999999999996
no_coherence,gemma4:e4b,gemma4,primary_model,heldout,task6_incident_response_week,102,True,0.347285
original,gemma4:e4b,gemma4,primary_model,heldout,task7_quarterly_headcount_plan,102,True,0.4494
utility_only,gemma4:e4b,gemma4,primary_model,heldout,task7_quarterly_headcount_plan,102,True,0.4365
balanced,gemma4:e4b,gemma4,primary_model,heldout,task7_quarterly_headcount_plan,102,True,0.5118
adaptation_heavy,gemma4:e4b,gemma4,primary_model,heldout,task7_quarterly_headcount_plan,102,True,0.477375
adaptation_light,gemma4:e4b,gemma4,primary_model,heldout,task7_quarterly_headcount_plan,102,True,0.5243
no_coherence,gemma4:e4b,gemma4,primary_model,heldout,task7_quarterly_headcount_plan,102,True,0.502275
original,gemma4:e4b,gemma4,primary_model,heldout,task3_startup_week,103,False,0.5579
utility_only,gemma4:e4b,gemma4,primary_model,heldout,task3_startup_week,103,False,0.4311
balanced,gemma4:e4b,gemma4,primary_model,heldout,task3_startup_week,103,False,0.6075642857142857
adaptation_heavy,gemma4:e4b,gemma4,primary_model,heldout,task3_startup_week,103,False,0.5895666666666667
adaptation_light,gemma4:e4b,gemma4,primary_model,heldout,task3_startup_week,103,False,0.56835
no_coherence,gemma4:e4b,gemma4,primary_model,heldout,task3_startup_week,103,False,0.5530071428571428
original,gemma4:e4b,gemma4,primary_model,heldout,task6_incident_response_week,103,False,0.5355
utility_only,gemma4:e4b,gemma4,primary_model,heldout,task6_incident_response_week,103,False,0.3928
balanced,gemma4:e4b,gemma4,primary_model,heldout,task6_incident_response_week,103,False,0.5701428571428572
adaptation_heavy,gemma4:e4b,gemma4,primary_model,heldout,task6_incident_response_week,103,False,0.5491
adaptation_light,gemma4:e4b,gemma4,primary_model,heldout,task6_incident_response_week,103,False,0.5307333333333334
no_coherence,gemma4:e4b,gemma4,primary_model,heldout,task6_incident_response_week,103,False,0.5229142857142857
original,gemma4:e4b,gemma4,primary_model,heldout,task7_quarterly_headcount_plan,103,False,0.5932
utility_only,gemma4:e4b,gemma4,primary_model,heldout,task7_quarterly_headcount_plan,103,False,0.5279
balanced,gemma4:e4b,gemma4,primary_model,heldout,task7_quarterly_headcount_plan,103,False,0.7302285714285716
adaptation_heavy,gemma4:e4b,gemma4,primary_model,heldout,task7_quarterly_headcount_plan,103,False,0.7246083333333334
adaptation_light,gemma4:e4b,gemma4,primary_model,heldout,task7_quarterly_headcount_plan,103,False,0.6852666666666668
no_coherence,gemma4:e4b,gemma4,primary_model,heldout,task7_quarterly_headcount_plan,103,False,0.6290642857142856
original,gemma4:e4b,gemma4,primary_model,heldout,task3_startup_week,104,True,0.3603
utility_only,gemma4:e4b,gemma4,primary_model,heldout,task3_startup_week,104,True,0.3349
balanced,gemma4:e4b,gemma4,primary_model,heldout,task3_startup_week,104,True,0.37183
adaptation_heavy,gemma4:e4b,gemma4,primary_model,heldout,task3_startup_week,104,True,0.310085
adaptation_light,gemma4:e4b,gemma4,primary_model,heldout,task3_startup_week,104,True,0.43881
no_coherence,gemma4:e4b,gemma4,primary_model,heldout,task3_startup_week,104,True,0.319195
original,gemma4:e4b,gemma4,primary_model,heldout,task6_incident_response_week,104,True,0.3591
utility_only,gemma4:e4b,gemma4,primary_model,heldout,task6_incident_response_week,104,True,0.3165
balanced,gemma4:e4b,gemma4,primary_model,heldout,task6_incident_response_week,104,True,0.38781
adaptation_heavy,gemma4:e4b,gemma4,primary_model,heldout,task6_incident_response_week,104,True,0.32198499999999997
adaptation_light,gemma4:e4b,gemma4,primary_model,heldout,task6_incident_response_week,104,True,0.45110999999999996
no_coherence,gemma4:e4b,gemma4,primary_model,heldout,task6_incident_response_week,104,True,0.324075
original,gemma4:e4b,gemma4,primary_model,heldout,task7_quarterly_headcount_plan,104,True,0.355
utility_only,gemma4:e4b,gemma4,primary_model,heldout,task7_quarterly_headcount_plan,104,True,0.3973
balanced,gemma4:e4b,gemma4,primary_model,heldout,task7_quarterly_headcount_plan,104,True,0.45892
adaptation_heavy,gemma4:e4b,gemma4,primary_model,heldout,task7_quarterly_headcount_plan,104,True,0.389055
adaptation_light,gemma4:e4b,gemma4,primary_model,heldout,task7_quarterly_headcount_plan,104,True,0.53838
no_coherence,gemma4:e4b,gemma4,primary_model,heldout,task7_quarterly_headcount_plan,104,True,0.36851500000000004
original,gemma4:e4b,gemma4,primary_model,heldout,task3_startup_week,105,True,0.5502
utility_only,gemma4:e4b,gemma4,primary_model,heldout,task3_startup_week,105,True,0.3245
balanced,gemma4:e4b,gemma4,primary_model,heldout,task3_startup_week,105,True,0.60026
adaptation_heavy,gemma4:e4b,gemma4,primary_model,heldout,task3_startup_week,105,True,0.614155
adaptation_light,gemma4:e4b,gemma4,primary_model,heldout,task3_startup_week,105,True,0.51492
no_coherence,gemma4:e4b,gemma4,primary_model,heldout,task3_startup_week,105,True,0.538835
original,gemma4:e4b,gemma4,primary_model,heldout,task6_incident_response_week,105,True,0.347
utility_only,gemma4:e4b,gemma4,primary_model,heldout,task6_incident_response_week,105,True,0.3086
balanced,gemma4:e4b,gemma4,primary_model,heldout,task6_incident_response_week,105,True,0.37433
adaptation_heavy,gemma4:e4b,gemma4,primary_model,heldout,task6_incident_response_week,105,True,0.3089
adaptation_light,gemma4:e4b,gemma4,primary_model,heldout,task6_incident_response_week,105,True,0.43605
no_coherence,gemma4:e4b,gemma4,primary_model,heldout,task6_incident_response_week,105,True,0.31972999999999996
original,gemma4:e4b,gemma4,primary_model,heldout,task7_quarterly_headcount_plan,105,True,0.5648
utility_only,gemma4:e4b,gemma4,primary_model,heldout,task7_quarterly_headcount_plan,105,True,0.382
balanced,gemma4:e4b,gemma4,primary_model,heldout,task7_quarterly_headcount_plan,105,True,0.70471
adaptation_heavy,gemma4:e4b,gemma4,primary_model,heldout,task7_quarterly_headcount_plan,105,True,0.71958
adaptation_light,gemma4:e4b,gemma4,primary_model,heldout,task7_quarterly_headcount_plan,105,True,0.61317
no_coherence,gemma4:e4b,gemma4,primary_model,heldout,task7_quarterly_headcount_plan,105,True,0.6120099999999999
original,gemma4:e4b,gemma4,primary_model,heldout,task3_startup_week,106,True,0.4034
utility_only,gemma4:e4b,gemma4,primary_model,heldout,task3_startup_week,106,True,0.4134
balanced,gemma4:e4b,gemma4,primary_model,heldout,task3_startup_week,106,True,0.39702
adaptation_heavy,gemma4:e4b,gemma4,primary_model,heldout,task3_startup_week,106,True,0.34135
adaptation_light,gemma4:e4b,gemma4,primary_model,heldout,task3_startup_week,106,True,0.47969999999999996
no_coherence,gemma4:e4b,gemma4,primary_model,heldout,task3_startup_week,106,True,0.33237
original,gemma4:e4b,gemma4,primary_model,heldout,task6_incident_response_week,106,True,0.366
utility_only,gemma4:e4b,gemma4,primary_model,heldout,task6_incident_response_week,106,True,0.3848
balanced,gemma4:e4b,gemma4,primary_model,heldout,task6_incident_response_week,106,True,0.38471
adaptation_heavy,gemma4:e4b,gemma4,primary_model,heldout,task6_incident_response_week,106,True,0.329755
adaptation_light,gemma4:e4b,gemma4,primary_model,heldout,task6_incident_response_week,106,True,0.46166999999999997
no_coherence,gemma4:e4b,gemma4,primary_model,heldout,task6_incident_response_week,106,True,0.318785
original,gemma4:e4b,gemma4,primary_model,heldout,task7_quarterly_headcount_plan,106,True,0.3956
utility_only,gemma4:e4b,gemma4,primary_model,heldout,task7_quarterly_headcount_plan,106,True,0.5057
balanced,gemma4:e4b,gemma4,primary_model,heldout,task7_quarterly_headcount_plan,106,True,0.42728
adaptation_heavy,gemma4:e4b,gemma4,primary_model,heldout,task7_quarterly_headcount_plan,106,True,0.351995
adaptation_light,gemma4:e4b,gemma4,primary_model,heldout,task7_quarterly_headcount_plan,106,True,0.52842
no_coherence,gemma4:e4b,gemma4,primary_model,heldout,task7_quarterly_headcount_plan,106,True,0.42813500000000004
original,gemma4:e4b,gemma4,primary_model,heldout,task3_startup_week,107,True,0.5494
utility_only,gemma4:e4b,gemma4,primary_model,heldout,task3_startup_week,107,True,0.3811
balanced,gemma4:e4b,gemma4,primary_model,heldout,task3_startup_week,107,True,0.57949
adaptation_heavy,gemma4:e4b,gemma4,primary_model,heldout,task3_startup_week,107,True,0.5918049999999999
adaptation_light,gemma4:e4b,gemma4,primary_model,heldout,task3_startup_week,107,True,0.5229699999999999
no_coherence,gemma4:e4b,gemma4,primary_model,heldout,task3_startup_week,107,True,0.513715
original,gemma4:e4b,gemma4,primary_model,heldout,task6_incident_response_week,107,True,0.3299
utility_only,gemma4:e4b,gemma4,primary_model,heldout,task6_incident_response_week,107,True,0.3441
balanced,gemma4:e4b,gemma4,primary_model,heldout,task6_incident_response_week,107,True,0.347205
adaptation_heavy,gemma4:e4b,gemma4,primary_model,heldout,task6_incident_response_week,107,True,0.294285
adaptation_light,gemma4:e4b,gemma4,primary_model,heldout,task6_incident_response_week,107,True,0.416025
no_coherence,gemma4:e4b,gemma4,primary_model,heldout,task6_incident_response_week,107,True,0.29640000000000005
original,gemma4:e4b,gemma4,primary_model,heldout,task7_quarterly_headcount_plan,107,True,0.4489
utility_only,gemma4:e4b,gemma4,primary_model,heldout,task7_quarterly_headcount_plan,107,True,0.4196
balanced,gemma4:e4b,gemma4,primary_model,heldout,task7_quarterly_headcount_plan,107,True,0.51686
adaptation_heavy,gemma4:e4b,gemma4,primary_model,heldout,task7_quarterly_headcount_plan,107,True,0.48722
adaptation_light,gemma4:e4b,gemma4,primary_model,heldout,task7_quarterly_headcount_plan,107,True,0.5181
no_coherence,gemma4:e4b,gemma4,primary_model,heldout,task7_quarterly_headcount_plan,107,True,0.5048
original,gemma4:e4b,gemma4,primary_model,heldout,task3_startup_week,108,True,0.3722
utility_only,gemma4:e4b,gemma4,primary_model,heldout,task3_startup_week,108,True,0.3199
balanced,gemma4:e4b,gemma4,primary_model,heldout,task3_startup_week,108,True,0.37522
adaptation_heavy,gemma4:e4b,gemma4,primary_model,heldout,task3_startup_week,108,True,0.324225
adaptation_light,gemma4:e4b,gemma4,primary_model,heldout,task3_startup_week,108,True,0.4392
no_coherence,gemma4:e4b,gemma4,primary_model,heldout,task3_startup_week,108,True,0.280945
original,gemma4:e4b,gemma4,primary_model,heldout,task6_incident_response_week,108,True,0.342
utility_only,gemma4:e4b,gemma4,primary_model,heldout,task6_incident_response_week,108,True,0.3023
balanced,gemma4:e4b,gemma4,primary_model,heldout,task6_incident_response_week,108,True,0.369275
adaptation_heavy,gemma4:e4b,gemma4,primary_model,heldout,task6_incident_response_week,108,True,0.318445
adaptation_light,gemma4:e4b,gemma4,primary_model,heldout,task6_incident_response_week,108,True,0.42973500000000003
no_coherence,gemma4:e4b,gemma4,primary_model,heldout,task6_incident_response_week,108,True,0.27341000000000004
original,gemma4:e4b,gemma4,primary_model,heldout,task7_quarterly_headcount_plan,108,True,0.5344
utility_only,gemma4:e4b,gemma4,primary_model,heldout,task7_quarterly_headcount_plan,108,True,0.363
balanced,gemma4:e4b,gemma4,primary_model,heldout,task7_quarterly_headcount_plan,108,True,0.6760499999999999
adaptation_heavy,gemma4:e4b,gemma4,primary_model,heldout,task7_quarterly_headcount_plan,108,True,0.68485
adaptation_light,gemma4:e4b,gemma4,primary_model,heldout,task7_quarterly_headcount_plan,108,True,0.59475
no_coherence,gemma4:e4b,gemma4,primary_model,heldout,task7_quarterly_headcount_plan,108,True,0.5805
original,gemma4:e4b,gemma4,primary_model,heldout,task3_startup_week,109,True,0.5725
utility_only,gemma4:e4b,gemma4,primary_model,heldout,task3_startup_week,109,True,0.398
balanced,gemma4:e4b,gemma4,primary_model,heldout,task3_startup_week,109,True,0.603665
adaptation_heavy,gemma4:e4b,gemma4,primary_model,heldout,task3_startup_week,109,True,0.620645
adaptation_light,gemma4:e4b,gemma4,primary_model,heldout,task3_startup_week,109,True,0.539505
no_coherence,gemma4:e4b,gemma4,primary_model,heldout,task3_startup_week,109,True,0.53954
original,gemma4:e4b,gemma4,primary_model,heldout,task6_incident_response_week,109,True,0.3334
utility_only,gemma4:e4b,gemma4,primary_model,heldout,task6_incident_response_week,109,True,0.3516
balanced,gemma4:e4b,gemma4,primary_model,heldout,task6_incident_response_week,109,True,0.350205
adaptation_heavy,gemma4:e4b,gemma4,primary_model,heldout,task6_incident_response_week,109,True,0.29691
adaptation_light,gemma4:e4b,gemma4,primary_model,heldout,task6_incident_response_week,109,True,0.42052500000000004
no_coherence,gemma4:e4b,gemma4,primary_model,heldout,task6_incident_response_week,109,True,0.30052500000000004
original,gemma4:e4b,gemma4,primary_model,heldout,task7_quarterly_headcount_plan,109,True,0.3611
utility_only,gemma4:e4b,gemma4,primary_model,heldout,task7_quarterly_headcount_plan,109,True,0.4068
balanced,gemma4:e4b,gemma4,primary_model,heldout,task7_quarterly_headcount_plan,109,True,0.46272
adaptation_heavy,gemma4:e4b,gemma4,primary_model,heldout,task7_quarterly_headcount_plan,109,True,0.39237999999999995
adaptation_light,gemma4:e4b,gemma4,primary_model,heldout,task7_quarterly_headcount_plan,109,True,0.54408
no_coherence,gemma4:e4b,gemma4,primary_model,heldout,task7_quarterly_headcount_plan,109,True,0.37374
original,gemma4:26b,gemma4,primary_model,core,task3_startup_week,100,True,0.3087
utility_only,gemma4:26b,gemma4,primary_model,core,task3_startup_week,100,True,0.3574
balanced,gemma4:26b,gemma4,primary_model,core,task3_startup_week,100,True,0.30046
adaptation_heavy,gemma4:26b,gemma4,primary_model,core,task3_startup_week,100,True,0.25509
adaptation_light,gemma4:26b,gemma4,primary_model,core,task3_startup_week,100,True,0.37194
no_coherence,gemma4:26b,gemma4,primary_model,core,task3_startup_week,100,True,0.27907000000000004
original,gemma4:26b,gemma4,primary_model,core,task3_startup_week,100,True,0.2812
utility_only,gemma4:26b,gemma4,primary_model,core,task3_startup_week,100,True,0.3625
balanced,gemma4:26b,gemma4,primary_model,core,task3_startup_week,100,True,0.295
adaptation_heavy,gemma4:26b,gemma4,primary_model,core,task3_startup_week,100,True,0.226875
adaptation_light,gemma4:26b,gemma4,primary_model,core,task3_startup_week,100,True,0.3675
no_coherence,gemma4:26b,gemma4,primary_model,core,task3_startup_week,100,True,0.349375
original,gemma4:26b,gemma4,primary_model,core,task6_incident_response_week,100,True,0.3419
utility_only,gemma4:26b,gemma4,primary_model,core,task6_incident_response_week,100,True,0.332
balanced,gemma4:26b,gemma4,primary_model,core,task6_incident_response_week,100,True,0.36401
adaptation_heavy,gemma4:26b,gemma4,primary_model,core,task6_incident_response_week,100,True,0.29741
adaptation_light,gemma4:26b,gemma4,primary_model,core,task6_incident_response_week,100,True,0.43041
no_coherence,gemma4:26b,gemma4,primary_model,core,task6_incident_response_week,100,True,0.3326
original,gemma4:26b,gemma4,primary_model,core,task6_incident_response_week,100,True,0.2992
utility_only,gemma4:26b,gemma4,primary_model,core,task6_incident_response_week,100,True,0.3297
balanced,gemma4:26b,gemma4,primary_model,core,task6_incident_response_week,100,True,0.31188
adaptation_heavy,gemma4:26b,gemma4,primary_model,core,task6_incident_response_week,100,True,0.24539499999999997
adaptation_light,gemma4:26b,gemma4,primary_model,core,task6_incident_response_week,100,True,0.37782
no_coherence,gemma4:26b,gemma4,primary_model,core,task6_incident_response_week,100,True,0.33133500000000005
original,gemma4:26b,gemma4,primary_model,core,task7_quarterly_headcount_plan,100,True,0.4079
utility_only,gemma4:26b,gemma4,primary_model,core,task7_quarterly_headcount_plan,100,True,0.4803
balanced,gemma4:26b,gemma4,primary_model,core,task7_quarterly_headcount_plan,100,True,0.49212
adaptation_heavy,gemma4:26b,gemma4,primary_model,core,task7_quarterly_headcount_plan,100,True,0.418105
adaptation_light,gemma4:26b,gemma4,primary_model,core,task7_quarterly_headcount_plan,100,True,0.5881799999999999
no_coherence,gemma4:26b,gemma4,primary_model,core,task7_quarterly_headcount_plan,100,True,0.414165
original,gemma4:26b,gemma4,primary_model,core,task7_quarterly_headcount_plan,100,True,0.4079
utility_only,gemma4:26b,gemma4,primary_model,core,task7_quarterly_headcount_plan,100,True,0.4803
balanced,gemma4:26b,gemma4,primary_model,core,task7_quarterly_headcount_plan,100,True,0.49212
adaptation_heavy,gemma4:26b,gemma4,primary_model,core,task7_quarterly_headcount_plan,100,True,0.418105
adaptation_light,gemma4:26b,gemma4,primary_model,core,task7_quarterly_headcount_plan,100,True,0.5881799999999999
no_coherence,gemma4:26b,gemma4,primary_model,core,task7_quarterly_headcount_plan,100,True,0.414165
original,gemma4:26b,gemma4,primary_model,core,task3_startup_week,101,True,0.2935
utility_only,gemma4:26b,gemma4,primary_model,core,task3_startup_week,101,True,0.3605
balanced,gemma4:26b,gemma4,primary_model,core,task3_startup_week,101,True,0.30746
adaptation_heavy,gemma4:26b,gemma4,primary_model,core,task3_startup_week,101,True,0.23943499999999998
adaptation_light,gemma4:26b,gemma4,primary_model,core,task3_startup_week,101,True,0.37956
no_coherence,gemma4:26b,gemma4,primary_model,core,task3_startup_week,101,True,0.348275
original,gemma4:26b,gemma4,primary_model,core,task3_startup_week,101,True,0.2808
utility_only,gemma4:26b,gemma4,primary_model,core,task3_startup_week,101,True,0.3552
balanced,gemma4:26b,gemma4,primary_model,core,task3_startup_week,101,True,0.29034000000000004
adaptation_heavy,gemma4:26b,gemma4,primary_model,core,task3_startup_week,101,True,0.22758
adaptation_light,gemma4:26b,gemma4,primary_model,core,task3_startup_week,101,True,0.36138000000000003
no_coherence,gemma4:26b,gemma4,primary_model,core,task3_startup_week,101,True,0.33036000000000004
original,gemma4:26b,gemma4,primary_model,core,task6_incident_response_week,101,True,0.3171
utility_only,gemma4:26b,gemma4,primary_model,core,task6_incident_response_week,101,True,0.33
balanced,gemma4:26b,gemma4,primary_model,core,task6_incident_response_week,101,True,0.333915
adaptation_heavy,gemma4:26b,gemma4,primary_model,core,task6_incident_response_week,101,True,0.267415
adaptation_light,gemma4:26b,gemma4,primary_model,core,task6_incident_response_week,101,True,0.399915
no_coherence,gemma4:26b,gemma4,primary_model,core,task6_incident_response_week,101,True,0.3315
original,gemma4:26b,gemma4,primary_model,core,task6_incident_response_week,101,True,0.3326
utility_only,gemma4:26b,gemma4,primary_model,core,task6_incident_response_week,101,True,0.3325
balanced,gemma4:26b,gemma4,primary_model,core,task6_incident_response_week,101,True,0.35248
adaptation_heavy,gemma4:26b,gemma4,primary_model,core,task6_incident_response_week,101,True,0.28585499999999997
adaptation_light,gemma4:26b,gemma4,primary_model,core,task6_incident_response_week,101,True,0.41898
no_coherence,gemma4:26b,gemma4,primary_model,core,task6_incident_response_week,101,True,0.33287500000000003
original,gemma4:26b,gemma4,primary_model,core,task7_quarterly_headcount_plan,101,True,0.4243
utility_only,gemma4:26b,gemma4,primary_model,core,task7_quarterly_headcount_plan,101,True,0.5062
balanced,gemma4:26b,gemma4,primary_model,core,task7_quarterly_headcount_plan,101,True,0.50248
adaptation_heavy,gemma4:26b,gemma4,primary_model,core,task7_quarterly_headcount_plan,101,True,0.42717
adaptation_light,gemma4:26b,gemma4,primary_model,core,task7_quarterly_headcount_plan,101,True,0.60372
no_coherence,gemma4:26b,gemma4,primary_model,core,task7_quarterly_headcount_plan,101,True,0.42840999999999996
original,gemma4:26b,gemma4,primary_model,core,task7_quarterly_headcount_plan,101,True,0.4243
utility_only,gemma4:26b,gemma4,primary_model,core,task7_quarterly_headcount_plan,101,True,0.5062
balanced,gemma4:26b,gemma4,primary_model,core,task7_quarterly_headcount_plan,101,True,0.50248
adaptation_heavy,gemma4:26b,gemma4,primary_model,core,task7_quarterly_headcount_plan,101,True,0.42717
adaptation_light,gemma4:26b,gemma4,primary_model,core,task7_quarterly_headcount_plan,101,True,0.60372
no_coherence,gemma4:26b,gemma4,primary_model,core,task7_quarterly_headcount_plan,101,True,0.42840999999999996
original,gemma4:26b,gemma4,primary_model,core,task3_startup_week,102,True,0.4775
utility_only,gemma4:26b,gemma4,primary_model,core,task3_startup_week,102,True,0.3771
balanced,gemma4:26b,gemma4,primary_model,core,task3_startup_week,102,True,0.51705
adaptation_heavy,gemma4:26b,gemma4,primary_model,core,task3_startup_week,102,True,0.510265
adaptation_light,gemma4:26b,gemma4,primary_model,core,task3_startup_week,102,True,0.47333
no_coherence,gemma4:26b,gemma4,primary_model,core,task3_startup_week,102,True,0.5286150000000001
original,gemma4:26b,gemma4,primary_model,core,task3_startup_week,102,True,0.5082
utility_only,gemma4:26b,gemma4,primary_model,core,task3_startup_week,102,True,0.3819
balanced,gemma4:26b,gemma4,primary_model,core,task3_startup_week,102,True,0.55596
adaptation_heavy,gemma4:26b,gemma4,primary_model,core,task3_startup_week,102,True,0.5587650000000001
adaptation_light,gemma4:26b,gemma4,primary_model,core,task3_startup_week,102,True,0.48854000000000003
no_coherence,gemma4:26b,gemma4,primary_model,core,task3_startup_week,102,True,0.575745
original,gemma4:26b,gemma4,primary_model,core,task6_incident_response_week,102,True,0.5223
utility_only,gemma4:26b,gemma4,primary_model,core,task6_incident_response_week,102,True,0.3502
balanced,gemma4:26b,gemma4,primary_model,core,task6_incident_response_week,102,True,0.542245
adaptation_heavy,gemma4:26b,gemma4,primary_model,core,task6_incident_response_week,102,True,0.542465
adaptation_light,gemma4:26b,gemma4,primary_model,core,task6_incident_response_week,102,True,0.476825
no_coherence,gemma4:26b,gemma4,primary_model,core,task6_incident_response_week,102,True,0.5458000000000001
original,gemma4:26b,gemma4,primary_model,core,task6_incident_response_week,102,True,0.5537
utility_only,gemma4:26b,gemma4,primary_model,core,task6_incident_response_week,102,True,0.3543
balanced,gemma4:26b,gemma4,primary_model,core,task6_incident_response_week,102,True,0.580095
adaptation_heavy,gemma4:26b,gemma4,primary_model,core,task6_incident_response_week,102,True,0.58011
adaptation_light,gemma4:26b,gemma4,primary_model,core,task6_incident_response_week,102,True,0.515495
no_coherence,gemma4:26b,gemma4,primary_model,core,task6_incident_response_week,102,True,0.548055
original,gemma4:26b,gemma4,primary_model,core,task7_quarterly_headcount_plan,102,True,0.3835
utility_only,gemma4:26b,gemma4,primary_model,core,task7_quarterly_headcount_plan,102,True,0.4551
balanced,gemma4:26b,gemma4,primary_model,core,task7_quarterly_headcount_plan,102,True,0.46008
adaptation_heavy,gemma4:26b,gemma4,primary_model,core,task7_quarterly_headcount_plan,102,True,0.387325
adaptation_light,gemma4:26b,gemma4,primary_model,core,task7_quarterly_headcount_plan,102,True,0.5510999999999999
no_coherence,gemma4:26b,gemma4,primary_model,core,task7_quarterly_headcount_plan,102,True,0.400305
original,gemma4:26b,gemma4,primary_model,core,task7_quarterly_headcount_plan,102,True,0.3781
utility_only,gemma4:26b,gemma4,primary_model,core,task7_quarterly_headcount_plan,102,True,0.4466
balanced,gemma4:26b,gemma4,primary_model,core,task7_quarterly_headcount_plan,102,True,0.45668
adaptation_heavy,gemma4:26b,gemma4,primary_model,core,task7_quarterly_headcount_plan,102,True,0.38434999999999997
adaptation_light,gemma4:26b,gemma4,primary_model,core,task7_quarterly_headcount_plan,102,True,0.5459999999999999
no_coherence,gemma4:26b,gemma4,primary_model,core,task7_quarterly_headcount_plan,102,True,0.39563000000000004
original,gemma4:26b,gemma4,primary_model,core,task3_startup_week,103,False,0.4665
utility_only,gemma4:26b,gemma4,primary_model,core,task3_startup_week,103,False,0.4095
balanced,gemma4:26b,gemma4,primary_model,core,task3_startup_week,103,False,0.5127428571428572
adaptation_heavy,gemma4:26b,gemma4,primary_model,core,task3_startup_week,103,False,0.4807416666666667
adaptation_light,gemma4:26b,gemma4,primary_model,core,task3_startup_week,103,False,0.4898
no_coherence,gemma4:26b,gemma4,primary_model,core,task3_startup_week,103,False,0.5360357142857143
original,gemma4:26b,gemma4,primary_model,core,task3_startup_week,103,False,0.4877
utility_only,gemma4:26b,gemma4,primary_model,core,task3_startup_week,103,False,0.408
balanced,gemma4:26b,gemma4,primary_model,core,task3_startup_week,103,False,0.5356928571428572
adaptation_heavy,gemma4:26b,gemma4,primary_model,core,task3_startup_week,103,False,0.5076416666666667
adaptation_light,gemma4:26b,gemma4,primary_model,core,task3_startup_week,103,False,0.5073166666666666
no_coherence,gemma4:26b,gemma4,primary_model,core,task3_startup_week,103,False,0.5348571428571428
original,gemma4:26b,gemma4,primary_model,core,task6_incident_response_week,103,False,0.4988
utility_only,gemma4:26b,gemma4,primary_model,core,task6_incident_response_week,103,False,0.3703
balanced,gemma4:26b,gemma4,primary_model,core,task6_incident_response_week,103,False,0.5299642857142858
adaptation_heavy,gemma4:26b,gemma4,primary_model,core,task6_incident_response_week,103,False,0.5041
adaptation_light,gemma4:26b,gemma4,primary_model,core,task6_incident_response_week,103,False,0.4944833333333334
no_coherence,gemma4:26b,gemma4,primary_model,core,task6_incident_response_week,103,False,0.5052357142857142
original,gemma4:26b,gemma4,primary_model,core,task6_incident_response_week,103,False,0.5096
utility_only,gemma4:26b,gemma4,primary_model,core,task6_incident_response_week,103,False,0.3739
balanced,gemma4:26b,gemma4,primary_model,core,task6_incident_response_week,103,False,0.5424785714285715
adaptation_heavy,gemma4:26b,gemma4,primary_model,core,task6_incident_response_week,103,False,0.5184
adaptation_light,gemma4:26b,gemma4,primary_model,core,task6_incident_response_week,103,False,0.5050166666666667
no_coherence,gemma4:26b,gemma4,primary_model,core,task6_incident_response_week,103,False,0.5080642857142856
original,gemma4:26b,gemma4,primary_model,core,task7_quarterly_headcount_plan,103,False,0.6079
utility_only,gemma4:26b,gemma4,primary_model,core,task7_quarterly_headcount_plan,103,False,0.5537
balanced,gemma4:26b,gemma4,primary_model,core,task7_quarterly_headcount_plan,103,False,0.7240571428571428
adaptation_heavy,gemma4:26b,gemma4,primary_model,core,task7_quarterly_headcount_plan,103,False,0.7152583333333333
adaptation_light,gemma4:26b,gemma4,primary_model,core,task7_quarterly_headcount_plan,103,False,0.6861999999999999
no_coherence,gemma4:26b,gemma4,primary_model,core,task7_quarterly_headcount_plan,103,False,0.6493357142857142
original,gemma4:26b,gemma4,primary_model,core,task7_quarterly_headcount_plan,103,False,0.6372
utility_only,gemma4:26b,gemma4,primary_model,core,task7_quarterly_headcount_plan,103,False,0.579
balanced,gemma4:26b,gemma4,primary_model,core,task7_quarterly_headcount_plan,103,False,0.7594285714285715
adaptation_heavy,gemma4:26b,gemma4,primary_model,core,task7_quarterly_headcount_plan,103,False,0.7544166666666667
adaptation_light,gemma4:26b,gemma4,primary_model,core,task7_quarterly_headcount_plan,103,False,0.7193333333333334
no_coherence,gemma4:26b,gemma4,primary_model,core,task7_quarterly_headcount_plan,103,False,0.6692142857142857
original,gemma4:26b,gemma4,primary_model,core,task3_startup_week,104,True,0.3305
utility_only,gemma4:26b,gemma4,primary_model,core,task3_startup_week,104,True,0.331
balanced,gemma4:26b,gemma4,primary_model,core,task3_startup_week,104,True,0.34240000000000004
adaptation_heavy,gemma4:26b,gemma4,primary_model,core,task3_startup_week,104,True,0.28085
adaptation_light,gemma4:26b,gemma4,primary_model,core,task3_startup_week,104,True,0.4086
no_coherence,gemma4:26b,gemma4,primary_model,core,task3_startup_week,104,True,0.31705000000000005
original,gemma4:26b,gemma4,primary_model,core,task3_startup_week,104,True,0.3129
utility_only,gemma4:26b,gemma4,primary_model,core,task3_startup_week,104,True,0.3332
balanced,gemma4:26b,gemma4,primary_model,core,task3_startup_week,104,True,0.32453
adaptation_heavy,gemma4:26b,gemma4,primary_model,core,task3_startup_week,104,True,0.26287
adaptation_light,gemma4:26b,gemma4,primary_model,core,task3_startup_week,104,True,0.39117
no_coherence,gemma4:26b,gemma4,primary_model,core,task3_startup_week,104,True,0.31826
original,gemma4:26b,gemma4,primary_model,core,task6_incident_response_week,104,True,0.3126
utility_only,gemma4:26b,gemma4,primary_model,core,task6_incident_response_week,104,True,0.315
balanced,gemma4:26b,gemma4,primary_model,core,task6_incident_response_week,104,True,0.33096
adaptation_heavy,gemma4:26b,gemma4,primary_model,core,task6_incident_response_week,104,True,0.26521
adaptation_light,gemma4:26b,gemma4,primary_model,core,task6_incident_response_week,104,True,0.39396
no_coherence,gemma4:26b,gemma4,primary_model,core,task6_incident_response_week,104,True,0.32325000000000004
original,gemma4:26b,gemma4,primary_model,core,task6_incident_response_week,104,True,0.3291
utility_only,gemma4:26b,gemma4,primary_model,core,task6_incident_response_week,104,True,0.316
balanced,gemma4:26b,gemma4,primary_model,core,task6_incident_response_week,104,True,0.35104
adaptation_heavy,gemma4:26b,gemma4,primary_model,core,task6_incident_response_week,104,True,0.28524
adaptation_light,gemma4:26b,gemma4,primary_model,core,task6_incident_response_week,104,True,0.41424
no_coherence,gemma4:26b,gemma4,primary_model,core,task6_incident_response_week,104,True,0.3238
original,gemma4:26b,gemma4,primary_model,core,task7_quarterly_headcount_plan,104,True,0.3229
utility_only,gemma4:26b,gemma4,primary_model,core,task7_quarterly_headcount_plan,104,True,0.3914
balanced,gemma4:26b,gemma4,primary_model,core,task7_quarterly_headcount_plan,104,True,0.38156
adaptation_heavy,gemma4:26b,gemma4,primary_model,core,task7_quarterly_headcount_plan,104,True,0.31199
adaptation_light,gemma4:26b,gemma4,primary_model,core,task7_quarterly_headcount_plan,104,True,0.45983999999999997
no_coherence,gemma4:26b,gemma4,primary_model,core,task7_quarterly_headcount_plan,104,True,0.36527000000000004
original,gemma4:26b,gemma4,primary_model,core,task7_quarterly_headcount_plan,104,True,0.3526
utility_only,gemma4:26b,gemma4,primary_model,core,task7_quarterly_headcount_plan,104,True,0.3935
balanced,gemma4:26b,gemma4,primary_model,core,task7_quarterly_headcount_plan,104,True,0.45740000000000003
adaptation_heavy,gemma4:26b,gemma4,primary_model,core,task7_quarterly_headcount_plan,104,True,0.387725
adaptation_light,gemma4:26b,gemma4,primary_model,core,task7_quarterly_headcount_plan,104,True,0.5361
no_coherence,gemma4:26b,gemma4,primary_model,core,task7_quarterly_headcount_plan,104,True,0.366425
original,gemma4:26b,gemma4,primary_model,core,task3_startup_week,105,True,0.2694
utility_only,gemma4:26b,gemma4,primary_model,core,task3_startup_week,105,True,0.3201
balanced,gemma4:26b,gemma4,primary_model,core,task3_startup_week,105,True,0.28741500000000003
adaptation_heavy,gemma4:26b,gemma4,primary_model,core,task3_startup_week,105,True,0.22141
adaptation_light,gemma4:26b,gemma4,primary_model,core,task3_startup_week,105,True,0.351435
no_coherence,gemma4:26b,gemma4,primary_model,core,task3_startup_week,105,True,0.326055
original,gemma4:26b,gemma4,primary_model,core,task3_startup_week,105,True,0.2605
utility_only,gemma4:26b,gemma4,primary_model,core,task3_startup_week,105,True,0.321
balanced,gemma4:26b,gemma4,primary_model,core,task3_startup_week,105,True,0.2784
adaptation_heavy,gemma4:26b,gemma4,primary_model,core,task3_startup_week,105,True,0.21234999999999998
adaptation_light,gemma4:26b,gemma4,primary_model,core,task3_startup_week,105,True,0.3426
no_coherence,gemma4:26b,gemma4,primary_model,core,task3_startup_week,105,True,0.32655
original,gemma4:26b,gemma4,primary_model,core,task6_incident_response_week,105,True,0.5022
utility_only,gemma4:26b,gemma4,primary_model,core,task6_incident_response_week,105,True,0.3099
balanced,gemma4:26b,gemma4,primary_model,core,task6_incident_response_week,105,True,0.517905
adaptation_heavy,gemma4:26b,gemma4,primary_model,core,task6_incident_response_week,105,True,0.538015
adaptation_light,gemma4:26b,gemma4,primary_model,core,task6_incident_response_week,105,True,0.422965
no_coherence,gemma4:26b,gemma4,primary_model,core,task6_incident_response_week,105,True,0.5343899999999999
original,gemma4:26b,gemma4,primary_model,core,task6_incident_response_week,105,True,0.5254
utility_only,gemma4:26b,gemma4,primary_model,core,task6_incident_response_week,105,True,0.3101
balanced,gemma4:26b,gemma4,primary_model,core,task6_incident_response_week,105,True,0.5466949999999999
adaptation_heavy,gemma4:26b,gemma4,primary_model,core,task6_incident_response_week,105,True,0.566365
adaptation_light,gemma4:26b,gemma4,primary_model,core,task6_incident_response_week,105,True,0.452655
no_coherence,gemma4:26b,gemma4,primary_model,core,task6_incident_response_week,105,True,0.53321
original,gemma4:26b,gemma4,primary_model,core,task7_quarterly_headcount_plan,105,True,0.4466
utility_only,gemma4:26b,gemma4,primary_model,core,task7_quarterly_headcount_plan,105,True,0.3832
balanced,gemma4:26b,gemma4,primary_model,core,task7_quarterly_headcount_plan,105,True,0.5263
adaptation_heavy,gemma4:26b,gemma4,primary_model,core,task7_quarterly_headcount_plan,105,True,0.50648
adaptation_light,gemma4:26b,gemma4,primary_model,core,task7_quarterly_headcount_plan,105,True,0.5042599999999999
no_coherence,gemma4:26b,gemma4,primary_model,core,task7_quarterly_headcount_plan,105,True,0.50878
original,gemma4:26b,gemma4,primary_model,core,task7_quarterly_headcount_plan,105,True,0.3425
utility_only,gemma4:26b,gemma4,primary_model,core,task7_quarterly_headcount_plan,105,True,0.3776
balanced,gemma4:26b,gemma4,primary_model,core,task7_quarterly_headcount_plan,105,True,0.45104
adaptation_heavy,gemma4:26b,gemma4,primary_model,core,task7_quarterly_headcount_plan,105,True,0.38216
adaptation_light,gemma4:26b,gemma4,primary_model,core,task7_quarterly_headcount_plan,105,True,0.5265599999999999
no_coherence,gemma4:26b,gemma4,primary_model,core,task7_quarterly_headcount_plan,105,True,0.35768
original,gemma4:26b,gemma4,primary_model,core,task3_startup_week,106,True,0.3011
utility_only,gemma4:26b,gemma4,primary_model,core,task3_startup_week,106,True,0.4122
balanced,gemma4:26b,gemma4,primary_model,core,task3_startup_week,106,True,0.30738
adaptation_heavy,gemma4:26b,gemma4,primary_model,core,task3_startup_week,106,True,0.23926999999999998
adaptation_light,gemma4:26b,gemma4,primary_model,core,task3_startup_week,106,True,0.38981999999999994
no_coherence,gemma4:26b,gemma4,primary_model,core,task3_startup_week,106,True,0.36921000000000004
original,gemma4:26b,gemma4,primary_model,core,task3_startup_week,106,True,0.3246
utility_only,gemma4:26b,gemma4,primary_model,core,task3_startup_week,106,True,0.4117
balanced,gemma4:26b,gemma4,primary_model,core,task3_startup_week,106,True,0.33343
adaptation_heavy,gemma4:26b,gemma4,primary_model,core,task3_startup_week,106,True,0.262845
adaptation_light,gemma4:26b,gemma4,primary_model,core,task3_startup_week,106,True,0.41577
no_coherence,gemma4:26b,gemma4,primary_model,core,task3_startup_week,106,True,0.376435
original,gemma4:26b,gemma4,primary_model,core,task6_incident_response_week,106,True,0.3032
utility_only,gemma4:26b,gemma4,primary_model,core,task6_incident_response_week,106,True,0.3765
balanced,gemma4:26b,gemma4,primary_model,core,task6_incident_response_week,106,True,0.30895500000000004
adaptation_heavy,gemma4:26b,gemma4,primary_model,core,task6_incident_response_week,106,True,0.254415
adaptation_light,gemma4:26b,gemma4,primary_model,core,task6_incident_response_week,106,True,0.384255
no_coherence,gemma4:26b,gemma4,primary_model,core,task6_incident_response_week,106,True,0.31422
original,gemma4:26b,gemma4,primary_model,core,task6_incident_response_week,106,True,0.3042
utility_only,gemma4:26b,gemma4,primary_model,core,task6_incident_response_week,106,True,0.3783
balanced,gemma4:26b,gemma4,primary_model,core,task6_incident_response_week,106,True,0.30988499999999997
adaptation_heavy,gemma4:26b,gemma4,primary_model,core,task6_incident_response_week,106,True,0.248115
adaptation_light,gemma4:26b,gemma4,primary_model,core,task6_incident_response_week,106,True,0.385545
no_coherence,gemma4:26b,gemma4,primary_model,core,task6_incident_response_week,106,True,0.33663
original,gemma4:26b,gemma4,primary_model,core,task7_quarterly_headcount_plan,106,True,0.42
utility_only,gemma4:26b,gemma4,primary_model,core,task7_quarterly_headcount_plan,106,True,0.4994
balanced,gemma4:26b,gemma4,primary_model,core,task7_quarterly_headcount_plan,106,True,0.49976
adaptation_heavy,gemma4:26b,gemma4,primary_model,core,task7_quarterly_headcount_plan,106,True,0.42479
adaptation_light,gemma4:26b,gemma4,primary_model,core,task7_quarterly_headcount_plan,106,True,0.59964
no_coherence,gemma4:26b,gemma4,primary_model,core,task7_quarterly_headcount_plan,106,True,0.42467
original,gemma4:26b,gemma4,primary_model,core,task7_quarterly_headcount_plan,106,True,0.42
utility_only,gemma4:26b,gemma4,primary_model,core,task7_quarterly_headcount_plan,106,True,0.4994
balanced,gemma4:26b,gemma4,primary_model,core,task7_quarterly_headcount_plan,106,True,0.49976
adaptation_heavy,gemma4:26b,gemma4,primary_model,core,task7_quarterly_headcount_plan,106,True,0.42479
adaptation_light,gemma4:26b,gemma4,primary_model,core,task7_quarterly_headcount_plan,106,True,0.59964
no_coherence,gemma4:26b,gemma4,primary_model,core,task7_quarterly_headcount_plan,106,True,0.42467
original,gemma4:26b,gemma4,primary_model,core,task3_startup_week,107,True,0.2792
utility_only,gemma4:26b,gemma4,primary_model,core,task3_startup_week,107,True,0.3584
balanced,gemma4:26b,gemma4,primary_model,core,task3_startup_week,107,True,0.29336
adaptation_heavy,gemma4:26b,gemma4,primary_model,core,task3_startup_week,107,True,0.22544
adaptation_light,gemma4:26b,gemma4,primary_model,core,task3_startup_week,107,True,0.36504
no_coherence,gemma4:26b,gemma4,primary_model,core,task3_startup_week,107,True,0.34712
original,gemma4:26b,gemma4,primary_model,core,task3_startup_week,107,True,0.2776
utility_only,gemma4:26b,gemma4,primary_model,core,task3_startup_week,107,True,0.3552
balanced,gemma4:26b,gemma4,primary_model,core,task3_startup_week,107,True,0.29208
adaptation_heavy,gemma4:26b,gemma4,primary_model,core,task3_startup_week,107,True,0.22432000000000002
adaptation_light,gemma4:26b,gemma4,primary_model,core,task3_startup_week,107,True,0.36312
no_coherence,gemma4:26b,gemma4,primary_model,core,task3_startup_week,107,True,0.34536
original,gemma4:26b,gemma4,primary_model,core,task6_incident_response_week,107,True,0.4999
utility_only,gemma4:26b,gemma4,primary_model,core,task6_incident_response_week,107,True,0.3381
balanced,gemma4:26b,gemma4,primary_model,core,task6_incident_response_week,107,True,0.513375
adaptation_heavy,gemma4:26b,gemma4,primary_model,core,task6_incident_response_week,107,True,0.534015
adaptation_light,gemma4:26b,gemma4,primary_model,core,task6_incident_response_week,107,True,0.434475
no_coherence,gemma4:26b,gemma4,primary_model,core,task6_incident_response_week,107,True,0.51288
original,gemma4:26b,gemma4,primary_model,core,task6_incident_response_week,107,True,0.5352
utility_only,gemma4:26b,gemma4,primary_model,core,task6_incident_response_week,107,True,0.3381
balanced,gemma4:26b,gemma4,primary_model,core,task6_incident_response_week,107,True,0.5568
adaptation_heavy,gemma4:26b,gemma4,primary_model,core,task6_incident_response_week,107,True,0.5774400000000001
adaptation_light,gemma4:26b,gemma4,primary_model,core,task6_incident_response_week,107,True,0.4779
no_coherence,gemma4:26b,gemma4,primary_model,core,task6_incident_response_week,107,True,0.51288
original,gemma4:26b,gemma4,primary_model,core,task7_quarterly_headcount_plan,107,True,0.311
utility_only,gemma4:26b,gemma4,primary_model,core,task7_quarterly_headcount_plan,107,True,0.4174
balanced,gemma4:26b,gemma4,primary_model,core,task7_quarterly_headcount_plan,107,True,0.31696
adaptation_heavy,gemma4:26b,gemma4,primary_model,core,task7_quarterly_headcount_plan,107,True,0.24609
adaptation_light,gemma4:26b,gemma4,primary_model,core,task7_quarterly_headcount_plan,107,True,0.40044
no_coherence,gemma4:26b,gemma4,primary_model,core,task7_quarterly_headcount_plan,107,True,0.37957
original,gemma4:26b,gemma4,primary_model,core,task7_quarterly_headcount_plan,107,True,0.3567
utility_only,gemma4:26b,gemma4,primary_model,core,task7_quarterly_headcount_plan,107,True,0.4446
balanced,gemma4:26b,gemma4,primary_model,core,task7_quarterly_headcount_plan,107,True,0.40284
adaptation_heavy,gemma4:26b,gemma4,primary_model,core,task7_quarterly_headcount_plan,107,True,0.33061
adaptation_light,gemma4:26b,gemma4,primary_model,core,task7_quarterly_headcount_plan,107,True,0.49176
no_coherence,gemma4:26b,gemma4,primary_model,core,task7_quarterly_headcount_plan,107,True,0.39453000000000005
original,gemma4:26b,gemma4,primary_model,core,task3_startup_week,108,True,0.2936
utility_only,gemma4:26b,gemma4,primary_model,core,task3_startup_week,108,True,0.3147
balanced,gemma4:26b,gemma4,primary_model,core,task3_startup_week,108,True,0.30465
adaptation_heavy,gemma4:26b,gemma4,primary_model,core,task3_startup_week,108,True,0.246415
adaptation_light,gemma4:26b,gemma4,primary_model,core,task3_startup_week,108,True,0.36759
no_coherence,gemma4:26b,gemma4,primary_model,core,task3_startup_week,108,True,0.300585
original,gemma4:26b,gemma4,primary_model,core,task3_startup_week,108,True,0.2892
utility_only,gemma4:26b,gemma4,primary_model,core,task3_startup_week,108,True,0.3153
balanced,gemma4:26b,gemma4,primary_model,core,task3_startup_week,108,True,0.30519
adaptation_heavy,gemma4:26b,gemma4,primary_model,core,task3_startup_week,108,True,0.241925
adaptation_light,gemma4:26b,gemma4,primary_model,core,task3_startup_week,108,True,0.36825
no_coherence,gemma4:26b,gemma4,primary_model,core,task3_startup_week,108,True,0.31591500000000006
original,gemma4:26b,gemma4,primary_model,core,task6_incident_response_week,108,True,0.2951
utility_only,gemma4:26b,gemma4,primary_model,core,task6_incident_response_week,108,True,0.2973
balanced,gemma4:26b,gemma4,primary_model,core,task6_incident_response_week,108,True,0.312375
adaptation_heavy,gemma4:26b,gemma4,primary_model,core,task6_incident_response_week,108,True,0.24751
adaptation_light,gemma4:26b,gemma4,primary_model,core,task6_incident_response_week,108,True,0.371835
no_coherence,gemma4:26b,gemma4,primary_model,core,task6_incident_response_week,108,True,0.313515
original,gemma4:26b,gemma4,primary_model,core,task6_incident_response_week,108,True,0.2985
utility_only,gemma4:26b,gemma4,primary_model,core,task6_incident_response_week,108,True,0.2966
balanced,gemma4:26b,gemma4,primary_model,core,task6_incident_response_week,108,True,0.316685
adaptation_heavy,gemma4:26b,gemma4,primary_model,core,task6_incident_response_week,108,True,0.251855
adaptation_light,gemma4:26b,gemma4,primary_model,core,task6_incident_response_week,108,True,0.376005
no_coherence,gemma4:26b,gemma4,primary_model,core,task6_incident_response_week,108,True,0.31313
original,gemma4:26b,gemma4,primary_model,core,task7_quarterly_headcount_plan,108,True,0.3467
utility_only,gemma4:26b,gemma4,primary_model,core,task7_quarterly_headcount_plan,108,True,0.3888
balanced,gemma4:26b,gemma4,primary_model,core,task7_quarterly_headcount_plan,108,True,0.447825
adaptation_heavy,gemma4:26b,gemma4,primary_model,core,task7_quarterly_headcount_plan,108,True,0.37838499999999997
adaptation_light,gemma4:26b,gemma4,primary_model,core,task7_quarterly_headcount_plan,108,True,0.525585
no_coherence,gemma4:26b,gemma4,primary_model,core,task7_quarterly_headcount_plan,108,True,0.36384
original,gemma4:26b,gemma4,primary_model,core,task7_quarterly_headcount_plan,108,True,0.348
utility_only,gemma4:26b,gemma4,primary_model,core,task7_quarterly_headcount_plan,108,True,0.391
balanced,gemma4:26b,gemma4,primary_model,core,task7_quarterly_headcount_plan,108,True,0.44848
adaptation_heavy,gemma4:26b,gemma4,primary_model,core,task7_quarterly_headcount_plan,108,True,0.37893
adaptation_light,gemma4:26b,gemma4,primary_model,core,task7_quarterly_headcount_plan,108,True,0.52668
no_coherence,gemma4:26b,gemma4,primary_model,core,task7_quarterly_headcount_plan,108,True,0.36505
original,gemma4:26b,gemma4,primary_model,core,task3_startup_week,109,True,0.5416
utility_only,gemma4:26b,gemma4,primary_model,core,task3_startup_week,109,True,0.3631
balanced,gemma4:26b,gemma4,primary_model,core,task3_startup_week,109,True,0.59824
adaptation_heavy,gemma4:26b,gemma4,primary_model,core,task3_startup_week,109,True,0.6235850000000001
adaptation_light,gemma4:26b,gemma4,primary_model,core,task3_startup_week,109,True,0.48885999999999996
no_coherence,gemma4:26b,gemma4,primary_model,core,task3_startup_week,109,True,0.615205
original,gemma4:26b,gemma4,primary_model,core,task3_startup_week,109,True,0.4976
utility_only,gemma4:26b,gemma4,primary_model,core,task3_startup_week,109,True,0.3577
balanced,gemma4:26b,gemma4,primary_model,core,task3_startup_week,109,True,0.54283
adaptation_heavy,gemma4:26b,gemma4,primary_model,core,task3_startup_week,109,True,0.5444450000000001
adaptation_light,gemma4:26b,gemma4,primary_model,core,task3_startup_week,109,True,0.48036999999999996
no_coherence,gemma4:26b,gemma4,primary_model,core,task3_startup_week,109,True,0.540235
original,gemma4:26b,gemma4,primary_model,core,task6_incident_response_week,109,True,0.3013
utility_only,gemma4:26b,gemma4,primary_model,core,task6_incident_response_week,109,True,0.3234
balanced,gemma4:26b,gemma4,primary_model,core,task6_incident_response_week,109,True,0.31557
adaptation_heavy,gemma4:26b,gemma4,primary_model,core,task6_incident_response_week,109,True,0.2494
adaptation_light,gemma4:26b,gemma4,primary_model,core,task6_incident_response_week,109,True,0.38025000000000003
no_coherence,gemma4:26b,gemma4,primary_model,core,task6_incident_response_week,109,True,0.32787
original,gemma4:26b,gemma4,primary_model,core,task6_incident_response_week,109,True,0.6362
utility_only,gemma4:26b,gemma4,primary_model,core,task6_incident_response_week,109,True,0.329
balanced,gemma4:26b,gemma4,primary_model,core,task6_incident_response_week,109,True,0.66821
adaptation_heavy,gemma4:26b,gemma4,primary_model,core,task6_incident_response_week,109,True,0.69901
adaptation_light,gemma4:26b,gemma4,primary_model,core,task6_incident_response_week,109,True,0.5395099999999999
no_coherence,gemma4:26b,gemma4,primary_model,core,task6_incident_response_week,109,True,0.6227
original,gemma4:26b,gemma4,primary_model,core,task7_quarterly_headcount_plan,109,True,0.4034
utility_only,gemma4:26b,gemma4,primary_model,core,task7_quarterly_headcount_plan,109,True,0.4733
balanced,gemma4:26b,gemma4,primary_model,core,task7_quarterly_headcount_plan,109,True,0.48932
adaptation_heavy,gemma4:26b,gemma4,primary_model,core,task7_quarterly_headcount_plan,109,True,0.415655
adaptation_light,gemma4:26b,gemma4,primary_model,core,task7_quarterly_headcount_plan,109,True,0.5839799999999999
no_coherence,gemma4:26b,gemma4,primary_model,core,task7_quarterly_headcount_plan,109,True,0.410315
original,gemma4:26b,gemma4,primary_model,core,task7_quarterly_headcount_plan,109,True,0.3461
utility_only,gemma4:26b,gemma4,primary_model,core,task7_quarterly_headcount_plan,109,True,0.4409
balanced,gemma4:26b,gemma4,primary_model,core,task7_quarterly_headcount_plan,109,True,0.3794
adaptation_heavy,gemma4:26b,gemma4,primary_model,core,task7_quarterly_headcount_plan,109,True,0.30735500000000004
adaptation_light,gemma4:26b,gemma4,primary_model,core,task7_quarterly_headcount_plan,109,True,0.46758
no_coherence,gemma4:26b,gemma4,primary_model,core,task7_quarterly_headcount_plan,109,True,0.39249500000000004
original,gemma4:26b,gemma4,primary_model,heldout,task3_startup_week,100,True,0.2935
utility_only,gemma4:26b,gemma4,primary_model,heldout,task3_startup_week,100,True,0.3694
balanced,gemma4:26b,gemma4,primary_model,heldout,task3_startup_week,100,True,0.28651
adaptation_heavy,gemma4:26b,gemma4,primary_model,heldout,task3_startup_week,100,True,0.23803999999999997
adaptation_light,gemma4:26b,gemma4,primary_model,heldout,task3_startup_week,100,True,0.36039
no_coherence,gemma4:26b,gemma4,primary_model,heldout,task3_startup_week,100,True,0.29317000000000004
original,gemma4:26b,gemma4,primary_model,heldout,task3_startup_week,100,True,0.2932
utility_only,gemma4:26b,gemma4,primary_model,heldout,task3_startup_week,100,True,0.3689
balanced,gemma4:26b,gemma4,primary_model,heldout,task3_startup_week,100,True,0.28631
adaptation_heavy,gemma4:26b,gemma4,primary_model,heldout,task3_startup_week,100,True,0.237865
adaptation_light,gemma4:26b,gemma4,primary_model,heldout,task3_startup_week,100,True,0.36009
no_coherence,gemma4:26b,gemma4,primary_model,heldout,task3_startup_week,100,True,0.292895
original,gemma4:26b,gemma4,primary_model,heldout,task6_incident_response_week,100,True,0.3471
utility_only,gemma4:26b,gemma4,primary_model,heldout,task6_incident_response_week,100,True,0.3433
balanced,gemma4:26b,gemma4,primary_model,heldout,task6_incident_response_week,100,True,0.36852999999999997
adaptation_heavy,gemma4:26b,gemma4,primary_model,heldout,task6_incident_response_week,100,True,0.301365
adaptation_light,gemma4:26b,gemma4,primary_model,heldout,task6_incident_response_week,100,True,0.43718999999999997
no_coherence,gemma4:26b,gemma4,primary_model,heldout,task6_incident_response_week,100,True,0.338815
original,gemma4:26b,gemma4,primary_model,heldout,task6_incident_response_week,100,True,0.3368
utility_only,gemma4:26b,gemma4,primary_model,heldout,task6_incident_response_week,100,True,0.346
balanced,gemma4:26b,gemma4,primary_model,heldout,task6_incident_response_week,100,True,0.35541999999999996
adaptation_heavy,gemma4:26b,gemma4,primary_model,heldout,task6_incident_response_week,100,True,0.28812
adaptation_light,gemma4:26b,gemma4,primary_model,heldout,task6_incident_response_week,100,True,0.42462
no_coherence,gemma4:26b,gemma4,primary_model,heldout,task6_incident_response_week,100,True,0.3403
original,gemma4:26b,gemma4,primary_model,heldout,task7_quarterly_headcount_plan,100,True,0.3645
utility_only,gemma4:26b,gemma4,primary_model,heldout,task7_quarterly_headcount_plan,100,True,0.4568
balanced,gemma4:26b,gemma4,primary_model,heldout,task7_quarterly_headcount_plan,100,True,0.40771999999999997
adaptation_heavy,gemma4:26b,gemma4,primary_model,heldout,task7_quarterly_headcount_plan,100,True,0.33488
adaptation_light,gemma4:26b,gemma4,primary_model,heldout,task7_quarterly_headcount_plan,100,True,0.49907999999999997
no_coherence,gemma4:26b,gemma4,primary_model,heldout,task7_quarterly_headcount_plan,100,True,0.40124000000000004
original,gemma4:26b,gemma4,primary_model,heldout,task7_quarterly_headcount_plan,100,True,0.4069
utility_only,gemma4:26b,gemma4,primary_model,heldout,task7_quarterly_headcount_plan,100,True,0.4788
balanced,gemma4:26b,gemma4,primary_model,heldout,task7_quarterly_headcount_plan,100,True,0.49152
adaptation_heavy,gemma4:26b,gemma4,primary_model,heldout,task7_quarterly_headcount_plan,100,True,0.41757999999999995
adaptation_light,gemma4:26b,gemma4,primary_model,heldout,task7_quarterly_headcount_plan,100,True,0.58728
no_coherence,gemma4:26b,gemma4,primary_model,heldout,task7_quarterly_headcount_plan,100,True,0.41334000000000004
original,gemma4:26b,gemma4,primary_model,heldout,task3_startup_week,101,True,0.401
utility_only,gemma4:26b,gemma4,primary_model,heldout,task3_startup_week,101,True,0.3954
balanced,gemma4:26b,gemma4,primary_model,heldout,task3_startup_week,101,True,0.40892999999999996
adaptation_heavy,gemma4:26b,gemma4,primary_model,heldout,task3_startup_week,101,True,0.34165999999999996
adaptation_light,gemma4:26b,gemma4,primary_model,heldout,task3_startup_week,101,True,0.48800999999999994
no_coherence,gemma4:26b,gemma4,primary_model,heldout,task3_startup_week,101,True,0.35997
original,gemma4:26b,gemma4,primary_model,heldout,task3_startup_week,101,True,0.4109
utility_only,gemma4:26b,gemma4,primary_model,heldout,task3_startup_week,101,True,0.394
balanced,gemma4:26b,gemma4,primary_model,heldout,task3_startup_week,101,True,0.41896
adaptation_heavy,gemma4:26b,gemma4,primary_model,heldout,task3_startup_week,101,True,0.35175999999999996
adaptation_light,gemma4:26b,gemma4,primary_model,heldout,task3_startup_week,101,True,0.49776
no_coherence,gemma4:26b,gemma4,primary_model,heldout,task3_startup_week,101,True,0.3592
original,gemma4:26b,gemma4,primary_model,heldout,task6_incident_response_week,101,True,0.3339
utility_only,gemma4:26b,gemma4,primary_model,heldout,task6_incident_response_week,101,True,0.3548
balanced,gemma4:26b,gemma4,primary_model,heldout,task6_incident_response_week,101,True,0.35033000000000003
adaptation_heavy,gemma4:26b,gemma4,primary_model,heldout,task6_incident_response_week,101,True,0.28259
adaptation_light,gemma4:26b,gemma4,primary_model,heldout,task6_incident_response_week,101,True,0.42129
no_coherence,gemma4:26b,gemma4,primary_model,heldout,task6_incident_response_week,101,True,0.34514
original,gemma4:26b,gemma4,primary_model,heldout,task6_incident_response_week,101,True,0.339
utility_only,gemma4:26b,gemma4,primary_model,heldout,task6_incident_response_week,101,True,0.3548
balanced,gemma4:26b,gemma4,primary_model,heldout,task6_incident_response_week,101,True,0.356555
adaptation_heavy,gemma4:26b,gemma4,primary_model,heldout,task6_incident_response_week,101,True,0.288815
adaptation_light,gemma4:26b,gemma4,primary_model,heldout,task6_incident_response_week,101,True,0.427515
no_coherence,gemma4:26b,gemma4,primary_model,heldout,task6_incident_response_week,101,True,0.34514
original,gemma4:26b,gemma4,primary_model,heldout,task7_quarterly_headcount_plan,101,True,0.4181
utility_only,gemma4:26b,gemma4,primary_model,heldout,task7_quarterly_headcount_plan,101,True,0.5011
balanced,gemma4:26b,gemma4,primary_model,heldout,task7_quarterly_headcount_plan,101,True,0.49252
adaptation_heavy,gemma4:26b,gemma4,primary_model,heldout,task7_quarterly_headcount_plan,101,True,0.417465
adaptation_light,gemma4:26b,gemma4,primary_model,heldout,task7_quarterly_headcount_plan,101,True,0.59274
no_coherence,gemma4:26b,gemma4,primary_model,heldout,task7_quarterly_headcount_plan,101,True,0.425605
original,gemma4:26b,gemma4,primary_model,heldout,task7_quarterly_headcount_plan,101,True,0.4214
utility_only,gemma4:26b,gemma4,primary_model,heldout,task7_quarterly_headcount_plan,101,True,0.5016
balanced,gemma4:26b,gemma4,primary_model,heldout,task7_quarterly_headcount_plan,101,True,0.50064
adaptation_heavy,gemma4:26b,gemma4,primary_model,heldout,task7_quarterly_headcount_plan,101,True,0.42556
adaptation_light,gemma4:26b,gemma4,primary_model,heldout,task7_quarterly_headcount_plan,101,True,0.6009599999999999
no_coherence,gemma4:26b,gemma4,primary_model,heldout,task7_quarterly_headcount_plan,101,True,0.42588000000000004
original,gemma4:26b,gemma4,primary_model,heldout,task3_startup_week,102,True,0.3892
utility_only,gemma4:26b,gemma4,primary_model,heldout,task3_startup_week,102,True,0.3909
balanced,gemma4:26b,gemma4,primary_model,heldout,task3_startup_week,102,True,0.40011
adaptation_heavy,gemma4:26b,gemma4,primary_model,heldout,task3_startup_week,102,True,0.330565
adaptation_light,gemma4:26b,gemma4,primary_model,heldout,task3_startup_week,102,True,0.47829
no_coherence,gemma4:26b,gemma4,primary_model,heldout,task3_startup_week,102,True,0.364995
original,gemma4:26b,gemma4,primary_model,heldout,task3_startup_week,102,True,0.3888
utility_only,gemma4:26b,gemma4,primary_model,heldout,task3_startup_week,102,True,0.39
balanced,gemma4:26b,gemma4,primary_model,heldout,task3_startup_week,102,True,0.39975000000000005
adaptation_heavy,gemma4:26b,gemma4,primary_model,heldout,task3_startup_week,102,True,0.33025
adaptation_light,gemma4:26b,gemma4,primary_model,heldout,task3_startup_week,102,True,0.47775
no_coherence,gemma4:26b,gemma4,primary_model,heldout,task3_startup_week,102,True,0.36450000000000005
original,gemma4:26b,gemma4,primary_model,heldout,task6_incident_response_week,102,True,0.3478
utility_only,gemma4:26b,gemma4,primary_model,heldout,task6_incident_response_week,102,True,0.3556
balanced,gemma4:26b,gemma4,primary_model,heldout,task6_incident_response_week,102,True,0.36724
adaptation_heavy,gemma4:26b,gemma4,primary_model,heldout,task6_incident_response_week,102,True,0.29946
adaptation_light,gemma4:26b,gemma4,primary_model,heldout,task6_incident_response_week,102,True,0.43836
no_coherence,gemma4:26b,gemma4,primary_model,heldout,task6_incident_response_week,102,True,0.34558
original,gemma4:26b,gemma4,primary_model,heldout,task6_incident_response_week,102,True,0.3708
utility_only,gemma4:26b,gemma4,primary_model,heldout,task6_incident_response_week,102,True,0.3573
balanced,gemma4:26b,gemma4,primary_model,heldout,task6_incident_response_week,102,True,0.39534
adaptation_heavy,gemma4:26b,gemma4,primary_model,heldout,task6_incident_response_week,102,True,0.327475
adaptation_light,gemma4:26b,gemma4,primary_model,heldout,task6_incident_response_week,102,True,0.4668
no_coherence,gemma4:26b,gemma4,primary_model,heldout,task6_incident_response_week,102,True,0.346515
original,gemma4:26b,gemma4,primary_model,heldout,task7_quarterly_headcount_plan,102,True,0.3892
utility_only,gemma4:26b,gemma4,primary_model,heldout,task7_quarterly_headcount_plan,102,True,0.464
balanced,gemma4:26b,gemma4,primary_model,heldout,task7_quarterly_headcount_plan,102,True,0.46364
adaptation_heavy,gemma4:26b,gemma4,primary_model,heldout,task7_quarterly_headcount_plan,102,True,0.39044
adaptation_light,gemma4:26b,gemma4,primary_model,heldout,task7_quarterly_headcount_plan,102,True,0.5564399999999999
no_coherence,gemma4:26b,gemma4,primary_model,heldout,task7_quarterly_headcount_plan,102,True,0.4052
original,gemma4:26b,gemma4,primary_model,heldout,task7_quarterly_headcount_plan,102,True,0.3947
utility_only,gemma4:26b,gemma4,primary_model,heldout,task7_quarterly_headcount_plan,102,True,0.4727
balanced,gemma4:26b,gemma4,primary_model,heldout,task7_quarterly_headcount_plan,102,True,0.46712
adaptation_heavy,gemma4:26b,gemma4,primary_model,heldout,task7_quarterly_headcount_plan,102,True,0.393485
adaptation_light,gemma4:26b,gemma4,primary_model,heldout,task7_quarterly_headcount_plan,102,True,0.5616599999999999
no_coherence,gemma4:26b,gemma4,primary_model,heldout,task7_quarterly_headcount_plan,102,True,0.40998500000000004
original,gemma4:26b,gemma4,primary_model,heldout,task3_startup_week,103,False,0.4359
utility_only,gemma4:26b,gemma4,primary_model,heldout,task3_startup_week,103,False,0.4236
balanced,gemma4:26b,gemma4,primary_model,heldout,task3_startup_week,103,False,0.47436428571428574
adaptation_heavy,gemma4:26b,gemma4,primary_model,heldout,task3_startup_week,103,False,0.4389583333333333
adaptation_light,gemma4:26b,gemma4,primary_model,heldout,task3_startup_week,103,False,0.4630833333333334
no_coherence,gemma4:26b,gemma4,primary_model,heldout,task3_startup_week,103,False,0.5363999999999999
original,gemma4:26b,gemma4,primary_model,heldout,task3_startup_week,103,False,0.4359
utility_only,gemma4:26b,gemma4,primary_model,heldout,task3_startup_week,103,False,0.4236
balanced,gemma4:26b,gemma4,primary_model,heldout,task3_startup_week,103,False,0.47436428571428574
adaptation_heavy,gemma4:26b,gemma4,primary_model,heldout,task3_startup_week,103,False,0.4389583333333333
adaptation_light,gemma4:26b,gemma4,primary_model,heldout,task3_startup_week,103,False,0.4630833333333334
no_coherence,gemma4:26b,gemma4,primary_model,heldout,task3_startup_week,103,False,0.5363999999999999
original,gemma4:26b,gemma4,primary_model,heldout,task6_incident_response_week,103,False,0.5447
utility_only,gemma4:26b,gemma4,primary_model,heldout,task6_incident_response_week,103,False,0.392
balanced,gemma4:26b,gemma4,primary_model,heldout,task6_incident_response_week,103,False,0.58175
adaptation_heavy,gemma4:26b,gemma4,primary_model,heldout,task6_incident_response_week,103,False,0.5627083333333334
adaptation_light,gemma4:26b,gemma4,primary_model,heldout,task6_incident_response_week,103,False,0.5395833333333333
no_coherence,gemma4:26b,gemma4,primary_model,heldout,task6_incident_response_week,103,False,0.5222857142857142
original,gemma4:26b,gemma4,primary_model,heldout,task6_incident_response_week,103,False,0.4956
utility_only,gemma4:26b,gemma4,primary_model,heldout,task6_incident_response_week,103,False,0.392
balanced,gemma4:26b,gemma4,primary_model,heldout,task6_incident_response_week,103,False,0.5207428571428572
adaptation_heavy,gemma4:26b,gemma4,primary_model,heldout,task6_incident_response_week,103,False,0.49153333333333327
adaptation_light,gemma4:26b,gemma4,primary_model,heldout,task6_incident_response_week,103,False,0.49213333333333337
no_coherence,gemma4:26b,gemma4,primary_model,heldout,task6_incident_response_week,103,False,0.5222857142857142
original,gemma4:26b,gemma4,primary_model,heldout,task7_quarterly_headcount_plan,103,False,0.5987
utility_only,gemma4:26b,gemma4,primary_model,heldout,task7_quarterly_headcount_plan,103,False,0.5517
balanced,gemma4:26b,gemma4,primary_model,heldout,task7_quarterly_headcount_plan,103,False,0.7019785714285715
adaptation_heavy,gemma4:26b,gemma4,primary_model,heldout,task7_quarterly_headcount_plan,103,False,0.6896666666666667
adaptation_light,gemma4:26b,gemma4,primary_model,heldout,task7_quarterly_headcount_plan,103,False,0.6685833333333333
no_coherence,gemma4:26b,gemma4,primary_model,heldout,task7_quarterly_headcount_plan,103,False,0.6477642857142857
original,gemma4:26b,gemma4,primary_model,heldout,task7_quarterly_headcount_plan,103,False,0.6368
utility_only,gemma4:26b,gemma4,primary_model,heldout,task7_quarterly_headcount_plan,103,False,0.5785
balanced,gemma4:26b,gemma4,primary_model,heldout,task7_quarterly_headcount_plan,103,False,0.7591428571428571
adaptation_heavy,gemma4:26b,gemma4,primary_model,heldout,task7_quarterly_headcount_plan,103,False,0.7541249999999999
adaptation_light,gemma4:26b,gemma4,primary_model,heldout,task7_quarterly_headcount_plan,103,False,0.7190000000000001
no_coherence,gemma4:26b,gemma4,primary_model,heldout,task7_quarterly_headcount_plan,103,False,0.6688214285714286
original,gemma4:26b,gemma4,primary_model,heldout,task3_startup_week,104,True,0.3495
utility_only,gemma4:26b,gemma4,primary_model,heldout,task3_startup_week,104,True,0.3324
balanced,gemma4:26b,gemma4,primary_model,heldout,task3_startup_week,104,True,0.36372
adaptation_heavy,gemma4:26b,gemma4,primary_model,heldout,task3_startup_week,104,True,0.2996
adaptation_light,gemma4:26b,gemma4,primary_model,heldout,task3_startup_week,104,True,0.43019999999999997
no_coherence,gemma4:26b,gemma4,primary_model,heldout,task3_startup_week,104,True,0.32532
original,gemma4:26b,gemma4,primary_model,heldout,task3_startup_week,104,True,0.3552
utility_only,gemma4:26b,gemma4,primary_model,heldout,task3_startup_week,104,True,0.3321
balanced,gemma4:26b,gemma4,primary_model,heldout,task3_startup_week,104,True,0.369525
adaptation_heavy,gemma4:26b,gemma4,primary_model,heldout,task3_startup_week,104,True,0.30542
adaptation_light,gemma4:26b,gemma4,primary_model,heldout,task3_startup_week,104,True,0.43594499999999997
no_coherence,gemma4:26b,gemma4,primary_model,heldout,task3_startup_week,104,True,0.32515499999999997
original,gemma4:26b,gemma4,primary_model,heldout,task6_incident_response_week,104,True,0.3267
utility_only,gemma4:26b,gemma4,primary_model,heldout,task6_incident_response_week,104,True,0.3148
balanced,gemma4:26b,gemma4,primary_model,heldout,task6_incident_response_week,104,True,0.34834
adaptation_heavy,gemma4:26b,gemma4,primary_model,heldout,task6_incident_response_week,104,True,0.2826
adaptation_light,gemma4:26b,gemma4,primary_model,heldout,task6_incident_response_week,104,True,0.4113
no_coherence,gemma4:26b,gemma4,primary_model,heldout,task6_incident_response_week,104,True,0.32314
original,gemma4:26b,gemma4,primary_model,heldout,task6_incident_response_week,104,True,0.3328
utility_only,gemma4:26b,gemma4,primary_model,heldout,task6_incident_response_week,104,True,0.3124
balanced,gemma4:26b,gemma4,primary_model,heldout,task6_incident_response_week,104,True,0.35617
adaptation_heavy,gemma4:26b,gemma4,primary_model,heldout,task6_incident_response_week,104,True,0.29055
adaptation_light,gemma4:26b,gemma4,primary_model,heldout,task6_incident_response_week,104,True,0.41864999999999997
no_coherence,gemma4:26b,gemma4,primary_model,heldout,task6_incident_response_week,104,True,0.32182
original,gemma4:26b,gemma4,primary_model,heldout,task7_quarterly_headcount_plan,104,True,0.3606
utility_only,gemma4:26b,gemma4,primary_model,heldout,task7_quarterly_headcount_plan,104,True,0.406
balanced,gemma4:26b,gemma4,primary_model,heldout,task7_quarterly_headcount_plan,104,True,0.46240000000000003
adaptation_heavy,gemma4:26b,gemma4,primary_model,heldout,task7_quarterly_headcount_plan,104,True,0.3921
adaptation_light,gemma4:26b,gemma4,primary_model,heldout,task7_quarterly_headcount_plan,104,True,0.5436
no_coherence,gemma4:26b,gemma4,primary_model,heldout,task7_quarterly_headcount_plan,104,True,0.3733
original,gemma4:26b,gemma4,primary_model,heldout,task7_quarterly_headcount_plan,104,True,0.3237
utility_only,gemma4:26b,gemma4,primary_model,heldout,task7_quarterly_headcount_plan,104,True,0.3927
balanced,gemma4:26b,gemma4,primary_model,heldout,task7_quarterly_headcount_plan,104,True,0.38208
adaptation_heavy,gemma4:26b,gemma4,primary_model,heldout,task7_quarterly_headcount_plan,104,True,0.312445
adaptation_light,gemma4:26b,gemma4,primary_model,heldout,task7_quarterly_headcount_plan,104,True,0.46062
no_coherence,gemma4:26b,gemma4,primary_model,heldout,task7_quarterly_headcount_plan,104,True,0.365985
original,gemma4:26b,gemma4,primary_model,heldout,task3_startup_week,105,True,0.2915
utility_only,gemma4:26b,gemma4,primary_model,heldout,task3_startup_week,105,True,0.3217
balanced,gemma4:26b,gemma4,primary_model,heldout,task3_startup_week,105,True,0.309295
adaptation_heavy,gemma4:26b,gemma4,primary_model,heldout,task3_startup_week,105,True,0.24320999999999998
adaptation_light,gemma4:26b,gemma4,primary_model,heldout,task3_startup_week,105,True,0.373635
no_coherence,gemma4:26b,gemma4,primary_model,heldout,task3_startup_week,105,True,0.326935
original,gemma4:26b,gemma4,primary_model,heldout,task3_startup_week,105,True,0.3193
utility_only,gemma4:26b,gemma4,primary_model,heldout,task3_startup_week,105,True,0.3234
balanced,gemma4:26b,gemma4,primary_model,heldout,task3_startup_week,105,True,0.33447
adaptation_heavy,gemma4:26b,gemma4,primary_model,heldout,task3_startup_week,105,True,0.2708
adaptation_light,gemma4:26b,gemma4,primary_model,heldout,task3_startup_week,105,True,0.39915
no_coherence,gemma4:26b,gemma4,primary_model,heldout,task3_startup_week,105,True,0.32037000000000004
original,gemma4:26b,gemma4,primary_model,heldout,task6_incident_response_week,105,True,0.3428
utility_only,gemma4:26b,gemma4,primary_model,heldout,task6_incident_response_week,105,True,0.3076
balanced,gemma4:26b,gemma4,primary_model,heldout,task6_incident_response_week,105,True,0.36924999999999997
adaptation_heavy,gemma4:26b,gemma4,primary_model,heldout,task6_incident_response_week,105,True,0.30387
adaptation_light,gemma4:26b,gemma4,primary_model,heldout,task6_incident_response_week,105,True,0.43077
no_coherence,gemma4:26b,gemma4,primary_model,heldout,task6_incident_response_week,105,True,0.31918
original,gemma4:26b,gemma4,primary_model,heldout,task6_incident_response_week,105,True,0.3599
utility_only,gemma4:26b,gemma4,primary_model,heldout,task6_incident_response_week,105,True,0.3083
balanced,gemma4:26b,gemma4,primary_model,heldout,task6_incident_response_week,105,True,0.390245
adaptation_heavy,gemma4:26b,gemma4,primary_model,heldout,task6_incident_response_week,105,True,0.32483
adaptation_light,gemma4:26b,gemma4,primary_model,heldout,task6_incident_response_week,105,True,0.451905
no_coherence,gemma4:26b,gemma4,primary_model,heldout,task6_incident_response_week,105,True,0.319565
original,gemma4:26b,gemma4,primary_model,heldout,task7_quarterly_headcount_plan,105,True,0.3515
utility_only,gemma4:26b,gemma4,primary_model,heldout,task7_quarterly_headcount_plan,105,True,0.3917
balanced,gemma4:26b,gemma4,primary_model,heldout,task7_quarterly_headcount_plan,105,True,0.45668
adaptation_heavy,gemma4:26b,gemma4,primary_model,heldout,task7_quarterly_headcount_plan,105,True,0.38709499999999997
adaptation_light,gemma4:26b,gemma4,primary_model,heldout,task7_quarterly_headcount_plan,105,True,0.5350199999999999
no_coherence,gemma4:26b,gemma4,primary_model,heldout,task7_quarterly_headcount_plan,105,True,0.365435
original,gemma4:26b,gemma4,primary_model,heldout,task7_quarterly_headcount_plan,105,True,0.3515
utility_only,gemma4:26b,gemma4,primary_model,heldout,task7_quarterly_headcount_plan,105,True,0.3917
balanced,gemma4:26b,gemma4,primary_model,heldout,task7_quarterly_headcount_plan,105,True,0.45668
adaptation_heavy,gemma4:26b,gemma4,primary_model,heldout,task7_quarterly_headcount_plan,105,True,0.38709499999999997
adaptation_light,gemma4:26b,gemma4,primary_model,heldout,task7_quarterly_headcount_plan,105,True,0.5350199999999999
no_coherence,gemma4:26b,gemma4,primary_model,heldout,task7_quarterly_headcount_plan,105,True,0.365435
original,gemma4:26b,gemma4,primary_model,heldout,task3_startup_week,106,True,0.3269
utility_only,gemma4:26b,gemma4,primary_model,heldout,task3_startup_week,106,True,0.4164
balanced,gemma4:26b,gemma4,primary_model,heldout,task3_startup_week,106,True,0.33531
adaptation_heavy,gemma4:26b,gemma4,primary_model,heldout,task3_startup_week,106,True,0.26449
adaptation_light,gemma4:26b,gemma4,primary_model,heldout,task3_startup_week,106,True,0.41858999999999996
no_coherence,gemma4:26b,gemma4,primary_model,heldout,task3_startup_week,106,True,0.37902
original,gemma4:26b,gemma4,primary_model,heldout,task3_startup_week,106,True,0.3082
utility_only,gemma4:26b,gemma4,primary_model,heldout,task3_startup_week,106,True,0.4164
balanced,gemma4:26b,gemma4,primary_model,heldout,task3_startup_week,106,True,0.31656
adaptation_heavy,gemma4:26b,gemma4,primary_model,heldout,task3_startup_week,106,True,0.24574
adaptation_light,gemma4:26b,gemma4,primary_model,heldout,task3_startup_week,106,True,0.39984
no_coherence,gemma4:26b,gemma4,primary_model,heldout,task3_startup_week,106,True,0.37902
original,gemma4:26b,gemma4,primary_model,heldout,task6_incident_response_week,106,True,0.346
utility_only,gemma4:26b,gemma4,primary_model,heldout,task6_incident_response_week,106,True,0.382
balanced,gemma4:26b,gemma4,primary_model,heldout,task6_incident_response_week,106,True,0.36061
adaptation_heavy,gemma4:26b,gemma4,primary_model,heldout,task6_incident_response_week,106,True,0.31294
adaptation_light,gemma4:26b,gemma4,primary_model,heldout,task6_incident_response_week,106,True,0.43700999999999995
no_coherence,gemma4:26b,gemma4,primary_model,heldout,task6_incident_response_week,106,True,0.29581
original,gemma4:26b,gemma4,primary_model,heldout,task6_incident_response_week,106,True,0.346
utility_only,gemma4:26b,gemma4,primary_model,heldout,task6_incident_response_week,106,True,0.382
balanced,gemma4:26b,gemma4,primary_model,heldout,task6_incident_response_week,106,True,0.36061
adaptation_heavy,gemma4:26b,gemma4,primary_model,heldout,task6_incident_response_week,106,True,0.31294
adaptation_light,gemma4:26b,gemma4,primary_model,heldout,task6_incident_response_week,106,True,0.43700999999999995
no_coherence,gemma4:26b,gemma4,primary_model,heldout,task6_incident_response_week,106,True,0.29581
original,gemma4:26b,gemma4,primary_model,heldout,task7_quarterly_headcount_plan,106,True,0.462
utility_only,gemma4:26b,gemma4,primary_model,heldout,task7_quarterly_headcount_plan,106,True,0.5653
balanced,gemma4:26b,gemma4,primary_model,heldout,task7_quarterly_headcount_plan,106,True,0.52612
adaptation_heavy,gemma4:26b,gemma4,primary_model,heldout,task7_quarterly_headcount_plan,106,True,0.447855
adaptation_light,gemma4:26b,gemma4,primary_model,heldout,task7_quarterly_headcount_plan,106,True,0.63918
no_coherence,gemma4:26b,gemma4,primary_model,heldout,task7_quarterly_headcount_plan,106,True,0.4609150000000001
original,gemma4:26b,gemma4,primary_model,heldout,task7_quarterly_headcount_plan,106,True,0.4126
utility_only,gemma4:26b,gemma4,primary_model,heldout,task7_quarterly_headcount_plan,106,True,0.4877
balanced,gemma4:26b,gemma4,primary_model,heldout,task7_quarterly_headcount_plan,106,True,0.49508
adaptation_heavy,gemma4:26b,gemma4,primary_model,heldout,task7_quarterly_headcount_plan,106,True,0.420695
adaptation_light,gemma4:26b,gemma4,primary_model,heldout,task7_quarterly_headcount_plan,106,True,0.5926199999999999
no_coherence,gemma4:26b,gemma4,primary_model,heldout,task7_quarterly_headcount_plan,106,True,0.418235
original,gemma4:26b,gemma4,primary_model,heldout,task3_startup_week,107,True,0.3134
utility_only,gemma4:26b,gemma4,primary_model,heldout,task3_startup_week,107,True,0.3557
balanced,gemma4:26b,gemma4,primary_model,heldout,task3_startup_week,107,True,0.32780000000000004
adaptation_heavy,gemma4:26b,gemma4,primary_model,heldout,task3_startup_week,107,True,0.260015
adaptation_light,gemma4:26b,gemma4,primary_model,heldout,task3_startup_week,107,True,0.39894
no_coherence,gemma4:26b,gemma4,primary_model,heldout,task3_startup_week,107,True,0.345635
original,gemma4:26b,gemma4,primary_model,heldout,task3_startup_week,107,True,0.2779
utility_only,gemma4:26b,gemma4,primary_model,heldout,task3_startup_week,107,True,0.3557
balanced,gemma4:26b,gemma4,primary_model,heldout,task3_startup_week,107,True,0.29228
adaptation_heavy,gemma4:26b,gemma4,primary_model,heldout,task3_startup_week,107,True,0.224495
adaptation_light,gemma4:26b,gemma4,primary_model,heldout,task3_startup_week,107,True,0.36341999999999997
no_coherence,gemma4:26b,gemma4,primary_model,heldout,task3_startup_week,107,True,0.345635
original,gemma4:26b,gemma4,primary_model,heldout,task6_incident_response_week,107,True,0.3023
utility_only,gemma4:26b,gemma4,primary_model,heldout,task6_incident_response_week,107,True,0.3412
balanced,gemma4:26b,gemma4,primary_model,heldout,task6_incident_response_week,107,True,0.31381000000000003
adaptation_heavy,gemma4:26b,gemma4,primary_model,heldout,task6_incident_response_week,107,True,0.261035
adaptation_light,gemma4:26b,gemma4,primary_model,heldout,task6_incident_response_week,107,True,0.38205
no_coherence,gemma4:26b,gemma4,primary_model,heldout,task6_incident_response_week,107,True,0.29480500000000004
original,gemma4:26b,gemma4,primary_model,heldout,task6_incident_response_week,107,True,0.2921
utility_only,gemma4:26b,gemma4,primary_model,heldout,task6_incident_response_week,107,True,0.3374
balanced,gemma4:26b,gemma4,primary_model,heldout,task6_incident_response_week,107,True,0.30188
adaptation_heavy,gemma4:26b,gemma4,primary_model,heldout,task6_incident_response_week,107,True,0.25644
adaptation_light,gemma4:26b,gemma4,primary_model,heldout,task6_incident_response_week,107,True,0.36935999999999997
no_coherence,gemma4:26b,gemma4,primary_model,heldout,task6_incident_response_week,107,True,0.27128
original,gemma4:26b,gemma4,primary_model,heldout,task7_quarterly_headcount_plan,107,True,0.4068
utility_only,gemma4:26b,gemma4,primary_model,heldout,task7_quarterly_headcount_plan,107,True,0.4786
balanced,gemma4:26b,gemma4,primary_model,heldout,task7_quarterly_headcount_plan,107,True,0.49144
adaptation_heavy,gemma4:26b,gemma4,primary_model,heldout,task7_quarterly_headcount_plan,107,True,0.41751
adaptation_light,gemma4:26b,gemma4,primary_model,heldout,task7_quarterly_headcount_plan,107,True,0.58716
no_coherence,gemma4:26b,gemma4,primary_model,heldout,task7_quarterly_headcount_plan,107,True,0.41323
original,gemma4:26b,gemma4,primary_model,heldout,task7_quarterly_headcount_plan,107,True,0.4068
utility_only,gemma4:26b,gemma4,primary_model,heldout,task7_quarterly_headcount_plan,107,True,0.4786
balanced,gemma4:26b,gemma4,primary_model,heldout,task7_quarterly_headcount_plan,107,True,0.49144
adaptation_heavy,gemma4:26b,gemma4,primary_model,heldout,task7_quarterly_headcount_plan,107,True,0.41751
adaptation_light,gemma4:26b,gemma4,primary_model,heldout,task7_quarterly_headcount_plan,107,True,0.58716
no_coherence,gemma4:26b,gemma4,primary_model,heldout,task7_quarterly_headcount_plan,107,True,0.41323
original,gemma4:26b,gemma4,primary_model,heldout,task3_startup_week,108,True,0.2561
utility_only,gemma4:26b,gemma4,primary_model,heldout,task3_startup_week,108,True,0.3121
balanced,gemma4:26b,gemma4,primary_model,heldout,task3_startup_week,108,True,0.27484
adaptation_heavy,gemma4:26b,gemma4,primary_model,heldout,task3_startup_week,108,True,0.209235
adaptation_light,gemma4:26b,gemma4,primary_model,heldout,task3_startup_week,108,True,0.33726
no_coherence,gemma4:26b,gemma4,primary_model,heldout,task3_startup_week,108,True,0.321655
original,gemma4:26b,gemma4,primary_model,heldout,task3_startup_week,108,True,0.2561
utility_only,gemma4:26b,gemma4,primary_model,heldout,task3_startup_week,108,True,0.3121
balanced,gemma4:26b,gemma4,primary_model,heldout,task3_startup_week,108,True,0.27484
adaptation_heavy,gemma4:26b,gemma4,primary_model,heldout,task3_startup_week,108,True,0.209235
adaptation_light,gemma4:26b,gemma4,primary_model,heldout,task3_startup_week,108,True,0.33726
no_coherence,gemma4:26b,gemma4,primary_model,heldout,task3_startup_week,108,True,0.321655
original,gemma4:26b,gemma4,primary_model,heldout,task6_incident_response_week,108,True,0.4569
utility_only,gemma4:26b,gemma4,primary_model,heldout,task6_incident_response_week,108,True,0.3023
balanced,gemma4:26b,gemma4,primary_model,heldout,task6_incident_response_week,108,True,0.47514500000000004
adaptation_heavy,gemma4:26b,gemma4,primary_model,heldout,task6_incident_response_week,108,True,0.46916
adaptation_light,gemma4:26b,gemma4,primary_model,heldout,task6_incident_response_week,108,True,0.417345
no_coherence,gemma4:26b,gemma4,primary_model,heldout,task6_incident_response_week,108,True,0.49365500000000007
original,gemma4:26b,gemma4,primary_model,heldout,task6_incident_response_week,108,True,0.3084
utility_only,gemma4:26b,gemma4,primary_model,heldout,task6_incident_response_week,108,True,0.2993
balanced,gemma4:26b,gemma4,primary_model,heldout,task6_incident_response_week,108,True,0.328475
adaptation_heavy,gemma4:26b,gemma4,primary_model,heldout,task6_incident_response_week,108,True,0.28494
adaptation_light,gemma4:26b,gemma4,primary_model,heldout,task6_incident_response_week,108,True,0.388335
no_coherence,gemma4:26b,gemma4,primary_model,heldout,task6_incident_response_week,108,True,0.250325
original,gemma4:26b,gemma4,primary_model,heldout,task7_quarterly_headcount_plan,108,True,0.3526
utility_only,gemma4:26b,gemma4,primary_model,heldout,task7_quarterly_headcount_plan,108,True,0.3934
balanced,gemma4:26b,gemma4,primary_model,heldout,task7_quarterly_headcount_plan,108,True,0.45736
adaptation_heavy,gemma4:26b,gemma4,primary_model,heldout,task7_quarterly_headcount_plan,108,True,0.38769
adaptation_light,gemma4:26b,gemma4,primary_model,heldout,task7_quarterly_headcount_plan,108,True,0.53604
no_coherence,gemma4:26b,gemma4,primary_model,heldout,task7_quarterly_headcount_plan,108,True,0.36637000000000003
original,gemma4:26b,gemma4,primary_model,heldout,task7_quarterly_headcount_plan,108,True,0.306
utility_only,gemma4:26b,gemma4,primary_model,heldout,task7_quarterly_headcount_plan,108,True,0.3695
balanced,gemma4:26b,gemma4,primary_model,heldout,task7_quarterly_headcount_plan,108,True,0.36488
adaptation_heavy,gemma4:26b,gemma4,primary_model,heldout,task7_quarterly_headcount_plan,108,True,0.29640500000000003
adaptation_light,gemma4:26b,gemma4,primary_model,heldout,task7_quarterly_headcount_plan,108,True,0.43877999999999995
no_coherence,gemma4:26b,gemma4,primary_model,heldout,task7_quarterly_headcount_plan,108,True,0.353225
original,gemma4:26b,gemma4,primary_model,heldout,task3_startup_week,109,True,0.2909
utility_only,gemma4:26b,gemma4,primary_model,heldout,task3_startup_week,109,True,0.365
balanced,gemma4:26b,gemma4,primary_model,heldout,task3_startup_week,109,True,0.30438499999999996
adaptation_heavy,gemma4:26b,gemma4,primary_model,heldout,task3_startup_week,109,True,0.236135
adaptation_light,gemma4:26b,gemma4,primary_model,heldout,task3_startup_week,109,True,0.37738499999999997
no_coherence,gemma4:26b,gemma4,primary_model,heldout,task3_startup_week,109,True,0.35075
original,gemma4:26b,gemma4,primary_model,heldout,task3_startup_week,109,True,0.3012
utility_only,gemma4:26b,gemma4,primary_model,heldout,task3_startup_week,109,True,0.365
balanced,gemma4:26b,gemma4,primary_model,heldout,task3_startup_week,109,True,0.31475
adaptation_heavy,gemma4:26b,gemma4,primary_model,heldout,task3_startup_week,109,True,0.2465
adaptation_light,gemma4:26b,gemma4,primary_model,heldout,task3_startup_week,109,True,0.38775
no_coherence,gemma4:26b,gemma4,primary_model,heldout,task3_startup_week,109,True,0.35075
original,gemma4:26b,gemma4,primary_model,heldout,task6_incident_response_week,109,True,0.2863
utility_only,gemma4:26b,gemma4,primary_model,heldout,task6_incident_response_week,109,True,0.3458
balanced,gemma4:26b,gemma4,primary_model,heldout,task6_incident_response_week,109,True,0.293285
adaptation_heavy,gemma4:26b,gemma4,primary_model,heldout,task6_incident_response_week,109,True,0.24742499999999998
adaptation_light,gemma4:26b,gemma4,primary_model,heldout,task6_incident_response_week,109,True,0.362445
no_coherence,gemma4:26b,gemma4,primary_model,heldout,task6_incident_response_week,109,True,0.27590000000000003
original,gemma4:26b,gemma4,primary_model,heldout,task6_incident_response_week,109,True,0.2937
utility_only,gemma4:26b,gemma4,primary_model,heldout,task6_incident_response_week,109,True,0.3463
balanced,gemma4:26b,gemma4,primary_model,heldout,task6_incident_response_week,109,True,0.30227499999999996
adaptation_heavy,gemma4:26b,gemma4,primary_model,heldout,task6_incident_response_week,109,True,0.25639
adaptation_light,gemma4:26b,gemma4,primary_model,heldout,task6_incident_response_week,109,True,0.37153499999999995
no_coherence,gemma4:26b,gemma4,primary_model,heldout,task6_incident_response_week,109,True,0.276175
original,gemma4:26b,gemma4,primary_model,heldout,task7_quarterly_headcount_plan,109,True,0.3535
utility_only,gemma4:26b,gemma4,primary_model,heldout,task7_quarterly_headcount_plan,109,True,0.4395
balanced,gemma4:26b,gemma4,primary_model,heldout,task7_quarterly_headcount_plan,109,True,0.4008
adaptation_heavy,gemma4:26b,gemma4,primary_model,heldout,task7_quarterly_headcount_plan,109,True,0.328825
adaptation_light,gemma4:26b,gemma4,primary_model,heldout,task7_quarterly_headcount_plan,109,True,0.48869999999999997
no_coherence,gemma4:26b,gemma4,primary_model,heldout,task7_quarterly_headcount_plan,109,True,0.391725
original,gemma4:26b,gemma4,primary_model,heldout,task7_quarterly_headcount_plan,109,True,0.3474
utility_only,gemma4:26b,gemma4,primary_model,heldout,task7_quarterly_headcount_plan,109,True,0.443
balanced,gemma4:26b,gemma4,primary_model,heldout,task7_quarterly_headcount_plan,109,True,0.38024
adaptation_heavy,gemma4:26b,gemma4,primary_model,heldout,task7_quarterly_headcount_plan,109,True,0.30809
adaptation_light,gemma4:26b,gemma4,primary_model,heldout,task7_quarterly_headcount_plan,109,True,0.46884
no_coherence,gemma4:26b,gemma4,primary_model,heldout,task7_quarterly_headcount_plan,109,True,0.39365000000000006
original,gpt-oss:20b,gpt-oss,primary_model,core,task3_startup_week,100,True,0.3998
utility_only,gpt-oss:20b,gpt-oss,primary_model,core,task3_startup_week,100,True,0.369
balanced,gpt-oss:20b,gpt-oss,primary_model,core,task3_startup_week,100,True,0.41037
adaptation_heavy,gpt-oss:20b,gpt-oss,primary_model,core,task3_startup_week,100,True,0.34441999999999995
adaptation_light,gpt-oss:20b,gpt-oss,primary_model,core,task3_startup_week,100,True,0.48417
no_coherence,gpt-oss:20b,gpt-oss,primary_model,core,task3_startup_week,100,True,0.34545000000000003
original,gpt-oss:20b,gpt-oss,primary_model,core,task6_incident_response_week,100,True,0.387
utility_only,gpt-oss:20b,gpt-oss,primary_model,core,task6_incident_response_week,100,True,0.3449
balanced,gpt-oss:20b,gpt-oss,primary_model,core,task6_incident_response_week,100,True,0.417305
adaptation_heavy,gpt-oss:20b,gpt-oss,primary_model,core,task6_incident_response_week,100,True,0.35006
adaptation_light,gpt-oss:20b,gpt-oss,primary_model,core,task6_incident_response_week,100,True,0.48628499999999997
no_coherence,gpt-oss:20b,gpt-oss,primary_model,core,task6_incident_response_week,100,True,0.33969499999999997
original,gpt-oss:20b,gpt-oss,primary_model,core,task7_quarterly_headcount_plan,100,True,0.314
utility_only,gpt-oss:20b,gpt-oss,primary_model,core,task7_quarterly_headcount_plan,100,True,0.422
balanced,gpt-oss:20b,gpt-oss,primary_model,core,task7_quarterly_headcount_plan,100,True,0.3188
adaptation_heavy,gpt-oss:20b,gpt-oss,primary_model,core,task7_quarterly_headcount_plan,100,True,0.2477
adaptation_light,gpt-oss:20b,gpt-oss,primary_model,core,task7_quarterly_headcount_plan,100,True,0.4032
no_coherence,gpt-oss:20b,gpt-oss,primary_model,core,task7_quarterly_headcount_plan,100,True,0.3821
original,gpt-oss:20b,gpt-oss,primary_model,core,task3_startup_week,101,True,0.2808
utility_only,gpt-oss:20b,gpt-oss,primary_model,core,task3_startup_week,101,True,0.3592
balanced,gpt-oss:20b,gpt-oss,primary_model,core,task3_startup_week,101,True,0.28993
adaptation_heavy,gpt-oss:20b,gpt-oss,primary_model,core,task3_startup_week,101,True,0.22697
adaptation_light,gpt-oss:20b,gpt-oss,primary_model,core,task3_startup_week,101,True,0.36177000000000004
no_coherence,gpt-oss:20b,gpt-oss,primary_model,core,task3_startup_week,101,True,0.33256
original,gpt-oss:20b,gpt-oss,primary_model,core,task6_incident_response_week,101,True,0.3593
utility_only,gpt-oss:20b,gpt-oss,primary_model,core,task6_incident_response_week,101,True,0.3433
balanced,gpt-oss:20b,gpt-oss,primary_model,core,task6_incident_response_week,101,True,0.38353
adaptation_heavy,gpt-oss:20b,gpt-oss,primary_model,core,task6_incident_response_week,101,True,0.316365
adaptation_light,gpt-oss:20b,gpt-oss,primary_model,core,task6_incident_response_week,101,True,0.45219
no_coherence,gpt-oss:20b,gpt-oss,primary_model,core,task6_incident_response_week,101,True,0.338815
original,gpt-oss:20b,gpt-oss,primary_model,core,task7_quarterly_headcount_plan,101,True,0.6024
utility_only,gpt-oss:20b,gpt-oss,primary_model,core,task7_quarterly_headcount_plan,101,True,0.4897
balanced,gpt-oss:20b,gpt-oss,primary_model,core,task7_quarterly_headcount_plan,101,True,0.70096
adaptation_heavy,gpt-oss:20b,gpt-oss,primary_model,core,task7_quarterly_headcount_plan,101,True,0.701535
adaptation_light,gpt-oss:20b,gpt-oss,primary_model,core,task7_quarterly_headcount_plan,101,True,0.64878
no_coherence,gpt-oss:20b,gpt-oss,primary_model,core,task7_quarterly_headcount_plan,101,True,0.6445150000000001
original,gpt-oss:20b,gpt-oss,primary_model,core,task3_startup_week,102,True,0.4424
utility_only,gpt-oss:20b,gpt-oss,primary_model,core,task3_startup_week,102,True,0.3727
balanced,gpt-oss:20b,gpt-oss,primary_model,core,task3_startup_week,102,True,0.469315
adaptation_heavy,gpt-oss:20b,gpt-oss,primary_model,core,task3_startup_week,102,True,0.45899
adaptation_light,gpt-oss:20b,gpt-oss,primary_model,core,task3_startup_week,102,True,0.447235
no_coherence,gpt-oss:20b,gpt-oss,primary_model,core,task3_startup_week,102,True,0.46991499999999997
original,gpt-oss:20b,gpt-oss,primary_model,core,task6_incident_response_week,102,True,0.6204
utility_only,gpt-oss:20b,gpt-oss,primary_model,core,task6_incident_response_week,102,True,0.3531
balanced,gpt-oss:20b,gpt-oss,primary_model,core,task6_incident_response_week,102,True,0.65145
adaptation_heavy,gpt-oss:20b,gpt-oss,primary_model,core,task6_incident_response_week,102,True,0.669725
adaptation_light,gpt-oss:20b,gpt-oss,primary_model,core,task6_incident_response_week,102,True,0.55021
no_coherence,gpt-oss:20b,gpt-oss,primary_model,core,task6_incident_response_week,102,True,0.601995
original,gpt-oss:20b,gpt-oss,primary_model,core,task7_quarterly_headcount_plan,102,True,0.3537
utility_only,gpt-oss:20b,gpt-oss,primary_model,core,task7_quarterly_headcount_plan,102,True,0.4446
balanced,gpt-oss:20b,gpt-oss,primary_model,core,task7_quarterly_headcount_plan,102,True,0.39492
adaptation_heavy,gpt-oss:20b,gpt-oss,primary_model,core,task7_quarterly_headcount_plan,102,True,0.32269000000000003
adaptation_light,gpt-oss:20b,gpt-oss,primary_model,core,task7_quarterly_headcount_plan,102,True,0.48384
no_coherence,gpt-oss:20b,gpt-oss,primary_model,core,task7_quarterly_headcount_plan,102,True,0.39453000000000005
original,gpt-oss:20b,gpt-oss,primary_model,core,task3_startup_week,103,False,0.4946
utility_only,gpt-oss:20b,gpt-oss,primary_model,core,task3_startup_week,103,False,0.4186
balanced,gpt-oss:20b,gpt-oss,primary_model,core,task3_startup_week,103,False,0.5380000000000001
adaptation_heavy,gpt-oss:20b,gpt-oss,primary_model,core,task3_startup_week,103,False,0.5136166666666667
adaptation_light,gpt-oss:20b,gpt-oss,primary_model,core,task3_startup_week,103,False,0.5114666666666666
no_coherence,gpt-oss:20b,gpt-oss,primary_model,core,task3_startup_week,103,False,0.5324714285714285
original,gpt-oss:20b,gpt-oss,primary_model,core,task6_incident_response_week,103,False,0.525
utility_only,gpt-oss:20b,gpt-oss,primary_model,core,task6_incident_response_week,103,False,0.3793
balanced,gpt-oss:20b,gpt-oss,primary_model,core,task6_incident_response_week,103,False,0.5603714285714286
adaptation_heavy,gpt-oss:20b,gpt-oss,primary_model,core,task6_incident_response_week,103,False,0.538825
adaptation_light,gpt-oss:20b,gpt-oss,primary_model,core,task6_incident_response_week,103,False,0.5201333333333333
no_coherence,gpt-oss:20b,gpt-oss,primary_model,core,task6_incident_response_week,103,False,0.5123071428571428
original,gpt-oss:20b,gpt-oss,primary_model,core,task7_quarterly_headcount_plan,103,False,0.5642
utility_only,gpt-oss:20b,gpt-oss,primary_model,core,task7_quarterly_headcount_plan,103,False,0.5271
balanced,gpt-oss:20b,gpt-oss,primary_model,core,task7_quarterly_headcount_plan,103,False,0.6507857142857143
adaptation_heavy,gpt-oss:20b,gpt-oss,primary_model,core,task7_quarterly_headcount_plan,103,False,0.6319916666666666
adaptation_light,gpt-oss:20b,gpt-oss,primary_model,core,task7_quarterly_headcount_plan,103,False,0.6233000000000001
no_coherence,gpt-oss:20b,gpt-oss,primary_model,core,task7_quarterly_headcount_plan,103,False,0.6284357142857142
original,gpt-oss:20b,gpt-oss,primary_model,core,task3_startup_week,104,True,0.3302
utility_only,gpt-oss:20b,gpt-oss,primary_model,core,task3_startup_week,104,True,0.3414
balanced,gpt-oss:20b,gpt-oss,primary_model,core,task3_startup_week,104,True,0.34107
adaptation_heavy,gpt-oss:20b,gpt-oss,primary_model,core,task3_startup_week,104,True,0.27899999999999997
adaptation_light,gpt-oss:20b,gpt-oss,primary_model,core,task3_startup_week,104,True,0.40935
no_coherence,gpt-oss:20b,gpt-oss,primary_model,core,task3_startup_week,104,True,0.32277
original,gpt-oss:20b,gpt-oss,primary_model,core,task6_incident_response_week,104,True,0.3451
utility_only,gpt-oss:20b,gpt-oss,primary_model,core,task6_incident_response_week,104,True,0.3179
balanced,gpt-oss:20b,gpt-oss,primary_model,core,task6_incident_response_week,104,True,0.3704
adaptation_heavy,gpt-oss:20b,gpt-oss,primary_model,core,task6_incident_response_week,104,True,0.308075
adaptation_light,gpt-oss:20b,gpt-oss,primary_model,core,task6_incident_response_week,104,True,0.43398
no_coherence,gpt-oss:20b,gpt-oss,primary_model,core,task6_incident_response_week,104,True,0.31413500000000005
original,gpt-oss:20b,gpt-oss,primary_model,core,task7_quarterly_headcount_plan,104,True,0.3524
utility_only,gpt-oss:20b,gpt-oss,primary_model,core,task7_quarterly_headcount_plan,104,True,0.3971
balanced,gpt-oss:20b,gpt-oss,primary_model,core,task7_quarterly_headcount_plan,104,True,0.45230000000000004
adaptation_heavy,gpt-oss:20b,gpt-oss,primary_model,core,task7_quarterly_headcount_plan,104,True,0.38244500000000003
adaptation_light,gpt-oss:20b,gpt-oss,primary_model,core,task7_quarterly_headcount_plan,104,True,0.53172
no_coherence,gpt-oss:20b,gpt-oss,primary_model,core,task7_quarterly_headcount_plan,104,True,0.368405
original,gpt-oss:20b,gpt-oss,primary_model,core,task3_startup_week,105,True,0.3061
utility_only,gpt-oss:20b,gpt-oss,primary_model,core,task3_startup_week,105,True,0.3329
balanced,gpt-oss:20b,gpt-oss,primary_model,core,task3_startup_week,105,True,0.31032499999999996
adaptation_heavy,gpt-oss:20b,gpt-oss,primary_model,core,task3_startup_week,105,True,0.25617999999999996
adaptation_light,gpt-oss:20b,gpt-oss,primary_model,core,task3_startup_week,105,True,0.37690499999999993
no_coherence,gpt-oss:20b,gpt-oss,primary_model,core,task3_startup_week,105,True,0.295595
original,gpt-oss:20b,gpt-oss,primary_model,core,task6_incident_response_week,105,True,0.5402
utility_only,gpt-oss:20b,gpt-oss,primary_model,core,task6_incident_response_week,105,True,0.3129
balanced,gpt-oss:20b,gpt-oss,primary_model,core,task6_incident_response_week,105,True,0.570165
adaptation_heavy,gpt-oss:20b,gpt-oss,primary_model,core,task6_incident_response_week,105,True,0.5872850000000001
adaptation_light,gpt-oss:20b,gpt-oss,primary_model,core,task6_incident_response_week,105,True,0.49578500000000003
no_coherence,gpt-oss:20b,gpt-oss,primary_model,core,task6_incident_response_week,105,True,0.48468
original,gpt-oss:20b,gpt-oss,primary_model,core,task7_quarterly_headcount_plan,105,True,0.3392
utility_only,gpt-oss:20b,gpt-oss,primary_model,core,task7_quarterly_headcount_plan,105,True,0.3985
balanced,gpt-oss:20b,gpt-oss,primary_model,core,task7_quarterly_headcount_plan,105,True,0.41563
adaptation_heavy,gpt-oss:20b,gpt-oss,primary_model,core,task7_quarterly_headcount_plan,105,True,0.345705
adaptation_light,gpt-oss:20b,gpt-oss,primary_model,core,task7_quarterly_headcount_plan,105,True,0.49533
no_coherence,gpt-oss:20b,gpt-oss,primary_model,core,task7_quarterly_headcount_plan,105,True,0.36917500000000003
original,gpt-oss:20b,gpt-oss,primary_model,core,task3_startup_week,106,True,0.3845
utility_only,gpt-oss:20b,gpt-oss,primary_model,core,task3_startup_week,106,True,0.4326
balanced,gpt-oss:20b,gpt-oss,primary_model,core,task3_startup_week,106,True,0.381225
adaptation_heavy,gpt-oss:20b,gpt-oss,primary_model,core,task3_startup_week,106,True,0.319595
adaptation_light,gpt-oss:20b,gpt-oss,primary_model,core,task3_startup_week,106,True,0.46774499999999997
no_coherence,gpt-oss:20b,gpt-oss,primary_model,core,task3_startup_week,106,True,0.35792999999999997
original,gpt-oss:20b,gpt-oss,primary_model,core,task6_incident_response_week,106,True,0.3167
utility_only,gpt-oss:20b,gpt-oss,primary_model,core,task6_incident_response_week,106,True,0.3752
balanced,gpt-oss:20b,gpt-oss,primary_model,core,task6_incident_response_week,106,True,0.325715
adaptation_heavy,gpt-oss:20b,gpt-oss,primary_model,core,task6_incident_response_week,106,True,0.278385
adaptation_light,gpt-oss:20b,gpt-oss,primary_model,core,task6_incident_response_week,106,True,0.400755
no_coherence,gpt-oss:20b,gpt-oss,primary_model,core,task6_incident_response_week,106,True,0.29207
original,gpt-oss:20b,gpt-oss,primary_model,core,task7_quarterly_headcount_plan,106,True,0.3495
utility_only,gpt-oss:20b,gpt-oss,primary_model,core,task7_quarterly_headcount_plan,106,True,0.4778
balanced,gpt-oss:20b,gpt-oss,primary_model,core,task7_quarterly_headcount_plan,106,True,0.34112
adaptation_heavy,gpt-oss:20b,gpt-oss,primary_model,core,task7_quarterly_headcount_plan,106,True,0.26722999999999997
adaptation_light,gpt-oss:20b,gpt-oss,primary_model,core,task7_quarterly_headcount_plan,106,True,0.43667999999999996
no_coherence,gpt-oss:20b,gpt-oss,primary_model,core,task7_quarterly_headcount_plan,106,True,0.41279
original,gpt-oss:20b,gpt-oss,primary_model,core,task3_startup_week,107,True,0.3676
utility_only,gpt-oss:20b,gpt-oss,primary_model,core,task3_startup_week,107,True,0.3721
balanced,gpt-oss:20b,gpt-oss,primary_model,core,task3_startup_week,107,True,0.380455
adaptation_heavy,gpt-oss:20b,gpt-oss,primary_model,core,task3_startup_week,107,True,0.31185
adaptation_light,gpt-oss:20b,gpt-oss,primary_model,core,task3_startup_week,107,True,0.454875
no_coherence,gpt-oss:20b,gpt-oss,primary_model,core,task3_startup_week,107,True,0.354655
original,gpt-oss:20b,gpt-oss,primary_model,core,task6_incident_response_week,107,True,0.3279
utility_only,gpt-oss:20b,gpt-oss,primary_model,core,task6_incident_response_week,107,True,0.3363
balanced,gpt-oss:20b,gpt-oss,primary_model,core,task6_incident_response_week,107,True,0.346125
adaptation_heavy,gpt-oss:20b,gpt-oss,primary_model,core,task6_incident_response_week,107,True,0.30074
adaptation_light,gpt-oss:20b,gpt-oss,primary_model,core,task6_incident_response_week,107,True,0.413385
no_coherence,gpt-oss:20b,gpt-oss,primary_model,core,task6_incident_response_week,107,True,0.270675
original,gpt-oss:20b,gpt-oss,primary_model,core,task7_quarterly_headcount_plan,107,True,0.3121
utility_only,gpt-oss:20b,gpt-oss,primary_model,core,task7_quarterly_headcount_plan,107,True,0.4191
balanced,gpt-oss:20b,gpt-oss,primary_model,core,task7_quarterly_headcount_plan,107,True,0.31764000000000003
adaptation_heavy,gpt-oss:20b,gpt-oss,primary_model,core,task7_quarterly_headcount_plan,107,True,0.246685
adaptation_light,gpt-oss:20b,gpt-oss,primary_model,core,task7_quarterly_headcount_plan,107,True,0.40145999999999993
no_coherence,gpt-oss:20b,gpt-oss,primary_model,core,task7_quarterly_headcount_plan,107,True,0.380505
original,gpt-oss:20b,gpt-oss,primary_model,core,task3_startup_week,108,True,0.3383
utility_only,gpt-oss:20b,gpt-oss,primary_model,core,task3_startup_week,108,True,0.3201
balanced,gpt-oss:20b,gpt-oss,primary_model,core,task3_startup_week,108,True,0.35130000000000006
adaptation_heavy,gpt-oss:20b,gpt-oss,primary_model,core,task3_startup_week,108,True,0.290295
adaptation_light,gpt-oss:20b,gpt-oss,primary_model,core,task3_startup_week,108,True,0.41532
no_coherence,gpt-oss:20b,gpt-oss,primary_model,core,task3_startup_week,108,True,0.311055
original,gpt-oss:20b,gpt-oss,primary_model,core,task6_incident_response_week,108,True,0.3511
utility_only,gpt-oss:20b,gpt-oss,primary_model,core,task6_incident_response_week,108,True,0.2992
balanced,gpt-oss:20b,gpt-oss,primary_model,core,task6_incident_response_week,108,True,0.38089
adaptation_heavy,gpt-oss:20b,gpt-oss,primary_model,core,task6_incident_response_week,108,True,0.31593
adaptation_light,gpt-oss:20b,gpt-oss,primary_model,core,task6_incident_response_week,108,True,0.44073
no_coherence,gpt-oss:20b,gpt-oss,primary_model,core,task6_incident_response_week,108,True,0.31456
original,gpt-oss:20b,gpt-oss,primary_model,core,task7_quarterly_headcount_plan,108,True,0.3281
utility_only,gpt-oss:20b,gpt-oss,primary_model,core,task7_quarterly_headcount_plan,108,True,0.3684
balanced,gpt-oss:20b,gpt-oss,primary_model,core,task7_quarterly_headcount_plan,108,True,0.424815
adaptation_heavy,gpt-oss:20b,gpt-oss,primary_model,core,task7_quarterly_headcount_plan,108,True,0.356395
adaptation_light,gpt-oss:20b,gpt-oss,primary_model,core,task7_quarterly_headcount_plan,108,True,0.49849499999999997
no_coherence,gpt-oss:20b,gpt-oss,primary_model,core,task7_quarterly_headcount_plan,108,True,0.35262000000000004
original,gpt-oss:20b,gpt-oss,primary_model,core,task3_startup_week,109,True,0.392
utility_only,gpt-oss:20b,gpt-oss,primary_model,core,task3_startup_week,109,True,0.3539
balanced,gpt-oss:20b,gpt-oss,primary_model,core,task3_startup_week,109,True,0.42134
adaptation_heavy,gpt-oss:20b,gpt-oss,primary_model,core,task3_startup_week,109,True,0.39815500000000004
adaptation_light,gpt-oss:20b,gpt-oss,primary_model,core,task3_startup_week,109,True,0.4131
no_coherence,gpt-oss:20b,gpt-oss,primary_model,core,task3_startup_week,109,True,0.448175
original,gpt-oss:20b,gpt-oss,primary_model,core,task6_incident_response_week,109,True,0.6348
utility_only,gpt-oss:20b,gpt-oss,primary_model,core,task6_incident_response_week,109,True,0.3357
balanced,gpt-oss:20b,gpt-oss,primary_model,core,task6_incident_response_week,109,True,0.66702
adaptation_heavy,gpt-oss:20b,gpt-oss,primary_model,core,task6_incident_response_week,109,True,0.694735
adaptation_light,gpt-oss:20b,gpt-oss,primary_model,core,task6_incident_response_week,109,True,0.54516
no_coherence,gpt-oss:20b,gpt-oss,primary_model,core,task6_incident_response_week,109,True,0.618135
original,gpt-oss:20b,gpt-oss,primary_model,core,task7_quarterly_headcount_plan,109,True,0.3352
utility_only,gpt-oss:20b,gpt-oss,primary_model,core,task7_quarterly_headcount_plan,109,True,0.4255
balanced,gpt-oss:20b,gpt-oss,primary_model,core,task7_quarterly_headcount_plan,109,True,0.37051
adaptation_heavy,gpt-oss:20b,gpt-oss,primary_model,core,task7_quarterly_headcount_plan,109,True,0.299235
adaptation_light,gpt-oss:20b,gpt-oss,primary_model,core,task7_quarterly_headcount_plan,109,True,0.45560999999999996
no_coherence,gpt-oss:20b,gpt-oss,primary_model,core,task7_quarterly_headcount_plan,109,True,0.384025
original,gpt-oss:20b,gpt-oss,primary_model,heldout,task3_startup_week,100,True,0.2998
utility_only,gpt-oss:20b,gpt-oss,primary_model,heldout,task3_startup_week,100,True,0.3684
balanced,gpt-oss:20b,gpt-oss,primary_model,heldout,task3_startup_week,100,True,0.28797
adaptation_heavy,gpt-oss:20b,gpt-oss,primary_model,heldout,task3_startup_week,100,True,0.24455
adaptation_light,gpt-oss:20b,gpt-oss,primary_model,heldout,task3_startup_week,100,True,0.36164999999999997
no_coherence,gpt-oss:20b,gpt-oss,primary_model,heldout,task3_startup_week,100,True,0.27762000000000003
original,gpt-oss:20b,gpt-oss,primary_model,heldout,task6_incident_response_week,100,True,0.3741
utility_only,gpt-oss:20b,gpt-oss,primary_model,heldout,task6_incident_response_week,100,True,0.3475
balanced,gpt-oss:20b,gpt-oss,primary_model,heldout,task6_incident_response_week,100,True,0.40102
adaptation_heavy,gpt-oss:20b,gpt-oss,primary_model,heldout,task6_incident_response_week,100,True,0.33364499999999997
adaptation_light,gpt-oss:20b,gpt-oss,primary_model,heldout,task6_incident_response_week,100,True,0.47052
no_coherence,gpt-oss:20b,gpt-oss,primary_model,heldout,task6_incident_response_week,100,True,0.341125
original,gpt-oss:20b,gpt-oss,primary_model,heldout,task7_quarterly_headcount_plan,100,True,0.3531
utility_only,gpt-oss:20b,gpt-oss,primary_model,heldout,task7_quarterly_headcount_plan,100,True,0.4432
balanced,gpt-oss:20b,gpt-oss,primary_model,heldout,task7_quarterly_headcount_plan,100,True,0.39505
adaptation_heavy,gpt-oss:20b,gpt-oss,primary_model,heldout,task7_quarterly_headcount_plan,100,True,0.32289
adaptation_light,gpt-oss:20b,gpt-oss,primary_model,heldout,task7_quarterly_headcount_plan,100,True,0.48368999999999995
no_coherence,gpt-oss:20b,gpt-oss,primary_model,heldout,task7_quarterly_headcount_plan,100,True,0.39376
original,gpt-oss:20b,gpt-oss,primary_model,heldout,task3_startup_week,101,True,0.3242
utility_only,gpt-oss:20b,gpt-oss,primary_model,heldout,task3_startup_week,101,True,0.3872
balanced,gpt-oss:20b,gpt-oss,primary_model,heldout,task3_startup_week,101,True,0.32804
adaptation_heavy,gpt-oss:20b,gpt-oss,primary_model,heldout,task3_startup_week,101,True,0.26617999999999997
adaptation_light,gpt-oss:20b,gpt-oss,primary_model,heldout,task3_startup_week,101,True,0.40547999999999995
no_coherence,gpt-oss:20b,gpt-oss,primary_model,heldout,task3_startup_week,101,True,0.34046
original,gpt-oss:20b,gpt-oss,primary_model,heldout,task6_incident_response_week,101,True,0.3823
utility_only,gpt-oss:20b,gpt-oss,primary_model,heldout,task6_incident_response_week,101,True,0.3602
balanced,gpt-oss:20b,gpt-oss,primary_model,heldout,task6_incident_response_week,101,True,0.408935
adaptation_heavy,gpt-oss:20b,gpt-oss,primary_model,heldout,task6_incident_response_week,101,True,0.340925
adaptation_light,gpt-oss:20b,gpt-oss,primary_model,heldout,task6_incident_response_week,101,True,0.480975
no_coherence,gpt-oss:20b,gpt-oss,primary_model,heldout,task6_incident_response_week,101,True,0.34811000000000003
original,gpt-oss:20b,gpt-oss,primary_model,heldout,task7_quarterly_headcount_plan,101,True,0.4035
utility_only,gpt-oss:20b,gpt-oss,primary_model,heldout,task7_quarterly_headcount_plan,101,True,0.4882
balanced,gpt-oss:20b,gpt-oss,primary_model,heldout,task7_quarterly_headcount_plan,101,True,0.47059
adaptation_heavy,gpt-oss:20b,gpt-oss,primary_model,heldout,task7_quarterly_headcount_plan,101,True,0.39618
adaptation_light,gpt-oss:20b,gpt-oss,primary_model,heldout,task7_quarterly_headcount_plan,101,True,0.56823
no_coherence,gpt-oss:20b,gpt-oss,primary_model,heldout,task7_quarterly_headcount_plan,101,True,0.41851000000000005
original,gpt-oss:20b,gpt-oss,primary_model,heldout,task3_startup_week,102,True,0.3675
utility_only,gpt-oss:20b,gpt-oss,primary_model,heldout,task3_startup_week,102,True,0.3895
balanced,gpt-oss:20b,gpt-oss,primary_model,heldout,task3_startup_week,102,True,0.37357
adaptation_heavy,gpt-oss:20b,gpt-oss,primary_model,heldout,task3_startup_week,102,True,0.309095
adaptation_light,gpt-oss:20b,gpt-oss,primary_model,heldout,task3_startup_week,102,True,0.45147
no_coherence,gpt-oss:20b,gpt-oss,primary_model,heldout,task3_startup_week,102,True,0.349225
original,gpt-oss:20b,gpt-oss,primary_model,heldout,task6_incident_response_week,102,True,0.3746
utility_only,gpt-oss:20b,gpt-oss,primary_model,heldout,task6_incident_response_week,102,True,0.359
balanced,gpt-oss:20b,gpt-oss,primary_model,heldout,task6_incident_response_week,102,True,0.399665
adaptation_heavy,gpt-oss:20b,gpt-oss,primary_model,heldout,task6_incident_response_week,102,True,0.331715
adaptation_light,gpt-oss:20b,gpt-oss,primary_model,heldout,task6_incident_response_week,102,True,0.47146499999999997
no_coherence,gpt-oss:20b,gpt-oss,primary_model,heldout,task6_incident_response_week,102,True,0.34745000000000004
original,gpt-oss:20b,gpt-oss,primary_model,heldout,task7_quarterly_headcount_plan,102,True,0.4674
utility_only,gpt-oss:20b,gpt-oss,primary_model,heldout,task7_quarterly_headcount_plan,102,True,0.4453
balanced,gpt-oss:20b,gpt-oss,primary_model,heldout,task7_quarterly_headcount_plan,102,True,0.53845
adaptation_heavy,gpt-oss:20b,gpt-oss,primary_model,heldout,task7_quarterly_headcount_plan,102,True,0.506115
adaptation_light,gpt-oss:20b,gpt-oss,primary_model,heldout,task7_quarterly_headcount_plan,102,True,0.54765
no_coherence,gpt-oss:20b,gpt-oss,primary_model,heldout,task7_quarterly_headcount_plan,102,True,0.514705
original,gpt-oss:20b,gpt-oss,primary_model,heldout,task3_startup_week,103,False,0.4757
utility_only,gpt-oss:20b,gpt-oss,primary_model,heldout,task3_startup_week,103,False,0.45
balanced,gpt-oss:20b,gpt-oss,primary_model,heldout,task3_startup_week,103,False,0.5133000000000001
adaptation_heavy,gpt-oss:20b,gpt-oss,primary_model,heldout,task3_startup_week,103,False,0.48218333333333335
adaptation_light,gpt-oss:20b,gpt-oss,primary_model,heldout,task3_startup_week,103,False,0.49923333333333336
no_coherence,gpt-oss:20b,gpt-oss,primary_model,heldout,task3_startup_week,103,False,0.5571428571428572
original,gpt-oss:20b,gpt-oss,primary_model,heldout,task6_incident_response_week,103,False,0.5506
utility_only,gpt-oss:20b,gpt-oss,primary_model,heldout,task6_incident_response_week,103,False,0.3926
balanced,gpt-oss:20b,gpt-oss,primary_model,heldout,task6_incident_response_week,103,False,0.5888857142857143
adaptation_heavy,gpt-oss:20b,gpt-oss,primary_model,heldout,task6_incident_response_week,103,False,0.5709833333333334
adaptation_light,gpt-oss:20b,gpt-oss,primary_model,heldout,task6_incident_response_week,103,False,0.5452666666666667
no_coherence,gpt-oss:20b,gpt-oss,primary_model,heldout,task6_incident_response_week,103,False,0.5227571428571428
original,gpt-oss:20b,gpt-oss,primary_model,heldout,task7_quarterly_headcount_plan,103,False,0.6186
utility_only,gpt-oss:20b,gpt-oss,primary_model,heldout,task7_quarterly_headcount_plan,103,False,0.5661
balanced,gpt-oss:20b,gpt-oss,primary_model,heldout,task7_quarterly_headcount_plan,103,False,0.7311428571428572
adaptation_heavy,gpt-oss:20b,gpt-oss,primary_model,heldout,task7_quarterly_headcount_plan,103,False,0.7224916666666666
adaptation_light,gpt-oss:20b,gpt-oss,primary_model,heldout,task7_quarterly_headcount_plan,103,False,0.6944666666666668
no_coherence,gpt-oss:20b,gpt-oss,primary_model,heldout,task7_quarterly_headcount_plan,103,False,0.6590785714285715
original,gpt-oss:20b,gpt-oss,primary_model,heldout,task3_startup_week,104,True,0.319
utility_only,gpt-oss:20b,gpt-oss,primary_model,heldout,task3_startup_week,104,True,0.3388
balanced,gpt-oss:20b,gpt-oss,primary_model,heldout,task3_startup_week,104,True,0.332665
adaptation_heavy,gpt-oss:20b,gpt-oss,primary_model,heldout,task3_startup_week,104,True,0.268225
adaptation_light,gpt-oss:20b,gpt-oss,primary_model,heldout,task3_startup_week,104,True,0.400425
no_coherence,gpt-oss:20b,gpt-oss,primary_model,heldout,task3_startup_week,104,True,0.32884
original,gpt-oss:20b,gpt-oss,primary_model,heldout,task6_incident_response_week,104,True,0.3578
utility_only,gpt-oss:20b,gpt-oss,primary_model,heldout,task6_incident_response_week,104,True,0.3152
balanced,gpt-oss:20b,gpt-oss,primary_model,heldout,task6_incident_response_week,104,True,0.38644999999999996
adaptation_heavy,gpt-oss:20b,gpt-oss,primary_model,heldout,task6_incident_response_week,104,True,0.32069
adaptation_light,gpt-oss:20b,gpt-oss,primary_model,heldout,task6_incident_response_week,104,True,0.44948999999999995
no_coherence,gpt-oss:20b,gpt-oss,primary_model,heldout,task6_incident_response_week,104,True,0.32336
original,gpt-oss:20b,gpt-oss,primary_model,heldout,task7_quarterly_headcount_plan,104,True,0.3754
utility_only,gpt-oss:20b,gpt-oss,primary_model,heldout,task7_quarterly_headcount_plan,104,True,0.4292
balanced,gpt-oss:20b,gpt-oss,primary_model,heldout,task7_quarterly_headcount_plan,104,True,0.47168
adaptation_heavy,gpt-oss:20b,gpt-oss,primary_model,heldout,task7_quarterly_headcount_plan,104,True,0.40022
adaptation_light,gpt-oss:20b,gpt-oss,primary_model,heldout,task7_quarterly_headcount_plan,104,True,0.55752
no_coherence,gpt-oss:20b,gpt-oss,primary_model,heldout,task7_quarterly_headcount_plan,104,True,0.38606
original,gpt-oss:20b,gpt-oss,primary_model,heldout,task3_startup_week,105,True,0.2572
utility_only,gpt-oss:20b,gpt-oss,primary_model,heldout,task3_startup_week,105,True,0.3243
balanced,gpt-oss:20b,gpt-oss,primary_model,heldout,task3_startup_week,105,True,0.27222
adaptation_heavy,gpt-oss:20b,gpt-oss,primary_model,heldout,task3_startup_week,105,True,0.208505
adaptation_light,gpt-oss:20b,gpt-oss,primary_model,heldout,task3_startup_week,105,True,0.33707999999999994
no_coherence,gpt-oss:20b,gpt-oss,primary_model,heldout,task3_startup_week,105,True,0.32086499999999996
original,gpt-oss:20b,gpt-oss,primary_model,heldout,task6_incident_response_week,105,True,0.3411
utility_only,gpt-oss:20b,gpt-oss,primary_model,heldout,task6_incident_response_week,105,True,0.3086
balanced,gpt-oss:20b,gpt-oss,primary_model,heldout,task6_incident_response_week,105,True,0.367085
adaptation_heavy,gpt-oss:20b,gpt-oss,primary_model,heldout,task6_incident_response_week,105,True,0.301655
adaptation_light,gpt-oss:20b,gpt-oss,primary_model,heldout,task6_incident_response_week,105,True,0.428805
no_coherence,gpt-oss:20b,gpt-oss,primary_model,heldout,task6_incident_response_week,105,True,0.31972999999999996
original,gpt-oss:20b,gpt-oss,primary_model,heldout,task7_quarterly_headcount_plan,105,True,0.3594
utility_only,gpt-oss:20b,gpt-oss,primary_model,heldout,task7_quarterly_headcount_plan,105,True,0.4041
balanced,gpt-oss:20b,gpt-oss,primary_model,heldout,task7_quarterly_headcount_plan,105,True,0.46164
adaptation_heavy,gpt-oss:20b,gpt-oss,primary_model,heldout,task7_quarterly_headcount_plan,105,True,0.391435
adaptation_light,gpt-oss:20b,gpt-oss,primary_model,heldout,task7_quarterly_headcount_plan,105,True,0.5424599999999999
no_coherence,gpt-oss:20b,gpt-oss,primary_model,heldout,task7_quarterly_headcount_plan,105,True,0.372255
original,gpt-oss:20b,gpt-oss,primary_model,heldout,task3_startup_week,106,True,0.3605
utility_only,gpt-oss:20b,gpt-oss,primary_model,heldout,task3_startup_week,106,True,0.4271
balanced,gpt-oss:20b,gpt-oss,primary_model,heldout,task3_startup_week,106,True,0.360245
adaptation_heavy,gpt-oss:20b,gpt-oss,primary_model,heldout,task3_startup_week,106,True,0.29639
adaptation_light,gpt-oss:20b,gpt-oss,primary_model,heldout,task3_startup_week,106,True,0.445665
no_coherence,gpt-oss:20b,gpt-oss,primary_model,heldout,task3_startup_week,106,True,0.362405
original,gpt-oss:20b,gpt-oss,primary_model,heldout,task6_incident_response_week,106,True,0.3269
utility_only,gpt-oss:20b,gpt-oss,primary_model,heldout,task6_incident_response_week,106,True,0.3789
balanced,gpt-oss:20b,gpt-oss,primary_model,heldout,task6_incident_response_week,106,True,0.33762000000000003
adaptation_heavy,gpt-oss:20b,gpt-oss,primary_model,heldout,task6_incident_response_week,106,True,0.297245
adaptation_light,gpt-oss:20b,gpt-oss,primary_model,heldout,task6_incident_response_week,106,True,0.4134
no_coherence,gpt-oss:20b,gpt-oss,primary_model,heldout,task6_incident_response_week,106,True,0.272685
original,gpt-oss:20b,gpt-oss,primary_model,heldout,task7_quarterly_headcount_plan,106,True,0.4208
utility_only,gpt-oss:20b,gpt-oss,primary_model,heldout,task7_quarterly_headcount_plan,106,True,0.5147
balanced,gpt-oss:20b,gpt-oss,primary_model,heldout,task7_quarterly_headcount_plan,106,True,0.48207500000000003
adaptation_heavy,gpt-oss:20b,gpt-oss,primary_model,heldout,task7_quarterly_headcount_plan,106,True,0.40634000000000003
adaptation_light,gpt-oss:20b,gpt-oss,primary_model,heldout,task7_quarterly_headcount_plan,106,True,0.5850150000000001
no_coherence,gpt-oss:20b,gpt-oss,primary_model,heldout,task7_quarterly_headcount_plan,106,True,0.43308500000000005
original,gpt-oss:20b,gpt-oss,primary_model,heldout,task3_startup_week,107,True,0.3373
utility_only,gpt-oss:20b,gpt-oss,primary_model,heldout,task3_startup_week,107,True,0.3814
balanced,gpt-oss:20b,gpt-oss,primary_model,heldout,task3_startup_week,107,True,0.34918000000000005
adaptation_heavy,gpt-oss:20b,gpt-oss,primary_model,heldout,task3_startup_week,107,True,0.28011
adaptation_light,gpt-oss:20b,gpt-oss,primary_model,heldout,task3_startup_week,107,True,0.42546
no_coherence,gpt-oss:20b,gpt-oss,primary_model,heldout,task3_startup_week,107,True,0.35977000000000003
original,gpt-oss:20b,gpt-oss,primary_model,heldout,task6_incident_response_week,107,True,0.3388
utility_only,gpt-oss:20b,gpt-oss,primary_model,heldout,task6_incident_response_week,107,True,0.3412
balanced,gpt-oss:20b,gpt-oss,primary_model,heldout,task6_incident_response_week,107,True,0.35869
adaptation_heavy,gpt-oss:20b,gpt-oss,primary_model,heldout,task6_incident_response_week,107,True,0.31306
adaptation_light,gpt-oss:20b,gpt-oss,primary_model,heldout,task6_incident_response_week,107,True,0.42693
no_coherence,gpt-oss:20b,gpt-oss,primary_model,heldout,task6_incident_response_week,107,True,0.27337
original,gpt-oss:20b,gpt-oss,primary_model,heldout,task7_quarterly_headcount_plan,107,True,0.4875
utility_only,gpt-oss:20b,gpt-oss,primary_model,heldout,task7_quarterly_headcount_plan,107,True,0.4474
balanced,gpt-oss:20b,gpt-oss,primary_model,heldout,task7_quarterly_headcount_plan,107,True,0.56017
adaptation_heavy,gpt-oss:20b,gpt-oss,primary_model,heldout,task7_quarterly_headcount_plan,107,True,0.5350400000000001
adaptation_light,gpt-oss:20b,gpt-oss,primary_model,heldout,task7_quarterly_headcount_plan,107,True,0.55517
no_coherence,gpt-oss:20b,gpt-oss,primary_model,heldout,task7_quarterly_headcount_plan,107,True,0.53779
original,gpt-oss:20b,gpt-oss,primary_model,heldout,task3_startup_week,108,True,0.2898
utility_only,gpt-oss:20b,gpt-oss,primary_model,heldout,task3_startup_week,108,True,0.3203
balanced,gpt-oss:20b,gpt-oss,primary_model,heldout,task3_startup_week,108,True,0.295265
adaptation_heavy,gpt-oss:20b,gpt-oss,primary_model,heldout,task3_startup_week,108,True,0.24175
adaptation_light,gpt-oss:20b,gpt-oss,primary_model,heldout,task3_startup_week,108,True,0.359325
no_coherence,gpt-oss:20b,gpt-oss,primary_model,heldout,task3_startup_week,108,True,0.28866499999999995
original,gpt-oss:20b,gpt-oss,primary_model,heldout,task6_incident_response_week,108,True,0.3173
utility_only,gpt-oss:20b,gpt-oss,primary_model,heldout,task6_incident_response_week,108,True,0.296
balanced,gpt-oss:20b,gpt-oss,primary_model,heldout,task6_incident_response_week,108,True,0.33992
adaptation_heavy,gpt-oss:20b,gpt-oss,primary_model,heldout,task6_incident_response_week,108,True,0.29655
adaptation_light,gpt-oss:20b,gpt-oss,primary_model,heldout,task6_incident_response_week,108,True,0.39912
no_coherence,gpt-oss:20b,gpt-oss,primary_model,heldout,task6_incident_response_week,108,True,0.24851
original,gpt-oss:20b,gpt-oss,primary_model,heldout,task7_quarterly_headcount_plan,108,True,0.342
utility_only,gpt-oss:20b,gpt-oss,primary_model,heldout,task7_quarterly_headcount_plan,108,True,0.3768
balanced,gpt-oss:20b,gpt-oss,primary_model,heldout,task7_quarterly_headcount_plan,108,True,0.45072
adaptation_heavy,gpt-oss:20b,gpt-oss,primary_model,heldout,task7_quarterly_headcount_plan,108,True,0.38188
adaptation_light,gpt-oss:20b,gpt-oss,primary_model,heldout,task7_quarterly_headcount_plan,108,True,0.52608
no_coherence,gpt-oss:20b,gpt-oss,primary_model,heldout,task7_quarterly_headcount_plan,108,True,0.35724
original,gpt-oss:20b,gpt-oss,primary_model,heldout,task3_startup_week,109,True,0.4477
utility_only,gpt-oss:20b,gpt-oss,primary_model,heldout,task3_startup_week,109,True,0.385
balanced,gpt-oss:20b,gpt-oss,primary_model,heldout,task3_startup_week,109,True,0.47969500000000004
adaptation_heavy,gpt-oss:20b,gpt-oss,primary_model,heldout,task3_startup_week,109,True,0.466365
adaptation_light,gpt-oss:20b,gpt-oss,primary_model,heldout,task3_startup_week,109,True,0.454855
no_coherence,gpt-oss:20b,gpt-oss,primary_model,heldout,task3_startup_week,109,True,0.49951
original,gpt-oss:20b,gpt-oss,primary_model,heldout,task6_incident_response_week,109,True,0.313
utility_only,gpt-oss:20b,gpt-oss,primary_model,heldout,task6_incident_response_week,109,True,0.3437
balanced,gpt-oss:20b,gpt-oss,primary_model,heldout,task6_incident_response_week,109,True,0.32655500000000004
adaptation_heavy,gpt-oss:20b,gpt-oss,primary_model,heldout,task6_incident_response_week,109,True,0.28794
adaptation_light,gpt-oss:20b,gpt-oss,primary_model,heldout,task6_incident_response_week,109,True,0.39529499999999995
no_coherence,gpt-oss:20b,gpt-oss,primary_model,heldout,task6_incident_response_week,109,True,0.253325
original,gpt-oss:20b,gpt-oss,primary_model,heldout,task7_quarterly_headcount_plan,109,True,0.3931
utility_only,gpt-oss:20b,gpt-oss,primary_model,heldout,task7_quarterly_headcount_plan,109,True,0.4571
balanced,gpt-oss:20b,gpt-oss,primary_model,heldout,task7_quarterly_headcount_plan,109,True,0.48284
adaptation_heavy,gpt-oss:20b,gpt-oss,primary_model,heldout,task7_quarterly_headcount_plan,109,True,0.409985
adaptation_light,gpt-oss:20b,gpt-oss,primary_model,heldout,task7_quarterly_headcount_plan,109,True,0.57426
no_coherence,gpt-oss:20b,gpt-oss,primary_model,heldout,task7_quarterly_headcount_plan,109,True,0.401405
original,random,baseline,baseline,core,task3_startup_week,100,True,0.2727
utility_only,random,baseline,baseline,core,task3_startup_week,100,True,0.3593
balanced,random,baseline,baseline,core,task3_startup_week,100,True,0.328475
adaptation_heavy,random,baseline,baseline,core,task3_startup_week,100,True,0.27801
adaptation_light,random,baseline,baseline,core,task3_startup_week,100,True,0.400335
no_coherence,random,baseline,baseline,core,task3_startup_week,100,True,0.295115
original,random,baseline,baseline,core,task6_incident_response_week,100,True,0.2299
utility_only,random,baseline,baseline,core,task6_incident_response_week,100,True,0.322
balanced,random,baseline,baseline,core,task6_incident_response_week,100,True,0.29006499999999996
adaptation_heavy,random,baseline,baseline,core,task6_incident_response_week,100,True,0.23111
adaptation_light,random,baseline,baseline,core,task6_incident_response_week,100,True,0.354465
no_coherence,random,baseline,baseline,core,task6_incident_response_week,100,True,0.30566499999999996
original,random,baseline,baseline,core,task7_quarterly_headcount_plan,100,True,0.3094
utility_only,random,baseline,baseline,core,task7_quarterly_headcount_plan,100,True,0.4288
balanced,random,baseline,baseline,core,task7_quarterly_headcount_plan,100,True,0.40932999999999997
adaptation_heavy,random,baseline,baseline,core,task7_quarterly_headcount_plan,100,True,0.33789
adaptation_light,random,baseline,baseline,core,task7_quarterly_headcount_plan,100,True,0.49509000000000003
no_coherence,random,baseline,baseline,core,task7_quarterly_headcount_plan,100,True,0.38584
original,random,baseline,baseline,core,task3_startup_week,101,True,0.2368
utility_only,random,baseline,baseline,core,task3_startup_week,101,True,0.3355
balanced,random,baseline,baseline,core,task3_startup_week,101,True,0.286615
adaptation_heavy,random,baseline,baseline,core,task3_startup_week,101,True,0.23734
adaptation_light,random,baseline,baseline,core,task3_startup_week,101,True,0.353715
no_coherence,random,baseline,baseline,core,task3_startup_week,101,True,0.282025
original,random,baseline,baseline,core,task6_incident_response_week,101,True,0.2271
utility_only,random,baseline,baseline,core,task6_incident_response_week,101,True,0.3106
balanced,random,baseline,baseline,core,task6_incident_response_week,101,True,0.28783000000000003
adaptation_heavy,random,baseline,baseline,core,task6_incident_response_week,101,True,0.236585
adaptation_light,random,baseline,baseline,core,task6_incident_response_week,101,True,0.34995
no_coherence,random,baseline,baseline,core,task6_incident_response_week,101,True,0.277975
original,random,baseline,baseline,core,task7_quarterly_headcount_plan,101,True,0.2829
utility_only,random,baseline,baseline,core,task7_quarterly_headcount_plan,101,True,0.4337
balanced,random,baseline,baseline,core,task7_quarterly_headcount_plan,101,True,0.32348
adaptation_heavy,random,baseline,baseline,core,task7_quarterly_headcount_plan,101,True,0.251795
adaptation_light,random,baseline,baseline,core,task7_quarterly_headcount_plan,101,True,0.4102199999999999
no_coherence,random,baseline,baseline,core,task7_quarterly_headcount_plan,101,True,0.38853499999999996
original,random,baseline,baseline,core,task3_startup_week,102,True,0.3718
utility_only,random,baseline,baseline,core,task3_startup_week,102,True,0.3544
balanced,random,baseline,baseline,core,task3_startup_week,102,True,0.476305
adaptation_heavy,random,baseline,baseline,core,task3_startup_week,102,True,0.495205
adaptation_light,random,baseline,baseline,core,task3_startup_week,102,True,0.423945
no_coherence,random,baseline,baseline,core,task3_startup_week,102,True,0.45478
original,random,baseline,baseline,core,task6_incident_response_week,102,True,0.186
utility_only,random,baseline,baseline,core,task6_incident_response_week,102,True,0.3311
balanced,random,baseline,baseline,core,task6_incident_response_week,102,True,0.222785
adaptation_heavy,random,baseline,baseline,core,task6_incident_response_week,102,True,0.18123
adaptation_light,random,baseline,baseline,core,task6_incident_response_week,102,True,0.289005
no_coherence,random,baseline,baseline,core,task6_incident_response_week,102,True,0.25710500000000003
original,random,baseline,baseline,core,task7_quarterly_headcount_plan,102,True,0.4833
utility_only,random,baseline,baseline,core,task7_quarterly_headcount_plan,102,True,0.4549
balanced,random,baseline,baseline,core,task7_quarterly_headcount_plan,102,True,0.64057
adaptation_heavy,random,baseline,baseline,core,task7_quarterly_headcount_plan,102,True,0.633725
adaptation_light,random,baseline,baseline,core,task7_quarterly_headcount_plan,102,True,0.59975
no_coherence,random,baseline,baseline,core,task7_quarterly_headcount_plan,102,True,0.5978950000000001
original,random,baseline,baseline,core,task3_startup_week,103,False,0.3495
utility_only,random,baseline,baseline,core,task3_startup_week,103,False,0.404
balanced,random,baseline,baseline,core,task3_startup_week,103,False,0.49505
adaptation_heavy,random,baseline,baseline,core,task3_startup_week,103,False,0.464725
adaptation_light,random,baseline,baseline,core,task3_startup_week,103,False,0.47481666666666666
no_coherence,random,baseline,baseline,core,task3_startup_week,103,False,0.521
original,random,baseline,baseline,core,task6_incident_response_week,103,False,0.3577
utility_only,random,baseline,baseline,core,task6_incident_response_week,103,False,0.3641
balanced,random,baseline,baseline,core,task6_incident_response_week,103,False,0.4940857142857143
adaptation_heavy,random,baseline,baseline,core,task6_incident_response_week,103,False,0.46870833333333334
adaptation_light,random,baseline,baseline,core,task6_incident_response_week,103,False,0.46520000000000006
no_coherence,random,baseline,baseline,core,task6_incident_response_week,103,False,0.48506428571428567
original,random,baseline,baseline,core,task7_quarterly_headcount_plan,103,False,0.4507
utility_only,random,baseline,baseline,core,task7_quarterly_headcount_plan,103,False,0.4828
balanced,random,baseline,baseline,core,task7_quarterly_headcount_plan,103,False,0.6475428571428572
adaptation_heavy,random,baseline,baseline,core,task7_quarterly_headcount_plan,103,False,0.6319000000000001
adaptation_light,random,baseline,baseline,core,task7_quarterly_headcount_plan,103,False,0.6109333333333334
no_coherence,random,baseline,baseline,core,task7_quarterly_headcount_plan,103,False,0.5936285714285714
original,random,baseline,baseline,core,task3_startup_week,104,True,0.2425
utility_only,random,baseline,baseline,core,task3_startup_week,104,True,0.3244
balanced,random,baseline,baseline,core,task3_startup_week,104,True,0.29503
adaptation_heavy,random,baseline,baseline,core,task3_startup_week,104,True,0.24631
adaptation_light,random,baseline,baseline,core,task3_startup_week,104,True,0.35991
no_coherence,random,baseline,baseline,core,task3_startup_week,104,True,0.27592000000000005
original,random,baseline,baseline,core,task6_incident_response_week,104,True,0.2297
utility_only,random,baseline,baseline,core,task6_incident_response_week,104,True,0.3075
balanced,random,baseline,baseline,core,task6_incident_response_week,104,True,0.292245
adaptation_heavy,random,baseline,baseline,core,task6_incident_response_week,104,True,0.241155
adaptation_light,random,baseline,baseline,core,task6_incident_response_week,104,True,0.353745
no_coherence,random,baseline,baseline,core,task6_incident_response_week,104,True,0.27627
original,random,baseline,baseline,core,task7_quarterly_headcount_plan,104,True,0.2629
utility_only,random,baseline,baseline,core,task7_quarterly_headcount_plan,104,True,0.3706
balanced,random,baseline,baseline,core,task7_quarterly_headcount_plan,104,True,0.34447
adaptation_heavy,random,baseline,baseline,core,task7_quarterly_headcount_plan,104,True,0.27593999999999996
adaptation_light,random,baseline,baseline,core,task7_quarterly_headcount_plan,104,True,0.41858999999999996
no_coherence,random,baseline,baseline,core,task7_quarterly_headcount_plan,104,True,0.35383
original,random,baseline,baseline,core,task3_startup_week,105,True,0.2591
utility_only,random,baseline,baseline,core,task3_startup_week,105,True,0.3229
balanced,random,baseline,baseline,core,task3_startup_week,105,True,0.315985
adaptation_heavy,random,baseline,baseline,core,task3_startup_week,105,True,0.26734
adaptation_light,random,baseline,baseline,core,task3_startup_week,105,True,0.380565
no_coherence,random,baseline,baseline,core,task3_startup_week,105,True,0.27509500000000003
original,random,baseline,baseline,core,task6_incident_response_week,105,True,0.2557
utility_only,random,baseline,baseline,core,task6_incident_response_week,105,True,0.3027
balanced,random,baseline,baseline,core,task6_incident_response_week,105,True,0.33207000000000003
adaptation_heavy,random,baseline,baseline,core,task6_incident_response_week,105,True,0.28122
adaptation_light,random,baseline,baseline,core,task6_incident_response_week,105,True,0.39261
no_coherence,random,baseline,baseline,core,task6_incident_response_week,105,True,0.27363000000000004
original,random,baseline,baseline,core,task7_quarterly_headcount_plan,105,True,0.2891
utility_only,random,baseline,baseline,core,task7_quarterly_headcount_plan,105,True,0.3601
balanced,random,baseline,baseline,core,task7_quarterly_headcount_plan,105,True,0.436345
adaptation_heavy,random,baseline,baseline,core,task7_quarterly_headcount_plan,105,True,0.36834
adaptation_light,random,baseline,baseline,core,task7_quarterly_headcount_plan,105,True,0.508365
no_coherence,random,baseline,baseline,core,task7_quarterly_headcount_plan,105,True,0.348055
original,random,baseline,baseline,core,task3_startup_week,106,True,0.256
utility_only,random,baseline,baseline,core,task3_startup_week,106,True,0.3975
balanced,random,baseline,baseline,core,task3_startup_week,106,True,0.297825
adaptation_heavy,random,baseline,baseline,core,task3_startup_week,106,True,0.25045
adaptation_light,random,baseline,baseline,core,task3_startup_week,106,True,0.377325
no_coherence,random,baseline,baseline,core,task3_startup_week,106,True,0.30112500000000003
original,random,baseline,baseline,core,task6_incident_response_week,106,True,0.2303
utility_only,random,baseline,baseline,core,task6_incident_response_week,106,True,0.3532
balanced,random,baseline,baseline,core,task6_incident_response_week,106,True,0.285355
adaptation_heavy,random,baseline,baseline,core,task6_incident_response_week,106,True,0.23554999999999998
adaptation_light,random,baseline,baseline,core,task6_incident_response_week,106,True,0.355995
no_coherence,random,baseline,baseline,core,task6_incident_response_week,106,True,0.29069500000000004
original,random,baseline,baseline,core,task7_quarterly_headcount_plan,106,True,0.3233
utility_only,random,baseline,baseline,core,task7_quarterly_headcount_plan,106,True,0.4651
balanced,random,baseline,baseline,core,task7_quarterly_headcount_plan,106,True,0.40449999999999997
adaptation_heavy,random,baseline,baseline,core,task7_quarterly_headcount_plan,106,True,0.331245
adaptation_light,random,baseline,baseline,core,task7_quarterly_headcount_plan,106,True,0.49751999999999996
no_coherence,random,baseline,baseline,core,task7_quarterly_headcount_plan,106,True,0.40580499999999997
original,random,baseline,baseline,core,task3_startup_week,107,True,0.2426
utility_only,random,baseline,baseline,core,task3_startup_week,107,True,0.3304
balanced,random,baseline,baseline,core,task3_startup_week,107,True,0.29194000000000003
adaptation_heavy,random,baseline,baseline,core,task3_startup_week,107,True,0.24542
adaptation_light,random,baseline,baseline,core,task3_startup_week,107,True,0.35802
no_coherence,random,baseline,baseline,core,task3_startup_week,107,True,0.27172
original,random,baseline,baseline,core,task6_incident_response_week,107,True,0.2358
utility_only,random,baseline,baseline,core,task6_incident_response_week,107,True,0.3277
balanced,random,baseline,baseline,core,task6_incident_response_week,107,True,0.29791
adaptation_heavy,random,baseline,baseline,core,task6_incident_response_week,107,True,0.23152499999999998
adaptation_light,random,baseline,baseline,core,task6_incident_response_week,107,True,0.36345
no_coherence,random,baseline,baseline,core,task6_incident_response_week,107,True,0.330235
original,random,baseline,baseline,core,task7_quarterly_headcount_plan,107,True,0.4033
utility_only,random,baseline,baseline,core,task7_quarterly_headcount_plan,107,True,0.4267
balanced,random,baseline,baseline,core,task7_quarterly_headcount_plan,107,True,0.52522
adaptation_heavy,random,baseline,baseline,core,task7_quarterly_headcount_plan,107,True,0.49706500000000003
adaptation_light,random,baseline,baseline,core,task7_quarterly_headcount_plan,107,True,0.5242
no_coherence,random,baseline,baseline,core,task7_quarterly_headcount_plan,107,True,0.514225
original,random,baseline,baseline,core,task3_startup_week,108,True,0.3528
utility_only,random,baseline,baseline,core,task3_startup_week,108,True,0.3042
balanced,random,baseline,baseline,core,task3_startup_week,108,True,0.46799999999999997
adaptation_heavy,random,baseline,baseline,core,task3_startup_week,108,True,0.48533000000000004
adaptation_light,random,baseline,baseline,core,task3_startup_week,108,True,0.39876
no_coherence,random,baseline,baseline,core,task3_startup_week,108,True,0.45993
original,random,baseline,baseline,core,task6_incident_response_week,108,True,0.3709
utility_only,random,baseline,baseline,core,task6_incident_response_week,108,True,0.2921
balanced,random,baseline,baseline,core,task6_incident_response_week,108,True,0.47285
adaptation_heavy,random,baseline,baseline,core,task6_incident_response_week,108,True,0.47546
adaptation_light,random,baseline,baseline,core,task6_incident_response_week,108,True,0.41827
no_coherence,random,baseline,baseline,core,task6_incident_response_week,108,True,0.44801
original,random,baseline,baseline,core,task7_quarterly_headcount_plan,108,True,0.2844
utility_only,random,baseline,baseline,core,task7_quarterly_headcount_plan,108,True,0.363
balanced,random,baseline,baseline,core,task7_quarterly_headcount_plan,108,True,0.418605
adaptation_heavy,random,baseline,baseline,core,task7_quarterly_headcount_plan,108,True,0.35045499999999996
adaptation_light,random,baseline,baseline,core,task7_quarterly_headcount_plan,108,True,0.491205
no_coherence,random,baseline,baseline,core,task7_quarterly_headcount_plan,108,True,0.34965
original,random,baseline,baseline,core,task3_startup_week,109,True,0.2261
utility_only,random,baseline,baseline,core,task3_startup_week,109,True,0.3448
balanced,random,baseline,baseline,core,task3_startup_week,109,True,0.28201000000000004
adaptation_heavy,random,baseline,baseline,core,task3_startup_week,109,True,0.22227
adaptation_light,random,baseline,baseline,core,task3_startup_week,109,True,0.35097
no_coherence,random,baseline,baseline,core,task3_startup_week,109,True,0.31714
original,random,baseline,baseline,core,task6_incident_response_week,109,True,0.2459
utility_only,random,baseline,baseline,core,task6_incident_response_week,109,True,0.3092
balanced,random,baseline,baseline,core,task6_incident_response_week,109,True,0.31625000000000003
adaptation_heavy,random,baseline,baseline,core,task6_incident_response_week,109,True,0.265075
adaptation_light,random,baseline,baseline,core,task6_incident_response_week,109,True,0.37809
no_coherence,random,baseline,baseline,core,task6_incident_response_week,109,True,0.277205
original,random,baseline,baseline,core,task7_quarterly_headcount_plan,109,True,0.292
utility_only,random,baseline,baseline,core,task7_quarterly_headcount_plan,109,True,0.3966
balanced,random,baseline,baseline,core,task7_quarterly_headcount_plan,109,True,0.39822
adaptation_heavy,random,baseline,baseline,core,task7_quarterly_headcount_plan,109,True,0.32838999999999996
adaptation_light,random,baseline,baseline,core,task7_quarterly_headcount_plan,109,True,0.47753999999999996
no_coherence,random,baseline,baseline,core,task7_quarterly_headcount_plan,109,True,0.36813
original,random,baseline,baseline,core,task3_startup_week,110,True,0.2385
utility_only,random,baseline,baseline,core,task3_startup_week,110,True,0.3847
balanced,random,baseline,baseline,core,task3_startup_week,110,True,0.27007000000000003
adaptation_heavy,random,baseline,baseline,core,task3_startup_week,110,True,0.23083499999999998
adaptation_light,random,baseline,baseline,core,task3_startup_week,110,True,0.34701
no_coherence,random,baseline,baseline,core,task3_startup_week,110,True,0.271585
original,random,baseline,baseline,core,task6_incident_response_week,110,True,0.2535
utility_only,random,baseline,baseline,core,task6_incident_response_week,110,True,0.3581
balanced,random,baseline,baseline,core,task6_incident_response_week,110,True,0.31938500000000003
adaptation_heavy,random,baseline,baseline,core,task6_incident_response_week,110,True,0.27647999999999995
adaptation_light,random,baseline,baseline,core,task6_incident_response_week,110,True,0.39100499999999994
no_coherence,random,baseline,baseline,core,task6_incident_response_week,110,True,0.271955
original,random,baseline,baseline,core,task7_quarterly_headcount_plan,110,True,0.2981
utility_only,random,baseline,baseline,core,task7_quarterly_headcount_plan,110,True,0.4374
balanced,random,baseline,baseline,core,task7_quarterly_headcount_plan,110,True,0.36423
adaptation_heavy,random,baseline,baseline,core,task7_quarterly_headcount_plan,110,True,0.29236
adaptation_light,random,baseline,baseline,core,task7_quarterly_headcount_plan,110,True,0.45171
no_coherence,random,baseline,baseline,core,task7_quarterly_headcount_plan,110,True,0.39057000000000003
original,random,baseline,baseline,core,task3_startup_week,111,False,0.3218
utility_only,random,baseline,baseline,core,task3_startup_week,111,False,0.3498
balanced,random,baseline,baseline,core,task3_startup_week,111,False,0.4471714285714286
adaptation_heavy,random,baseline,baseline,core,task3_startup_week,111,False,0.43421666666666664
adaptation_light,random,baseline,baseline,core,task3_startup_week,111,False,0.4255333333333334
no_coherence,random,baseline,baseline,core,task3_startup_week,111,False,0.4248428571428571
original,random,baseline,baseline,core,task6_incident_response_week,111,False,0.3187
utility_only,random,baseline,baseline,core,task6_incident_response_week,111,False,0.3103
balanced,random,baseline,baseline,core,task6_incident_response_week,111,False,0.44362857142857154
adaptation_heavy,random,baseline,baseline,core,task6_incident_response_week,111,False,0.4381333333333334
adaptation_light,random,baseline,baseline,core,task6_incident_response_week,111,False,0.4140000000000001
no_coherence,random,baseline,baseline,core,task6_incident_response_week,111,False,0.38157142857142856
original,random,baseline,baseline,core,task7_quarterly_headcount_plan,111,False,0.3984
utility_only,random,baseline,baseline,core,task7_quarterly_headcount_plan,111,False,0.4204
balanced,random,baseline,baseline,core,task7_quarterly_headcount_plan,111,False,0.5889785714285715
adaptation_heavy,random,baseline,baseline,core,task7_quarterly_headcount_plan,111,False,0.568775
adaptation_light,random,baseline,baseline,core,task7_quarterly_headcount_plan,111,False,0.5515166666666667
no_coherence,random,baseline,baseline,core,task7_quarterly_headcount_plan,111,False,0.5446
original,random,baseline,baseline,core,task3_startup_week,112,True,0.2776
utility_only,random,baseline,baseline,core,task3_startup_week,112,True,0.4094
balanced,random,baseline,baseline,core,task3_startup_week,112,True,0.34331
adaptation_heavy,random,baseline,baseline,core,task3_startup_week,112,True,0.27534
adaptation_light,random,baseline,baseline,core,task3_startup_week,112,True,0.42518999999999996
no_coherence,random,baseline,baseline,core,task3_startup_week,112,True,0.36767
original,random,baseline,baseline,core,task6_incident_response_week,112,True,0.2558
utility_only,random,baseline,baseline,core,task6_incident_response_week,112,True,0.3454
balanced,random,baseline,baseline,core,task6_incident_response_week,112,True,0.324925
adaptation_heavy,random,baseline,baseline,core,task6_incident_response_week,112,True,0.26837
adaptation_light,random,baseline,baseline,core,task6_incident_response_week,112,True,0.39400499999999994
no_coherence,random,baseline,baseline,core,task6_incident_response_week,112,True,0.307825
original,random,baseline,baseline,core,task7_quarterly_headcount_plan,112,True,0.5219
utility_only,random,baseline,baseline,core,task7_quarterly_headcount_plan,112,True,0.477
balanced,random,baseline,baseline,core,task7_quarterly_headcount_plan,112,True,0.68748
adaptation_heavy,random,baseline,baseline,core,task7_quarterly_headcount_plan,112,True,0.6899200000000001
adaptation_light,random,baseline,baseline,core,task7_quarterly_headcount_plan,112,True,0.6303
no_coherence,random,baseline,baseline,core,task7_quarterly_headcount_plan,112,True,0.64122
original,random,baseline,baseline,core,task3_startup_week,113,True,0.2545
utility_only,random,baseline,baseline,core,task3_startup_week,113,True,0.3581
balanced,random,baseline,baseline,core,task3_startup_week,113,True,0.313325
adaptation_heavy,random,baseline,baseline,core,task3_startup_week,113,True,0.25542
adaptation_light,random,baseline,baseline,core,task3_startup_week,113,True,0.384945
no_coherence,random,baseline,baseline,core,task3_startup_week,113,True,0.316955
original,random,baseline,baseline,core,task6_incident_response_week,113,True,0.2399
utility_only,random,baseline,baseline,core,task6_incident_response_week,113,True,0.3123
balanced,random,baseline,baseline,core,task6_incident_response_week,113,True,0.306825
adaptation_heavy,random,baseline,baseline,core,task6_incident_response_week,113,True,0.26264
adaptation_light,random,baseline,baseline,core,task6_incident_response_week,113,True,0.369285
no_coherence,random,baseline,baseline,core,task6_incident_response_week,113,True,0.257475
original,random,baseline,baseline,core,task7_quarterly_headcount_plan,113,True,0.3688
utility_only,random,baseline,baseline,core,task7_quarterly_headcount_plan,113,True,0.4441
balanced,random,baseline,baseline,core,task7_quarterly_headcount_plan,113,True,0.464965
adaptation_heavy,random,baseline,baseline,core,task7_quarterly_headcount_plan,113,True,0.41917
adaptation_light,random,baseline,baseline,core,task7_quarterly_headcount_plan,113,True,0.500965
no_coherence,random,baseline,baseline,core,task7_quarterly_headcount_plan,113,True,0.47348500000000004
original,random,baseline,baseline,core,task3_startup_week,114,False,0.3005
utility_only,random,baseline,baseline,core,task3_startup_week,114,False,0.3536
balanced,random,baseline,baseline,core,task3_startup_week,114,False,0.40897142857142854
adaptation_heavy,random,baseline,baseline,core,task3_startup_week,114,False,0.39766666666666667
adaptation_light,random,baseline,baseline,core,task3_startup_week,114,False,0.39666666666666667
no_coherence,random,baseline,baseline,core,task3_startup_week,114,False,0.40640000000000004
original,random,baseline,baseline,core,task6_incident_response_week,114,False,0.3062
utility_only,random,baseline,baseline,core,task6_incident_response_week,114,False,0.3223
balanced,random,baseline,baseline,core,task6_incident_response_week,114,False,0.4205071428571429
adaptation_heavy,random,baseline,baseline,core,task6_incident_response_week,114,False,0.41015833333333335
adaptation_light,random,baseline,baseline,core,task6_incident_response_week,114,False,0.3986833333333334
no_coherence,random,baseline,baseline,core,task6_incident_response_week,114,False,0.39099999999999996
original,random,baseline,baseline,core,task7_quarterly_headcount_plan,114,False,0.3959
utility_only,random,baseline,baseline,core,task7_quarterly_headcount_plan,114,False,0.4079
balanced,random,baseline,baseline,core,task7_quarterly_headcount_plan,114,False,0.6034785714285714
adaptation_heavy,random,baseline,baseline,core,task7_quarterly_headcount_plan,114,False,0.5867333333333333
adaptation_light,random,baseline,baseline,core,task7_quarterly_headcount_plan,114,False,0.5600166666666667
no_coherence,random,baseline,baseline,core,task7_quarterly_headcount_plan,114,False,0.5347785714285714
original,random,baseline,baseline,core,task3_startup_week,115,False,0.3408
utility_only,random,baseline,baseline,core,task3_startup_week,115,False,0.389
balanced,random,baseline,baseline,core,task3_startup_week,115,False,0.4852571428571429
adaptation_heavy,random,baseline,baseline,core,task3_startup_week,115,False,0.45454999999999995
adaptation_light,random,baseline,baseline,core,task3_startup_week,115,False,0.46386666666666665
no_coherence,random,baseline,baseline,core,task3_startup_week,115,False,0.5092142857142857
original,random,baseline,baseline,core,task6_incident_response_week,115,False,0.316
utility_only,random,baseline,baseline,core,task6_incident_response_week,115,False,0.3539
balanced,random,baseline,baseline,core,task6_incident_response_week,115,False,0.4286642857142857
adaptation_heavy,random,baseline,baseline,core,task6_incident_response_week,115,False,0.39919166666666667
adaptation_light,random,baseline,baseline,core,task6_incident_response_week,115,False,0.41205
no_coherence,random,baseline,baseline,core,task6_incident_response_week,115,False,0.4617285714285714
original,random,baseline,baseline,core,task7_quarterly_headcount_plan,115,False,0.4315
utility_only,random,baseline,baseline,core,task7_quarterly_headcount_plan,115,False,0.4678
balanced,random,baseline,baseline,core,task7_quarterly_headcount_plan,115,False,0.6116071428571429
adaptation_heavy,random,baseline,baseline,core,task7_quarterly_headcount_plan,115,False,0.5912250000000001
adaptation_light,random,baseline,baseline,core,task7_quarterly_headcount_plan,115,False,0.57965
no_coherence,random,baseline,baseline,core,task7_quarterly_headcount_plan,115,False,0.5818428571428571
original,random,baseline,baseline,core,task3_startup_week,116,True,0.2518
utility_only,random,baseline,baseline,core,task3_startup_week,116,True,0.3949
balanced,random,baseline,baseline,core,task3_startup_week,116,True,0.28034499999999996
adaptation_heavy,random,baseline,baseline,core,task3_startup_week,116,True,0.24559999999999998
adaptation_light,random,baseline,baseline,core,task3_startup_week,116,True,0.359325
no_coherence,random,baseline,baseline,core,task3_startup_week,116,True,0.262195
original,random,baseline,baseline,core,task6_incident_response_week,116,True,0.2525
utility_only,random,baseline,baseline,core,task6_incident_response_week,116,True,0.3713
balanced,random,baseline,baseline,core,task6_incident_response_week,116,True,0.315695
adaptation_heavy,random,baseline,baseline,core,task6_incident_response_week,116,True,0.27213
adaptation_light,random,baseline,baseline,core,task6_incident_response_week,116,True,0.389955
no_coherence,random,baseline,baseline,core,task6_incident_response_week,116,True,0.27921500000000005
original,random,baseline,baseline,core,task7_quarterly_headcount_plan,116,True,0.3203
utility_only,random,baseline,baseline,core,task7_quarterly_headcount_plan,116,True,0.4906
balanced,random,baseline,baseline,core,task7_quarterly_headcount_plan,116,True,0.36301
adaptation_heavy,random,baseline,baseline,core,task7_quarterly_headcount_plan,116,True,0.28847999999999996
adaptation_light,random,baseline,baseline,core,task7_quarterly_headcount_plan,116,True,0.46112999999999993
no_coherence,random,baseline,baseline,core,task7_quarterly_headcount_plan,116,True,0.41983000000000004
original,random,baseline,baseline,core,task3_startup_week,117,True,0.3964
utility_only,random,baseline,baseline,core,task3_startup_week,117,True,0.3064
balanced,random,baseline,baseline,core,task3_startup_week,117,True,0.524395
adaptation_heavy,random,baseline,baseline,core,task3_startup_week,117,True,0.538585
adaptation_light,random,baseline,baseline,core,task3_startup_week,117,True,0.456655
no_coherence,random,baseline,baseline,core,task3_startup_week,117,True,0.46705
original,random,baseline,baseline,core,task6_incident_response_week,117,True,0.2261
utility_only,random,baseline,baseline,core,task6_incident_response_week,117,True,0.2885
balanced,random,baseline,baseline,core,task6_incident_response_week,117,True,0.29007499999999997
adaptation_heavy,random,baseline,baseline,core,task6_incident_response_week,117,True,0.23993499999999998
adaptation_light,random,baseline,baseline,core,task6_incident_response_week,117,True,0.34777499999999995
no_coherence,random,baseline,baseline,core,task6_incident_response_week,117,True,0.26582
original,random,baseline,baseline,core,task7_quarterly_headcount_plan,117,True,0.2717
utility_only,random,baseline,baseline,core,task7_quarterly_headcount_plan,117,True,0.3347
balanced,random,baseline,baseline,core,task7_quarterly_headcount_plan,117,True,0.41661499999999996
adaptation_heavy,random,baseline,baseline,core,task7_quarterly_headcount_plan,117,True,0.34987999999999997
adaptation_light,random,baseline,baseline,core,task7_quarterly_headcount_plan,117,True,0.48355499999999996
no_coherence,random,baseline,baseline,core,task7_quarterly_headcount_plan,117,True,0.334085
original,random,baseline,baseline,core,task3_startup_week,118,True,0.3464
utility_only,random,baseline,baseline,core,task3_startup_week,118,True,0.3044
balanced,random,baseline,baseline,core,task3_startup_week,118,True,0.456335
adaptation_heavy,random,baseline,baseline,core,task3_startup_week,118,True,0.46636500000000003
adaptation_light,random,baseline,baseline,core,task3_startup_week,118,True,0.401715
no_coherence,random,baseline,baseline,core,task3_startup_week,118,True,0.43817
original,random,baseline,baseline,core,task6_incident_response_week,118,True,0.2242
utility_only,random,baseline,baseline,core,task6_incident_response_week,118,True,0.2837
balanced,random,baseline,baseline,core,task6_incident_response_week,118,True,0.28802000000000005
adaptation_heavy,random,baseline,baseline,core,task6_incident_response_week,118,True,0.24169000000000002
adaptation_light,random,baseline,baseline,core,task6_incident_response_week,118,True,0.34476
no_coherence,random,baseline,baseline,core,task6_incident_response_week,118,True,0.25247
original,random,baseline,baseline,core,task7_quarterly_headcount_plan,118,True,0.2348
utility_only,random,baseline,baseline,core,task7_quarterly_headcount_plan,118,True,0.3479
balanced,random,baseline,baseline,core,task7_quarterly_headcount_plan,118,True,0.28916
adaptation_heavy,random,baseline,baseline,core,task7_quarterly_headcount_plan,118,True,0.221765
adaptation_light,random,baseline,baseline,core,task7_quarterly_headcount_plan,118,True,0.35873999999999995
no_coherence,random,baseline,baseline,core,task7_quarterly_headcount_plan,118,True,0.341345
original,random,baseline,baseline,core,task3_startup_week,119,False,0.3257
utility_only,random,baseline,baseline,core,task3_startup_week,119,False,0.376
balanced,random,baseline,baseline,core,task3_startup_week,119,False,0.4231428571428572
adaptation_heavy,random,baseline,baseline,core,task3_startup_week,119,False,0.43316666666666664
adaptation_light,random,baseline,baseline,core,task3_startup_week,119,False,0.41266666666666674
no_coherence,random,baseline,baseline,core,task3_startup_week,119,False,0.37042857142857144
original,random,baseline,baseline,core,task6_incident_response_week,119,False,0.288
utility_only,random,baseline,baseline,core,task6_incident_response_week,119,False,0.3533
balanced,random,baseline,baseline,core,task6_incident_response_week,119,False,0.3832571428571429
adaptation_heavy,random,baseline,baseline,core,task6_incident_response_week,119,False,0.381975
adaptation_light,random,baseline,baseline,core,task6_incident_response_week,119,False,0.37660000000000005
no_coherence,random,baseline,baseline,core,task6_incident_response_week,119,False,0.3694357142857143
original,random,baseline,baseline,core,task7_quarterly_headcount_plan,119,False,0.4141
utility_only,random,baseline,baseline,core,task7_quarterly_headcount_plan,119,False,0.466
balanced,random,baseline,baseline,core,task7_quarterly_headcount_plan,119,False,0.5573285714285714
adaptation_heavy,random,baseline,baseline,core,task7_quarterly_headcount_plan,119,False,0.52805
adaptation_light,random,baseline,baseline,core,task7_quarterly_headcount_plan,119,False,0.5370333333333335
no_coherence,random,baseline,baseline,core,task7_quarterly_headcount_plan,119,False,0.5804285714285714
original,random,baseline,baseline,heldout,task3_startup_week,100,True,0.2661
utility_only,random,baseline,baseline,heldout,task3_startup_week,100,True,0.3613
balanced,random,baseline,baseline,heldout,task3_startup_week,100,True,0.320005
adaptation_heavy,random,baseline,baseline,heldout,task3_startup_week,100,True,0.26944
adaptation_light,random,baseline,baseline,heldout,task3_startup_week,100,True,0.392265
no_coherence,random,baseline,baseline,heldout,task3_startup_week,100,True,0.296215
original,random,baseline,baseline,heldout,task6_incident_response_week,100,True,0.2449
utility_only,random,baseline,baseline,heldout,task6_incident_response_week,100,True,0.3251
balanced,random,baseline,baseline,heldout,task6_incident_response_week,100,True,0.31199
adaptation_heavy,random,baseline,baseline,heldout,task6_incident_response_week,100,True,0.25288
adaptation_light,random,baseline,baseline,heldout,task6_incident_response_week,100,True,0.37700999999999996
no_coherence,random,baseline,baseline,heldout,task6_incident_response_week,100,True,0.30737000000000003
original,random,baseline,baseline,heldout,task7_quarterly_headcount_plan,100,True,0.2992
utility_only,random,baseline,baseline,heldout,task7_quarterly_headcount_plan,100,True,0.403
balanced,random,baseline,baseline,heldout,task7_quarterly_headcount_plan,100,True,0.41181999999999996
adaptation_heavy,random,baseline,baseline,heldout,task7_quarterly_headcount_plan,100,True,0.34167000000000003
adaptation_light,random,baseline,baseline,heldout,task7_quarterly_headcount_plan,100,True,0.49241999999999997
no_coherence,random,baseline,baseline,heldout,task7_quarterly_headcount_plan,100,True,0.37165000000000004
original,random,baseline,baseline,heldout,task3_startup_week,101,True,0.237
utility_only,random,baseline,baseline,heldout,task3_startup_week,101,True,0.3601
balanced,random,baseline,baseline,heldout,task3_startup_week,101,True,0.283795
adaptation_heavy,random,baseline,baseline,heldout,task3_startup_week,101,True,0.23329
adaptation_light,random,baseline,baseline,heldout,task3_startup_week,101,True,0.355815
no_coherence,random,baseline,baseline,heldout,task3_startup_week,101,True,0.295555
original,random,baseline,baseline,heldout,task6_incident_response_week,101,True,0.2391
utility_only,random,baseline,baseline,heldout,task6_incident_response_week,101,True,0.3301
balanced,random,baseline,baseline,heldout,task6_incident_response_week,101,True,0.30259
adaptation_heavy,random,baseline,baseline,heldout,task6_incident_response_week,101,True,0.25037
adaptation_light,random,baseline,baseline,heldout,task6_incident_response_week,101,True,0.36861
no_coherence,random,baseline,baseline,heldout,task6_incident_response_week,101,True,0.2887
original,random,baseline,baseline,heldout,task7_quarterly_headcount_plan,101,True,0.4537
utility_only,random,baseline,baseline,heldout,task7_quarterly_headcount_plan,101,True,0.4227
balanced,random,baseline,baseline,heldout,task7_quarterly_headcount_plan,101,True,0.62613
adaptation_heavy,random,baseline,baseline,heldout,task7_quarterly_headcount_plan,101,True,0.612415
adaptation_light,random,baseline,baseline,heldout,task7_quarterly_headcount_plan,101,True,0.59583
no_coherence,random,baseline,baseline,heldout,task7_quarterly_headcount_plan,101,True,0.554745
original,random,baseline,baseline,heldout,task3_startup_week,102,True,0.3541
utility_only,random,baseline,baseline,heldout,task3_startup_week,102,True,0.3568
balanced,random,baseline,baseline,heldout,task3_startup_week,102,True,0.453865
adaptation_heavy,random,baseline,baseline,heldout,task3_startup_week,102,True,0.472645
adaptation_light,random,baseline,baseline,heldout,task3_startup_week,102,True,0.401985
no_coherence,random,baseline,baseline,heldout,task3_startup_week,102,True,0.4561
original,random,baseline,baseline,heldout,task6_incident_response_week,102,True,0.2036
utility_only,random,baseline,baseline,heldout,task6_incident_response_week,102,True,0.3414
balanced,random,baseline,baseline,heldout,task6_incident_response_week,102,True,0.24731999999999998
adaptation_heavy,random,baseline,baseline,heldout,task6_incident_response_week,102,True,0.20525
adaptation_light,random,baseline,baseline,heldout,task6_incident_response_week,102,True,0.3156
no_coherence,random,baseline,baseline,heldout,task6_incident_response_week,102,True,0.26277
original,random,baseline,baseline,heldout,task7_quarterly_headcount_plan,102,True,0.3404
utility_only,random,baseline,baseline,heldout,task7_quarterly_headcount_plan,102,True,0.4355
balanced,random,baseline,baseline,heldout,task7_quarterly_headcount_plan,102,True,0.416165
adaptation_heavy,random,baseline,baseline,heldout,task7_quarterly_headcount_plan,102,True,0.36432
adaptation_light,random,baseline,baseline,heldout,task7_quarterly_headcount_plan,102,True,0.46340499999999996
no_coherence,random,baseline,baseline,heldout,task7_quarterly_headcount_plan,102,True,0.449315
original,random,baseline,baseline,heldout,task3_startup_week,103,False,0.3624
utility_only,random,baseline,baseline,heldout,task3_startup_week,103,False,0.4259
balanced,random,baseline,baseline,heldout,task3_startup_week,103,False,0.5094500000000001
adaptation_heavy,random,baseline,baseline,heldout,task3_startup_week,103,False,0.47970000000000007
adaptation_light,random,baseline,baseline,heldout,task3_startup_week,103,False,0.4908833333333334
no_coherence,random,baseline,baseline,heldout,task3_startup_week,103,False,0.5382071428571428
original,random,baseline,baseline,heldout,task6_incident_response_week,103,False,0.3737
utility_only,random,baseline,baseline,heldout,task6_incident_response_week,103,False,0.3787
balanced,random,baseline,baseline,heldout,task6_incident_response_week,103,False,0.5166142857142858
adaptation_heavy,random,baseline,baseline,heldout,task6_incident_response_week,103,False,0.493775
adaptation_light,random,baseline,baseline,heldout,task6_incident_response_week,103,False,0.4859666666666667
no_coherence,random,baseline,baseline,heldout,task6_incident_response_week,103,False,0.4965357142857142
original,random,baseline,baseline,heldout,task7_quarterly_headcount_plan,103,False,0.4492
utility_only,random,baseline,baseline,heldout,task7_quarterly_headcount_plan,103,False,0.4807
balanced,random,baseline,baseline,heldout,task7_quarterly_headcount_plan,103,False,0.6463428571428572
adaptation_heavy,random,baseline,baseline,heldout,task7_quarterly_headcount_plan,103,False,0.630675
adaptation_light,random,baseline,baseline,heldout,task7_quarterly_headcount_plan,103,False,0.6095333333333335
no_coherence,random,baseline,baseline,heldout,task7_quarterly_headcount_plan,103,False,0.5919785714285714
original,random,baseline,baseline,heldout,task3_startup_week,104,True,0.241
utility_only,random,baseline,baseline,heldout,task3_startup_week,104,True,0.3273
balanced,random,baseline,baseline,heldout,task3_startup_week,104,True,0.292875
adaptation_heavy,random,baseline,baseline,heldout,task3_startup_week,104,True,0.24401
adaptation_light,random,baseline,baseline,heldout,task3_startup_week,104,True,0.35833499999999996
no_coherence,random,baseline,baseline,heldout,task3_startup_week,104,True,0.277515
original,random,baseline,baseline,heldout,task6_incident_response_week,104,True,0.2295
utility_only,random,baseline,baseline,heldout,task6_incident_response_week,104,True,0.3052
balanced,random,baseline,baseline,heldout,task6_incident_response_week,104,True,0.29233
adaptation_heavy,random,baseline,baseline,heldout,task6_incident_response_week,104,True,0.237785
adaptation_light,random,baseline,baseline,heldout,task6_incident_response_week,104,True,0.35336999999999996
no_coherence,random,baseline,baseline,heldout,task6_incident_response_week,104,True,0.28571500000000005
original,random,baseline,baseline,heldout,task7_quarterly_headcount_plan,104,True,0.2614
utility_only,random,baseline,baseline,heldout,task7_quarterly_headcount_plan,104,True,0.3754
balanced,random,baseline,baseline,heldout,task7_quarterly_headcount_plan,104,True,0.3337
adaptation_heavy,random,baseline,baseline,heldout,task7_quarterly_headcount_plan,104,True,0.26493
adaptation_light,random,baseline,baseline,heldout,task7_quarterly_headcount_plan,104,True,0.40878
no_coherence,random,baseline,baseline,heldout,task7_quarterly_headcount_plan,104,True,0.35647
original,random,baseline,baseline,heldout,task3_startup_week,105,True,0.4179
utility_only,random,baseline,baseline,heldout,task3_startup_week,105,True,0.3228
balanced,random,baseline,baseline,heldout,task3_startup_week,105,True,0.560595
adaptation_heavy,random,baseline,baseline,heldout,task3_startup_week,105,True,0.5740850000000001
adaptation_light,random,baseline,baseline,heldout,task3_startup_week,105,True,0.480895
no_coherence,random,baseline,baseline,heldout,task3_startup_week,105,True,0.5214300000000001
original,random,baseline,baseline,heldout,task6_incident_response_week,105,True,0.5022
utility_only,random,baseline,baseline,heldout,task6_incident_response_week,105,True,0.305
balanced,random,baseline,baseline,heldout,task6_incident_response_week,105,True,0.647975
adaptation_heavy,random,baseline,baseline,heldout,task6_incident_response_week,105,True,0.6719950000000001
adaptation_light,random,baseline,baseline,heldout,task6_incident_response_week,105,True,0.530435
no_coherence,random,baseline,baseline,heldout,task6_incident_response_week,105,True,0.58556
original,random,baseline,baseline,heldout,task7_quarterly_headcount_plan,105,True,0.296
utility_only,random,baseline,baseline,heldout,task7_quarterly_headcount_plan,105,True,0.3782
balanced,random,baseline,baseline,heldout,task7_quarterly_headcount_plan,105,True,0.434015
adaptation_heavy,random,baseline,baseline,heldout,task7_quarterly_headcount_plan,105,True,0.365105
adaptation_light,random,baseline,baseline,heldout,task7_quarterly_headcount_plan,105,True,0.509655
no_coherence,random,baseline,baseline,heldout,task7_quarterly_headcount_plan,105,True,0.35801
original,random,baseline,baseline,heldout,task3_startup_week,106,True,0.2285
utility_only,random,baseline,baseline,heldout,task3_startup_week,106,True,0.4087
balanced,random,baseline,baseline,heldout,task3_startup_week,106,True,0.26206
adaptation_heavy,random,baseline,baseline,heldout,task3_startup_week,106,True,0.214125
adaptation_light,random,baseline,baseline,heldout,task3_startup_week,106,True,0.3438
no_coherence,random,baseline,baseline,heldout,task3_startup_week,106,True,0.30728500000000003
original,random,baseline,baseline,heldout,task6_incident_response_week,106,True,0.2256
utility_only,random,baseline,baseline,heldout,task6_incident_response_week,106,True,0.3607
balanced,random,baseline,baseline,heldout,task6_incident_response_week,106,True,0.27710500000000005
adaptation_heavy,random,baseline,baseline,heldout,task6_incident_response_week,106,True,0.226925
adaptation_light,random,baseline,baseline,heldout,task6_incident_response_week,106,True,0.349245
no_coherence,random,baseline,baseline,heldout,task6_incident_response_week,106,True,0.29482
original,random,baseline,baseline,heldout,task7_quarterly_headcount_plan,106,True,0.3291
utility_only,random,baseline,baseline,heldout,task7_quarterly_headcount_plan,106,True,0.4417
balanced,random,baseline,baseline,heldout,task7_quarterly_headcount_plan,106,True,0.45199
adaptation_heavy,random,baseline,baseline,heldout,task7_quarterly_headcount_plan,106,True,0.379905
adaptation_light,random,baseline,baseline,heldout,task7_quarterly_headcount_plan,106,True,0.54033
no_coherence,random,baseline,baseline,heldout,task7_quarterly_headcount_plan,106,True,0.39293500000000003
original,random,baseline,baseline,heldout,task3_startup_week,107,True,0.2391
utility_only,random,baseline,baseline,heldout,task3_startup_week,107,True,0.3557
balanced,random,baseline,baseline,heldout,task3_startup_week,107,True,0.291875
adaptation_heavy,random,baseline,baseline,heldout,task3_startup_week,107,True,0.23659
adaptation_light,random,baseline,baseline,heldout,task3_startup_week,107,True,0.363015
no_coherence,random,baseline,baseline,heldout,task3_startup_week,107,True,0.30813500000000005
original,random,baseline,baseline,heldout,task6_incident_response_week,107,True,0.2447
utility_only,random,baseline,baseline,heldout,task6_incident_response_week,107,True,0.3301
balanced,random,baseline,baseline,heldout,task6_incident_response_week,107,True,0.31087000000000004
adaptation_heavy,random,baseline,baseline,heldout,task6_incident_response_week,107,True,0.244365
adaptation_light,random,baseline,baseline,heldout,task6_incident_response_week,107,True,0.37689
no_coherence,random,baseline,baseline,heldout,task6_incident_response_week,107,True,0.33155500000000004
original,random,baseline,baseline,heldout,task7_quarterly_headcount_plan,107,True,0.3052
utility_only,random,baseline,baseline,heldout,task7_quarterly_headcount_plan,107,True,0.4513
balanced,random,baseline,baseline,heldout,task7_quarterly_headcount_plan,107,True,0.36802
adaptation_heavy,random,baseline,baseline,heldout,task7_quarterly_headcount_plan,107,True,0.29545499999999997
adaptation_light,random,baseline,baseline,heldout,task7_quarterly_headcount_plan,107,True,0.45827999999999997
no_coherence,random,baseline,baseline,heldout,task7_quarterly_headcount_plan,107,True,0.398215
original,random,baseline,baseline,heldout,task3_startup_week,108,True,0.2215
utility_only,random,baseline,baseline,heldout,task3_startup_week,108,True,0.3068
balanced,random,baseline,baseline,heldout,task3_startup_week,108,True,0.258485
adaptation_heavy,random,baseline,baseline,heldout,task3_startup_week,108,True,0.223145
adaptation_light,random,baseline,baseline,heldout,task3_startup_week,108,True,0.319845
no_coherence,random,baseline,baseline,heldout,task3_startup_week,108,True,0.22874000000000003
original,random,baseline,baseline,heldout,task6_incident_response_week,108,True,0.2089
utility_only,random,baseline,baseline,heldout,task6_incident_response_week,108,True,0.289
balanced,random,baseline,baseline,heldout,task6_incident_response_week,108,True,0.26426499999999997
adaptation_heavy,random,baseline,baseline,heldout,task6_incident_response_week,108,True,0.21766999999999997
adaptation_light,random,baseline,baseline,heldout,task6_incident_response_week,108,True,0.322065
no_coherence,random,baseline,baseline,heldout,task6_incident_response_week,108,True,0.25538500000000003
original,random,baseline,baseline,heldout,task7_quarterly_headcount_plan,108,True,0.2841
utility_only,random,baseline,baseline,heldout,task7_quarterly_headcount_plan,108,True,0.3624
balanced,random,baseline,baseline,heldout,task7_quarterly_headcount_plan,108,True,0.418365
adaptation_heavy,random,baseline,baseline,heldout,task7_quarterly_headcount_plan,108,True,0.350245
adaptation_light,random,baseline,baseline,heldout,task7_quarterly_headcount_plan,108,True,0.490845
no_coherence,random,baseline,baseline,heldout,task7_quarterly_headcount_plan,108,True,0.34932
original,random,baseline,baseline,heldout,task3_startup_week,109,True,0.2492
utility_only,random,baseline,baseline,heldout,task3_startup_week,109,True,0.3664
balanced,random,baseline,baseline,heldout,task3_startup_week,109,True,0.29566
adaptation_heavy,random,baseline,baseline,heldout,task3_startup_week,109,True,0.24734
adaptation_light,random,baseline,baseline,heldout,task3_startup_week,109,True,0.36894
no_coherence,random,baseline,baseline,heldout,task3_startup_week,109,True,0.29152
original,random,baseline,baseline,heldout,task6_incident_response_week,109,True,0.2289
utility_only,random,baseline,baseline,heldout,task6_incident_response_week,109,True,0.3344
balanced,random,baseline,baseline,heldout,task6_incident_response_week,109,True,0.28654999999999997
adaptation_heavy,random,baseline,baseline,heldout,task6_incident_response_week,109,True,0.24125999999999997
adaptation_light,random,baseline,baseline,heldout,task6_incident_response_week,109,True,0.35342999999999997
no_coherence,random,baseline,baseline,heldout,task6_incident_response_week,109,True,0.26963
original,random,baseline,baseline,heldout,task7_quarterly_headcount_plan,109,True,0.297
utility_only,random,baseline,baseline,heldout,task7_quarterly_headcount_plan,109,True,0.4266
balanced,random,baseline,baseline,heldout,task7_quarterly_headcount_plan,109,True,0.37497
adaptation_heavy,random,baseline,baseline,heldout,task7_quarterly_headcount_plan,109,True,0.30363999999999997
adaptation_light,random,baseline,baseline,heldout,task7_quarterly_headcount_plan,109,True,0.46029
no_coherence,random,baseline,baseline,heldout,task7_quarterly_headcount_plan,109,True,0.38463
original,random,baseline,baseline,heldout,task3_startup_week,110,True,0.2625
utility_only,random,baseline,baseline,heldout,task3_startup_week,110,True,0.3957
balanced,random,baseline,baseline,heldout,task3_startup_week,110,True,0.31371
adaptation_heavy,random,baseline,baseline,heldout,task3_startup_week,110,True,0.25892499999999996
adaptation_light,random,baseline,baseline,heldout,task3_startup_week,110,True,0.39285
no_coherence,random,baseline,baseline,heldout,task3_startup_week,110,True,0.322635
original,random,baseline,baseline,heldout,task6_incident_response_week,110,True,0.2429
utility_only,random,baseline,baseline,heldout,task6_incident_response_week,110,True,0.3593
balanced,random,baseline,baseline,heldout,task6_incident_response_week,110,True,0.303275
adaptation_heavy,random,baseline,baseline,heldout,task6_incident_response_week,110,True,0.253165
adaptation_light,random,baseline,baseline,heldout,task6_incident_response_week,110,True,0.375135
no_coherence,random,baseline,baseline,heldout,task6_incident_response_week,110,True,0.29405000000000003
original,random,baseline,baseline,heldout,task7_quarterly_headcount_plan,110,True,0.3285
utility_only,random,baseline,baseline,heldout,task7_quarterly_headcount_plan,110,True,0.5152
balanced,random,baseline,baseline,heldout,task7_quarterly_headcount_plan,110,True,0.35608
adaptation_heavy,random,baseline,baseline,heldout,task7_quarterly_headcount_plan,110,True,0.28032
adaptation_light,random,baseline,baseline,heldout,task7_quarterly_headcount_plan,110,True,0.45912
no_coherence,random,baseline,baseline,heldout,task7_quarterly_headcount_plan,110,True,0.43335999999999997
original,random,baseline,baseline,heldout,task3_startup_week,111,False,0.3437
utility_only,random,baseline,baseline,heldout,task3_startup_week,111,False,0.3619
balanced,random,baseline,baseline,heldout,task3_startup_week,111,False,0.47635
adaptation_heavy,random,baseline,baseline,heldout,task3_startup_week,111,False,0.46725
adaptation_light,random,baseline,baseline,heldout,task3_startup_week,111,False,0.4509166666666667
no_coherence,random,baseline,baseline,heldout,task3_startup_week,111,False,0.43434999999999996
original,random,baseline,baseline,heldout,task6_incident_response_week,111,False,0.3154
utility_only,random,baseline,baseline,heldout,task6_incident_response_week,111,False,0.3245
balanced,random,baseline,baseline,heldout,task6_incident_response_week,111,False,0.4349
adaptation_heavy,random,baseline,baseline,heldout,task6_incident_response_week,111,False,0.432725
adaptation_light,random,baseline,baseline,heldout,task6_incident_response_week,111,False,0.4103666666666667
no_coherence,random,baseline,baseline,heldout,task6_incident_response_week,111,False,0.37740714285714283
original,random,baseline,baseline,heldout,task7_quarterly_headcount_plan,111,False,0.4206
utility_only,random,baseline,baseline,heldout,task7_quarterly_headcount_plan,111,False,0.4703
balanced,random,baseline,baseline,heldout,task7_quarterly_headcount_plan,111,False,0.5709285714285715
adaptation_heavy,random,baseline,baseline,heldout,task7_quarterly_headcount_plan,111,False,0.5435583333333334
adaptation_light,random,baseline,baseline,heldout,task7_quarterly_headcount_plan,111,False,0.5485666666666666
no_coherence,random,baseline,baseline,heldout,task7_quarterly_headcount_plan,111,False,0.5838071428571429
original,random,baseline,baseline,heldout,task3_startup_week,112,True,0.3179
utility_only,random,baseline,baseline,heldout,task3_startup_week,112,True,0.4113
balanced,random,baseline,baseline,heldout,task3_startup_week,112,True,0.385905
adaptation_heavy,random,baseline,baseline,heldout,task3_startup_week,112,True,0.32534
adaptation_light,random,baseline,baseline,heldout,task3_startup_week,112,True,0.468165
no_coherence,random,baseline,baseline,heldout,task3_startup_week,112,True,0.34621500000000005
original,random,baseline,baseline,heldout,task6_incident_response_week,112,True,0.2478
utility_only,random,baseline,baseline,heldout,task6_incident_response_week,112,True,0.3667
balanced,random,baseline,baseline,heldout,task6_incident_response_week,112,True,0.3094
adaptation_heavy,random,baseline,baseline,heldout,task6_incident_response_week,112,True,0.25892000000000004
adaptation_light,random,baseline,baseline,heldout,task6_incident_response_week,112,True,0.38274
no_coherence,random,baseline,baseline,heldout,task6_incident_response_week,112,True,0.29812000000000005
original,random,baseline,baseline,heldout,task7_quarterly_headcount_plan,112,True,0.5264
utility_only,random,baseline,baseline,heldout,task7_quarterly_headcount_plan,112,True,0.4789
balanced,random,baseline,baseline,heldout,task7_quarterly_headcount_plan,112,True,0.6928300000000001
adaptation_heavy,random,baseline,baseline,heldout,task7_quarterly_headcount_plan,112,True,0.696705
adaptation_light,random,baseline,baseline,heldout,task7_quarterly_headcount_plan,112,True,0.63297
no_coherence,random,baseline,baseline,heldout,task7_quarterly_headcount_plan,112,True,0.646855
original,random,baseline,baseline,heldout,task3_startup_week,113,True,0.2404
utility_only,random,baseline,baseline,heldout,task3_startup_week,113,True,0.3606
balanced,random,baseline,baseline,heldout,task3_startup_week,113,True,0.295485
adaptation_heavy,random,baseline,baseline,heldout,task3_startup_week,113,True,0.237455
adaptation_light,random,baseline,baseline,heldout,task3_startup_week,113,True,0.36760499999999996
no_coherence,random,baseline,baseline,heldout,task3_startup_week,113,True,0.31833
original,random,baseline,baseline,heldout,task6_incident_response_week,113,True,0.2424
utility_only,random,baseline,baseline,heldout,task6_incident_response_week,113,True,0.3357
balanced,random,baseline,baseline,heldout,task6_incident_response_week,113,True,0.30649499999999996
adaptation_heavy,random,baseline,baseline,heldout,task6_incident_response_week,113,True,0.246855
adaptation_light,random,baseline,baseline,heldout,task6_incident_response_week,113,True,0.37363499999999994
no_coherence,random,baseline,baseline,heldout,task6_incident_response_week,113,True,0.31320000000000003
original,random,baseline,baseline,heldout,task7_quarterly_headcount_plan,113,True,0.4405
utility_only,random,baseline,baseline,heldout,task7_quarterly_headcount_plan,113,True,0.4362
balanced,random,baseline,baseline,heldout,task7_quarterly_headcount_plan,113,True,0.5925
adaptation_heavy,random,baseline,baseline,heldout,task7_quarterly_headcount_plan,113,True,0.57212
adaptation_light,random,baseline,baseline,heldout,task7_quarterly_headcount_plan,113,True,0.57688
no_coherence,random,baseline,baseline,heldout,task7_quarterly_headcount_plan,113,True,0.5442
original,random,baseline,baseline,heldout,task3_startup_week,114,False,0.3375
utility_only,random,baseline,baseline,heldout,task3_startup_week,114,False,0.3667
balanced,random,baseline,baseline,heldout,task3_startup_week,114,False,0.4846214285714286
adaptation_heavy,random,baseline,baseline,heldout,task3_startup_week,114,False,0.4556666666666667
adaptation_light,random,baseline,baseline,heldout,task3_startup_week,114,False,0.45841666666666675
no_coherence,random,baseline,baseline,heldout,task3_startup_week,114,False,0.4916928571428571
original,random,baseline,baseline,heldout,task6_incident_response_week,114,False,0.3231
utility_only,random,baseline,baseline,heldout,task6_incident_response_week,114,False,0.3316
balanced,random,baseline,baseline,heldout,task6_incident_response_week,114,False,0.4457714285714286
adaptation_heavy,random,baseline,baseline,heldout,task6_incident_response_week,114,False,0.41505000000000003
adaptation_light,random,baseline,baseline,heldout,task6_incident_response_week,114,False,0.4204
no_coherence,random,baseline,baseline,heldout,task6_incident_response_week,114,False,0.4595285714285714
original,random,baseline,baseline,heldout,task7_quarterly_headcount_plan,114,False,0.4255
utility_only,random,baseline,baseline,heldout,task7_quarterly_headcount_plan,114,False,0.4492
balanced,random,baseline,baseline,heldout,task7_quarterly_headcount_plan,114,False,0.6256
adaptation_heavy,random,baseline,baseline,heldout,task7_quarterly_headcount_plan,114,False,0.6091000000000001
adaptation_light,random,baseline,baseline,heldout,task7_quarterly_headcount_plan,114,False,0.5864
no_coherence,random,baseline,baseline,heldout,task7_quarterly_headcount_plan,114,False,0.5672285714285713
original,random,baseline,baseline,heldout,task3_startup_week,115,False,0.3158
utility_only,random,baseline,baseline,heldout,task3_startup_week,115,False,0.3847
balanced,random,baseline,baseline,heldout,task3_startup_week,115,False,0.4431785714285715
adaptation_heavy,random,baseline,baseline,heldout,task3_startup_week,115,False,0.41415
adaptation_light,random,baseline,baseline,heldout,task3_startup_week,115,False,0.43018333333333336
no_coherence,random,baseline,baseline,heldout,task3_startup_week,115,False,0.48440714285714287
original,random,baseline,baseline,heldout,task6_incident_response_week,115,False,0.332
utility_only,random,baseline,baseline,heldout,task6_incident_response_week,115,False,0.3482
balanced,random,baseline,baseline,heldout,task6_incident_response_week,115,False,0.4560714285714286
adaptation_heavy,random,baseline,baseline,heldout,task6_incident_response_week,115,False,0.44354166666666667
adaptation_light,random,baseline,baseline,heldout,task6_incident_response_week,115,False,0.43210000000000004
no_coherence,random,baseline,baseline,heldout,task6_incident_response_week,115,False,0.42665
original,random,baseline,baseline,heldout,task7_quarterly_headcount_plan,115,False,0.4322
utility_only,random,baseline,baseline,heldout,task7_quarterly_headcount_plan,115,False,0.4454
balanced,random,baseline,baseline,heldout,task7_quarterly_headcount_plan,115,False,0.6546285714285714
adaptation_heavy,random,baseline,baseline,heldout,task7_quarterly_headcount_plan,115,False,0.6432833333333334
adaptation_light,random,baseline,baseline,heldout,task7_quarterly_headcount_plan,115,False,0.6081333333333334
no_coherence,random,baseline,baseline,heldout,task7_quarterly_headcount_plan,115,False,0.5642428571428572
original,random,baseline,baseline,heldout,task3_startup_week,116,True,0.2769
utility_only,random,baseline,baseline,heldout,task3_startup_week,116,True,0.4034
balanced,random,baseline,baseline,heldout,task3_startup_week,116,True,0.328235
adaptation_heavy,random,baseline,baseline,heldout,task3_startup_week,116,True,0.275565
adaptation_light,random,baseline,baseline,heldout,task3_startup_week,116,True,0.408915
no_coherence,random,baseline,baseline,heldout,task3_startup_week,116,True,0.31937000000000004
original,random,baseline,baseline,heldout,task6_incident_response_week,116,True,0.3008
utility_only,random,baseline,baseline,heldout,task6_incident_response_week,116,True,0.3822
balanced,random,baseline,baseline,heldout,task6_incident_response_week,116,True,0.386175
adaptation_heavy,random,baseline,baseline,heldout,task6_incident_response_week,116,True,0.317065
adaptation_light,random,baseline,baseline,heldout,task6_incident_response_week,116,True,0.46261499999999994
no_coherence,random,baseline,baseline,heldout,task6_incident_response_week,116,True,0.36021000000000003
original,random,baseline,baseline,heldout,task7_quarterly_headcount_plan,116,True,0.3381
utility_only,random,baseline,baseline,heldout,task7_quarterly_headcount_plan,116,True,0.4473
balanced,random,baseline,baseline,heldout,task7_quarterly_headcount_plan,116,True,0.47168999999999994
adaptation_heavy,random,baseline,baseline,heldout,task7_quarterly_headcount_plan,116,True,0.39932499999999993
adaptation_light,random,baseline,baseline,heldout,task7_quarterly_headcount_plan,116,True,0.5611499999999999
no_coherence,random,baseline,baseline,heldout,task7_quarterly_headcount_plan,116,True,0.396015
original,random,baseline,baseline,heldout,task3_startup_week,117,True,0.3357
utility_only,random,baseline,baseline,heldout,task3_startup_week,117,True,0.3072
balanced,random,baseline,baseline,heldout,task3_startup_week,117,True,0.44090999999999997
adaptation_heavy,random,baseline,baseline,heldout,task3_startup_week,117,True,0.43979999999999997
adaptation_light,random,baseline,baseline,heldout,task3_startup_week,117,True,0.40385
no_coherence,random,baseline,baseline,heldout,task3_startup_week,117,True,0.42171
original,random,baseline,baseline,heldout,task6_incident_response_week,117,True,0.2148
utility_only,random,baseline,baseline,heldout,task6_incident_response_week,117,True,0.292
balanced,random,baseline,baseline,heldout,task6_incident_response_week,117,True,0.272575
adaptation_heavy,random,baseline,baseline,heldout,task6_incident_response_week,117,True,0.21512
adaptation_light,random,baseline,baseline,heldout,task6_incident_response_week,117,True,0.33097499999999996
no_coherence,random,baseline,baseline,heldout,task6_incident_response_week,117,True,0.289165
original,random,baseline,baseline,heldout,task7_quarterly_headcount_plan,117,True,0.268
utility_only,random,baseline,baseline,heldout,task7_quarterly_headcount_plan,117,True,0.3338
balanced,random,baseline,baseline,heldout,task7_quarterly_headcount_plan,117,True,0.406565
adaptation_heavy,random,baseline,baseline,heldout,task7_quarterly_headcount_plan,117,True,0.339875
adaptation_light,random,baseline,baseline,heldout,task7_quarterly_headcount_plan,117,True,0.473325
no_coherence,random,baseline,baseline,heldout,task7_quarterly_headcount_plan,117,True,0.33359
original,random,baseline,baseline,heldout,task3_startup_week,118,True,0.3461
utility_only,random,baseline,baseline,heldout,task3_startup_week,118,True,0.31
balanced,random,baseline,baseline,heldout,task3_startup_week,118,True,0.455275
adaptation_heavy,random,baseline,baseline,heldout,task3_startup_week,118,True,0.465025
adaptation_light,random,baseline,baseline,heldout,task3_startup_week,118,True,0.401775
no_coherence,random,baseline,baseline,heldout,task3_startup_week,118,True,0.44125000000000003
original,random,baseline,baseline,heldout,task6_incident_response_week,118,True,0.2341
utility_only,random,baseline,baseline,heldout,task6_incident_response_week,118,True,0.2911
balanced,random,baseline,baseline,heldout,task6_incident_response_week,118,True,0.301585
adaptation_heavy,random,baseline,baseline,heldout,task6_incident_response_week,118,True,0.25488500000000003
adaptation_light,random,baseline,baseline,heldout,task6_incident_response_week,118,True,0.35980500000000004
no_coherence,random,baseline,baseline,heldout,task6_incident_response_week,118,True,0.25654000000000005
original,random,baseline,baseline,heldout,task7_quarterly_headcount_plan,118,True,0.2348
utility_only,random,baseline,baseline,heldout,task7_quarterly_headcount_plan,118,True,0.3479
balanced,random,baseline,baseline,heldout,task7_quarterly_headcount_plan,118,True,0.28916
adaptation_heavy,random,baseline,baseline,heldout,task7_quarterly_headcount_plan,118,True,0.221765
adaptation_light,random,baseline,baseline,heldout,task7_quarterly_headcount_plan,118,True,0.35873999999999995
no_coherence,random,baseline,baseline,heldout,task7_quarterly_headcount_plan,118,True,0.341345
original,random,baseline,baseline,heldout,task3_startup_week,119,False,0.3685
utility_only,random,baseline,baseline,heldout,task3_startup_week,119,False,0.3963
balanced,random,baseline,baseline,heldout,task3_startup_week,119,False,0.5128285714285714
adaptation_heavy,random,baseline,baseline,heldout,task3_startup_week,119,False,0.4986083333333334
adaptation_light,random,baseline,baseline,heldout,task3_startup_week,119,False,0.48693333333333333
no_coherence,random,baseline,baseline,heldout,task3_startup_week,119,False,0.4828071428571428
original,random,baseline,baseline,heldout,task6_incident_response_week,119,False,0.3115
utility_only,random,baseline,baseline,heldout,task6_incident_response_week,119,False,0.353
balanced,random,baseline,baseline,heldout,task6_incident_response_week,119,False,0.42157142857142865
adaptation_heavy,random,baseline,baseline,heldout,task6_incident_response_week,119,False,0.42669999999999997
adaptation_light,random,baseline,baseline,heldout,task6_incident_response_week,119,False,0.4063333333333334
no_coherence,random,baseline,baseline,heldout,task6_incident_response_week,119,False,0.3692
original,random,baseline,baseline,heldout,task7_quarterly_headcount_plan,119,False,0.4143
utility_only,random,baseline,baseline,heldout,task7_quarterly_headcount_plan,119,False,0.4662
balanced,random,baseline,baseline,heldout,task7_quarterly_headcount_plan,119,False,0.5574428571428571
adaptation_heavy,random,baseline,baseline,heldout,task7_quarterly_headcount_plan,119,False,0.5281666666666667
adaptation_light,random,baseline,baseline,heldout,task7_quarterly_headcount_plan,119,False,0.5371666666666667
no_coherence,random,baseline,baseline,heldout,task7_quarterly_headcount_plan,119,False,0.5805857142857143
original,visible heuristic,baseline,baseline,core,task3_startup_week,100,True,0.3492
utility_only,visible heuristic,baseline,baseline,core,task3_startup_week,100,True,0.3805
balanced,visible heuristic,baseline,baseline,core,task3_startup_week,100,True,0.438925
adaptation_heavy,visible heuristic,baseline,baseline,core,task3_startup_week,100,True,0.3699
adaptation_light,visible heuristic,baseline,baseline,core,task3_startup_week,100,True,0.515025
no_coherence,visible heuristic,baseline,baseline,core,task3_startup_week,100,True,0.359275
original,visible heuristic,baseline,baseline,core,task6_incident_response_week,100,True,0.3177
utility_only,visible heuristic,baseline,baseline,core,task6_incident_response_week,100,True,0.3374
balanced,visible heuristic,baseline,baseline,core,task6_incident_response_week,100,True,0.419135
adaptation_heavy,visible heuristic,baseline,baseline,core,task6_incident_response_week,100,True,0.352265
adaptation_light,visible heuristic,baseline,baseline,core,task6_incident_response_week,100,True,0.48661499999999996
no_coherence,visible heuristic,baseline,baseline,core,task6_incident_response_week,100,True,0.33557000000000003
original,visible heuristic,baseline,baseline,core,task7_quarterly_headcount_plan,100,True,0.3663
utility_only,visible heuristic,baseline,baseline,core,task7_quarterly_headcount_plan,100,True,0.4935
balanced,visible heuristic,baseline,baseline,core,task7_quarterly_headcount_plan,100,True,0.4974
adaptation_heavy,visible heuristic,baseline,baseline,core,task7_quarterly_headcount_plan,100,True,0.422725
adaptation_light,visible heuristic,baseline,baseline,core,task7_quarterly_headcount_plan,100,True,0.5961
no_coherence,visible heuristic,baseline,baseline,core,task7_quarterly_headcount_plan,100,True,0.42142500000000005
original,visible heuristic,baseline,baseline,core,task3_startup_week,101,True,0.3353
utility_only,visible heuristic,baseline,baseline,core,task3_startup_week,101,True,0.3679
balanced,visible heuristic,baseline,baseline,core,task3_startup_week,101,True,0.42318999999999996
adaptation_heavy,visible heuristic,baseline,baseline,core,task3_startup_week,101,True,0.35479499999999997
adaptation_light,visible heuristic,baseline,baseline,core,task3_startup_week,101,True,0.49676999999999993
no_coherence,visible heuristic,baseline,baseline,core,task3_startup_week,101,True,0.352345
original,visible heuristic,baseline,baseline,core,task6_incident_response_week,101,True,0.3219
utility_only,visible heuristic,baseline,baseline,core,task6_incident_response_week,101,True,0.3243
balanced,visible heuristic,baseline,baseline,core,task6_incident_response_week,101,True,0.427725
adaptation_heavy,visible heuristic,baseline,baseline,core,task6_incident_response_week,101,True,0.36151
adaptation_light,visible heuristic,baseline,baseline,core,task6_incident_response_week,101,True,0.49258499999999994
no_coherence,visible heuristic,baseline,baseline,core,task6_incident_response_week,101,True,0.328365
original,visible heuristic,baseline,baseline,core,task7_quarterly_headcount_plan,101,True,0.3241
utility_only,visible heuristic,baseline,baseline,core,task7_quarterly_headcount_plan,101,True,0.418
balanced,visible heuristic,baseline,baseline,core,task7_quarterly_headcount_plan,101,True,0.4672
adaptation_heavy,visible heuristic,baseline,baseline,core,task7_quarterly_headcount_plan,101,True,0.3963
adaptation_light,visible heuristic,baseline,baseline,core,task7_quarterly_headcount_plan,101,True,0.5508
no_coherence,visible heuristic,baseline,baseline,core,task7_quarterly_headcount_plan,101,True,0.3799
original,visible heuristic,baseline,baseline,core,task3_startup_week,102,True,0.3528
utility_only,visible heuristic,baseline,baseline,core,task3_startup_week,102,True,0.3721
balanced,visible heuristic,baseline,baseline,core,task3_startup_week,102,True,0.44443
adaptation_heavy,visible heuristic,baseline,baseline,core,task3_startup_week,102,True,0.37582499999999996
adaptation_light,visible heuristic,baseline,baseline,core,task3_startup_week,102,True,0.51885
no_coherence,visible heuristic,baseline,baseline,core,task3_startup_week,102,True,0.354655
original,visible heuristic,baseline,baseline,core,task6_incident_response_week,102,True,0.3206
utility_only,visible heuristic,baseline,baseline,core,task6_incident_response_week,102,True,0.3484
balanced,visible heuristic,baseline,baseline,core,task6_incident_response_week,102,True,0.421615
adaptation_heavy,visible heuristic,baseline,baseline,core,task6_incident_response_week,102,True,0.35419500000000004
adaptation_light,visible heuristic,baseline,baseline,core,task6_incident_response_week,102,True,0.491295
no_coherence,visible heuristic,baseline,baseline,core,task6_incident_response_week,102,True,0.34162000000000003
original,visible heuristic,baseline,baseline,core,task7_quarterly_headcount_plan,102,True,0.3501
utility_only,visible heuristic,baseline,baseline,core,task7_quarterly_headcount_plan,102,True,0.4645
balanced,visible heuristic,baseline,baseline,core,task7_quarterly_headcount_plan,102,True,0.4858
adaptation_heavy,visible heuristic,baseline,baseline,core,task7_quarterly_headcount_plan,102,True,0.412575
adaptation_light,visible heuristic,baseline,baseline,core,task7_quarterly_headcount_plan,102,True,0.5787
no_coherence,visible heuristic,baseline,baseline,core,task7_quarterly_headcount_plan,102,True,0.40547500000000003
original,visible heuristic,baseline,baseline,core,task3_startup_week,103,False,0.4546
utility_only,visible heuristic,baseline,baseline,core,task3_startup_week,103,False,0.3896
balanced,visible heuristic,baseline,baseline,core,task3_startup_week,103,False,0.6512000000000001
adaptation_heavy,visible heuristic,baseline,baseline,core,task3_startup_week,103,False,0.6439333333333334
adaptation_light,visible heuristic,baseline,baseline,core,task3_startup_week,103,False,0.5930666666666667
no_coherence,visible heuristic,baseline,baseline,core,task3_startup_week,103,False,0.5204
original,visible heuristic,baseline,baseline,core,task6_incident_response_week,103,False,0.4332
utility_only,visible heuristic,baseline,baseline,core,task6_incident_response_week,103,False,0.343
balanced,visible heuristic,baseline,baseline,core,task6_incident_response_week,103,False,0.6221928571428572
adaptation_heavy,visible heuristic,baseline,baseline,core,task6_incident_response_week,103,False,0.613975
adaptation_light,visible heuristic,baseline,baseline,core,task6_incident_response_week,103,False,0.56015
no_coherence,visible heuristic,baseline,baseline,core,task6_incident_response_week,103,False,0.48378571428571426
original,visible heuristic,baseline,baseline,core,task7_quarterly_headcount_plan,103,False,0.4577
utility_only,visible heuristic,baseline,baseline,core,task7_quarterly_headcount_plan,103,False,0.4686
balanced,visible heuristic,baseline,baseline,core,task7_quarterly_headcount_plan,103,False,0.6963428571428572
adaptation_heavy,visible heuristic,baseline,baseline,core,task7_quarterly_headcount_plan,103,False,0.6900166666666667
adaptation_light,visible heuristic,baseline,baseline,core,task7_quarterly_headcount_plan,103,False,0.6457333333333334
no_coherence,visible heuristic,baseline,baseline,core,task7_quarterly_headcount_plan,103,False,0.5824714285714285
original,visible heuristic,baseline,baseline,core,task3_startup_week,104,True,0.3211
utility_only,visible heuristic,baseline,baseline,core,task3_startup_week,104,True,0.3276
balanced,visible heuristic,baseline,baseline,core,task3_startup_week,104,True,0.41046000000000005
adaptation_heavy,visible heuristic,baseline,baseline,core,task3_startup_week,104,True,0.34408
adaptation_light,visible heuristic,baseline,baseline,core,task3_startup_week,104,True,0.47597999999999996
no_coherence,visible heuristic,baseline,baseline,core,task3_startup_week,104,True,0.33018000000000003
original,visible heuristic,baseline,baseline,core,task6_incident_response_week,104,True,0.3082
utility_only,visible heuristic,baseline,baseline,core,task6_incident_response_week,104,True,0.3031
balanced,visible heuristic,baseline,baseline,core,task6_incident_response_week,104,True,0.410785
adaptation_heavy,visible heuristic,baseline,baseline,core,task6_incident_response_week,104,True,0.34563
adaptation_light,visible heuristic,baseline,baseline,core,task6_incident_response_week,104,True,0.47140499999999996
no_coherence,visible heuristic,baseline,baseline,core,task6_incident_response_week,104,True,0.316705
original,visible heuristic,baseline,baseline,core,task7_quarterly_headcount_plan,104,True,0.2924
utility_only,visible heuristic,baseline,baseline,core,task7_quarterly_headcount_plan,104,True,0.3615
balanced,visible heuristic,baseline,baseline,core,task7_quarterly_headcount_plan,104,True,0.4446
adaptation_heavy,visible heuristic,baseline,baseline,core,task7_quarterly_headcount_plan,104,True,0.376525
adaptation_light,visible heuristic,baseline,baseline,core,task7_quarterly_headcount_plan,104,True,0.5168999999999999
no_coherence,visible heuristic,baseline,baseline,core,task7_quarterly_headcount_plan,104,True,0.348825
original,visible heuristic,baseline,baseline,core,task3_startup_week,105,True,0.3286
utility_only,visible heuristic,baseline,baseline,core,task3_startup_week,105,True,0.3205
balanced,visible heuristic,baseline,baseline,core,task3_startup_week,105,True,0.42069999999999996
adaptation_heavy,visible heuristic,baseline,baseline,core,task3_startup_week,105,True,0.35467499999999996
adaptation_light,visible heuristic,baseline,baseline,core,task3_startup_week,105,True,0.4848
no_coherence,visible heuristic,baseline,baseline,core,task3_startup_week,105,True,0.326275
original,visible heuristic,baseline,baseline,core,task6_incident_response_week,105,True,0.2313
utility_only,visible heuristic,baseline,baseline,core,task6_incident_response_week,105,True,0.2993
balanced,visible heuristic,baseline,baseline,core,task6_incident_response_week,105,True,0.29607500000000003
adaptation_heavy,visible heuristic,baseline,baseline,core,task6_incident_response_week,105,True,0.26682500000000003
adaptation_light,visible heuristic,baseline,baseline,core,task6_incident_response_week,105,True,0.355935
no_coherence,visible heuristic,baseline,baseline,core,task6_incident_response_week,105,True,0.20747000000000002
original,visible heuristic,baseline,baseline,core,task7_quarterly_headcount_plan,105,True,0.2926
utility_only,visible heuristic,baseline,baseline,core,task7_quarterly_headcount_plan,105,True,0.3619
balanced,visible heuristic,baseline,baseline,core,task7_quarterly_headcount_plan,105,True,0.44476
adaptation_heavy,visible heuristic,baseline,baseline,core,task7_quarterly_headcount_plan,105,True,0.376665
adaptation_light,visible heuristic,baseline,baseline,core,task7_quarterly_headcount_plan,105,True,0.5171399999999999
no_coherence,visible heuristic,baseline,baseline,core,task7_quarterly_headcount_plan,105,True,0.34904500000000005
original,visible heuristic,baseline,baseline,core,task3_startup_week,106,True,0.3387
utility_only,visible heuristic,baseline,baseline,core,task3_startup_week,106,True,0.3761
balanced,visible heuristic,baseline,baseline,core,task3_startup_week,106,True,0.426335
adaptation_heavy,visible heuristic,baseline,baseline,core,task3_startup_week,106,True,0.35753
adaptation_light,visible heuristic,baseline,baseline,core,task3_startup_week,106,True,0.501555
no_coherence,visible heuristic,baseline,baseline,core,task3_startup_week,106,True,0.35685500000000003
original,visible heuristic,baseline,baseline,core,task6_incident_response_week,106,True,0.2478
utility_only,visible heuristic,baseline,baseline,core,task6_incident_response_week,106,True,0.3501
balanced,visible heuristic,baseline,baseline,core,task6_incident_response_week,106,True,0.31222500000000003
adaptation_heavy,visible heuristic,baseline,baseline,core,task6_incident_response_week,106,True,0.280435
adaptation_light,visible heuristic,baseline,baseline,core,task6_incident_response_week,106,True,0.382245
no_coherence,visible heuristic,baseline,baseline,core,task6_incident_response_week,106,True,0.23541000000000004
original,visible heuristic,baseline,baseline,core,task7_quarterly_headcount_plan,106,True,0.3344
utility_only,visible heuristic,baseline,baseline,core,task7_quarterly_headcount_plan,106,True,0.4365
balanced,visible heuristic,baseline,baseline,core,task7_quarterly_headcount_plan,106,True,0.4746
adaptation_heavy,visible heuristic,baseline,baseline,core,task7_quarterly_headcount_plan,106,True,0.402775
adaptation_light,visible heuristic,baseline,baseline,core,task7_quarterly_headcount_plan,106,True,0.5619
no_coherence,visible heuristic,baseline,baseline,core,task7_quarterly_headcount_plan,106,True,0.390075
original,visible heuristic,baseline,baseline,core,task3_startup_week,107,True,0.349
utility_only,visible heuristic,baseline,baseline,core,task3_startup_week,107,True,0.369
balanced,visible heuristic,baseline,baseline,core,task3_startup_week,107,True,0.4401
adaptation_heavy,visible heuristic,baseline,baseline,core,task3_startup_week,107,True,0.37165
adaptation_light,visible heuristic,baseline,baseline,core,task3_startup_week,107,True,0.5139
no_coherence,visible heuristic,baseline,baseline,core,task3_startup_week,107,True,0.35295
original,visible heuristic,baseline,baseline,core,task6_incident_response_week,107,True,0.2378
utility_only,visible heuristic,baseline,baseline,core,task6_incident_response_week,107,True,0.3164
balanced,visible heuristic,baseline,baseline,core,task6_incident_response_week,107,True,0.3029
adaptation_heavy,visible heuristic,baseline,baseline,core,task6_incident_response_week,107,True,0.272795
adaptation_light,visible heuristic,baseline,baseline,core,task6_incident_response_week,107,True,0.36618
no_coherence,visible heuristic,baseline,baseline,core,task6_incident_response_week,107,True,0.21687500000000004
original,visible heuristic,baseline,baseline,core,task7_quarterly_headcount_plan,107,True,0.3148
utility_only,visible heuristic,baseline,baseline,core,task7_quarterly_headcount_plan,107,True,0.4014
balanced,visible heuristic,baseline,baseline,core,task7_quarterly_headcount_plan,107,True,0.46055999999999997
adaptation_heavy,visible heuristic,baseline,baseline,core,task7_quarterly_headcount_plan,107,True,0.39049
adaptation_light,visible heuristic,baseline,baseline,core,task7_quarterly_headcount_plan,107,True,0.54084
no_coherence,visible heuristic,baseline,baseline,core,task7_quarterly_headcount_plan,107,True,0.37077
original,visible heuristic,baseline,baseline,core,task3_startup_week,108,True,0.3309
utility_only,visible heuristic,baseline,baseline,core,task3_startup_week,108,True,0.3116
balanced,visible heuristic,baseline,baseline,core,task3_startup_week,108,True,0.42464
adaptation_heavy,visible heuristic,baseline,baseline,core,task3_startup_week,108,True,0.35906
adaptation_light,visible heuristic,baseline,baseline,core,task3_startup_week,108,True,0.48695999999999995
no_coherence,visible heuristic,baseline,baseline,core,task3_startup_week,108,True,0.32138
original,visible heuristic,baseline,baseline,core,task6_incident_response_week,108,True,0.3034
utility_only,visible heuristic,baseline,baseline,core,task6_incident_response_week,108,True,0.2903
balanced,visible heuristic,baseline,baseline,core,task6_incident_response_week,108,True,0.405665
adaptation_heavy,visible heuristic,baseline,baseline,core,task6_incident_response_week,108,True,0.34115
adaptation_light,visible heuristic,baseline,baseline,core,task6_incident_response_week,108,True,0.463725
no_coherence,visible heuristic,baseline,baseline,core,task6_incident_response_week,108,True,0.30966499999999997
original,visible heuristic,baseline,baseline,core,task7_quarterly_headcount_plan,108,True,0.3006
utility_only,visible heuristic,baseline,baseline,core,task7_quarterly_headcount_plan,108,True,0.376
balanced,visible heuristic,baseline,baseline,core,task7_quarterly_headcount_plan,108,True,0.4504
adaptation_heavy,visible heuristic,baseline,baseline,core,task7_quarterly_headcount_plan,108,True,0.3816
adaptation_light,visible heuristic,baseline,baseline,core,task7_quarterly_headcount_plan,108,True,0.5256
no_coherence,visible heuristic,baseline,baseline,core,task7_quarterly_headcount_plan,108,True,0.3568
original,visible heuristic,baseline,baseline,core,task3_startup_week,109,True,0.3569
utility_only,visible heuristic,baseline,baseline,core,task3_startup_week,109,True,0.3735
balanced,visible heuristic,baseline,baseline,core,task3_startup_week,109,True,0.4494
adaptation_heavy,visible heuristic,baseline,baseline,core,task3_startup_week,109,True,0.380725
adaptation_light,visible heuristic,baseline,baseline,core,task3_startup_week,109,True,0.5241
no_coherence,visible heuristic,baseline,baseline,core,task3_startup_week,109,True,0.355425
original,visible heuristic,baseline,baseline,core,task6_incident_response_week,109,True,0.3226
utility_only,visible heuristic,baseline,baseline,core,task6_incident_response_week,109,True,0.3262
balanced,visible heuristic,baseline,baseline,core,task6_incident_response_week,109,True,0.428485
adaptation_heavy,visible heuristic,baseline,baseline,core,task6_incident_response_week,109,True,0.362175
adaptation_light,visible heuristic,baseline,baseline,core,task6_incident_response_week,109,True,0.49372499999999997
no_coherence,visible heuristic,baseline,baseline,core,task6_incident_response_week,109,True,0.32941
original,visible heuristic,baseline,baseline,core,task7_quarterly_headcount_plan,109,True,0.3165
utility_only,visible heuristic,baseline,baseline,core,task7_quarterly_headcount_plan,109,True,0.4045
balanced,visible heuristic,baseline,baseline,core,task7_quarterly_headcount_plan,109,True,0.4618
adaptation_heavy,visible heuristic,baseline,baseline,core,task7_quarterly_headcount_plan,109,True,0.391575
adaptation_light,visible heuristic,baseline,baseline,core,task7_quarterly_headcount_plan,109,True,0.5427
no_coherence,visible heuristic,baseline,baseline,core,task7_quarterly_headcount_plan,109,True,0.372475
original,visible heuristic,baseline,baseline,core,task3_startup_week,110,True,0.335
utility_only,visible heuristic,baseline,baseline,core,task3_startup_week,110,True,0.3674
balanced,visible heuristic,baseline,baseline,core,task3_startup_week,110,True,0.422855
adaptation_heavy,visible heuristic,baseline,baseline,core,task3_startup_week,110,True,0.354485
adaptation_light,visible heuristic,baseline,baseline,core,task3_startup_week,110,True,0.49633499999999997
no_coherence,visible heuristic,baseline,baseline,core,task3_startup_week,110,True,0.35207
original,visible heuristic,baseline,baseline,core,task6_incident_response_week,110,True,0.245
utility_only,visible heuristic,baseline,baseline,core,task6_incident_response_week,110,True,0.3489
balanced,visible heuristic,baseline,baseline,core,task6_incident_response_week,110,True,0.30824999999999997
adaptation_heavy,visible heuristic,baseline,baseline,core,task6_incident_response_week,110,True,0.27652
adaptation_light,visible heuristic,baseline,baseline,core,task6_incident_response_week,110,True,0.37803
no_coherence,visible heuristic,baseline,baseline,core,task6_incident_response_week,110,True,0.23475000000000001
original,visible heuristic,baseline,baseline,core,task7_quarterly_headcount_plan,110,True,0.3545
utility_only,visible heuristic,baseline,baseline,core,task7_quarterly_headcount_plan,110,True,0.4723
balanced,visible heuristic,baseline,baseline,core,task7_quarterly_headcount_plan,110,True,0.48892
adaptation_heavy,visible heuristic,baseline,baseline,core,task7_quarterly_headcount_plan,110,True,0.415305
adaptation_light,visible heuristic,baseline,baseline,core,task7_quarterly_headcount_plan,110,True,0.58338
no_coherence,visible heuristic,baseline,baseline,core,task7_quarterly_headcount_plan,110,True,0.40976500000000005
original,visible heuristic,baseline,baseline,core,task3_startup_week,111,False,0.4257
utility_only,visible heuristic,baseline,baseline,core,task3_startup_week,111,False,0.3807
balanced,visible heuristic,baseline,baseline,core,task3_startup_week,111,False,0.6116357142857143
adaptation_heavy,visible heuristic,baseline,baseline,core,task3_startup_week,111,False,0.5985166666666666
adaptation_light,visible heuristic,baseline,baseline,core,task3_startup_week,111,False,0.5603166666666667
no_coherence,visible heuristic,baseline,baseline,core,task3_startup_week,111,False,0.5134071428571428
original,visible heuristic,baseline,baseline,core,task6_incident_response_week,111,False,0.412
utility_only,visible heuristic,baseline,baseline,core,task6_incident_response_week,111,False,0.34
balanced,visible heuristic,baseline,baseline,core,task6_incident_response_week,111,False,0.5884428571428572
adaptation_heavy,visible heuristic,baseline,baseline,core,task6_incident_response_week,111,False,0.57485
adaptation_light,visible heuristic,baseline,baseline,core,task6_incident_response_week,111,False,0.5332333333333333
no_coherence,visible heuristic,baseline,baseline,core,task6_incident_response_week,111,False,0.48142857142857143
original,visible heuristic,baseline,baseline,core,task7_quarterly_headcount_plan,111,False,0.4321
utility_only,visible heuristic,baseline,baseline,core,task7_quarterly_headcount_plan,111,False,0.4334
balanced,visible heuristic,baseline,baseline,core,task7_quarterly_headcount_plan,111,False,0.6762285714285715
adaptation_heavy,visible heuristic,baseline,baseline,core,task7_quarterly_headcount_plan,111,False,0.6694833333333333
adaptation_light,visible heuristic,baseline,baseline,core,task7_quarterly_headcount_plan,111,False,0.6222666666666667
no_coherence,visible heuristic,baseline,baseline,core,task7_quarterly_headcount_plan,111,False,0.5548142857142857
original,visible heuristic,baseline,baseline,core,task3_startup_week,112,True,0.3521
utility_only,visible heuristic,baseline,baseline,core,task3_startup_week,112,True,0.3764
balanced,visible heuristic,baseline,baseline,core,task3_startup_week,112,True,0.44306
adaptation_heavy,visible heuristic,baseline,baseline,core,task3_startup_week,112,True,0.37424
adaptation_light,visible heuristic,baseline,baseline,core,task3_startup_week,112,True,0.51834
no_coherence,visible heuristic,baseline,baseline,core,task3_startup_week,112,True,0.35702
original,visible heuristic,baseline,baseline,core,task6_incident_response_week,112,True,0.2453
utility_only,visible heuristic,baseline,baseline,core,task6_incident_response_week,112,True,0.3433
balanced,visible heuristic,baseline,baseline,core,task6_incident_response_week,112,True,0.309505
adaptation_heavy,visible heuristic,baseline,baseline,core,task6_incident_response_week,112,True,0.278055
adaptation_light,visible heuristic,baseline,baseline,core,task6_incident_response_week,112,True,0.378165
no_coherence,visible heuristic,baseline,baseline,core,task6_incident_response_week,112,True,0.23167000000000001
original,visible heuristic,baseline,baseline,core,task7_quarterly_headcount_plan,112,True,0.3527
utility_only,visible heuristic,baseline,baseline,core,task7_quarterly_headcount_plan,112,True,0.469
balanced,visible heuristic,baseline,baseline,core,task7_quarterly_headcount_plan,112,True,0.4876
adaptation_heavy,visible heuristic,baseline,baseline,core,task7_quarterly_headcount_plan,112,True,0.41415
adaptation_light,visible heuristic,baseline,baseline,core,task7_quarterly_headcount_plan,112,True,0.5813999999999999
no_coherence,visible heuristic,baseline,baseline,core,task7_quarterly_headcount_plan,112,True,0.40795000000000003
original,visible heuristic,baseline,baseline,core,task3_startup_week,113,True,0.3569
utility_only,visible heuristic,baseline,baseline,core,task3_startup_week,113,True,0.3737
balanced,visible heuristic,baseline,baseline,core,task3_startup_week,113,True,0.44948
adaptation_heavy,visible heuristic,baseline,baseline,core,task3_startup_week,113,True,0.380795
adaptation_light,visible heuristic,baseline,baseline,core,task3_startup_week,113,True,0.5242199999999999
no_coherence,visible heuristic,baseline,baseline,core,task3_startup_week,113,True,0.355535
original,visible heuristic,baseline,baseline,core,task6_incident_response_week,113,True,0.2372
utility_only,visible heuristic,baseline,baseline,core,task6_incident_response_week,113,True,0.3149
balanced,visible heuristic,baseline,baseline,core,task6_incident_response_week,113,True,0.302315
adaptation_heavy,visible heuristic,baseline,baseline,core,task6_incident_response_week,113,True,0.272285
adaptation_light,visible heuristic,baseline,baseline,core,task6_incident_response_week,113,True,0.365295
no_coherence,visible heuristic,baseline,baseline,core,task6_incident_response_week,113,True,0.21605000000000002
original,visible heuristic,baseline,baseline,core,task7_quarterly_headcount_plan,113,True,0.3159
utility_only,visible heuristic,baseline,baseline,core,task7_quarterly_headcount_plan,113,True,0.4034
balanced,visible heuristic,baseline,baseline,core,task7_quarterly_headcount_plan,113,True,0.46136
adaptation_heavy,visible heuristic,baseline,baseline,core,task7_quarterly_headcount_plan,113,True,0.39119
adaptation_light,visible heuristic,baseline,baseline,core,task7_quarterly_headcount_plan,113,True,0.54204
no_coherence,visible heuristic,baseline,baseline,core,task7_quarterly_headcount_plan,113,True,0.37187000000000003
original,visible heuristic,baseline,baseline,core,task3_startup_week,114,False,0.4442
utility_only,visible heuristic,baseline,baseline,core,task3_startup_week,114,False,0.3699
balanced,visible heuristic,baseline,baseline,core,task3_startup_week,114,False,0.6399428571428573
adaptation_heavy,visible heuristic,baseline,baseline,core,task3_startup_week,114,False,0.6324416666666667
adaptation_light,visible heuristic,baseline,baseline,core,task3_startup_week,114,False,0.5799333333333333
no_coherence,visible heuristic,baseline,baseline,core,task3_startup_week,114,False,0.5049214285714285
original,visible heuristic,baseline,baseline,core,task6_incident_response_week,114,False,0.4215
utility_only,visible heuristic,baseline,baseline,core,task6_incident_response_week,114,False,0.332
balanced,visible heuristic,baseline,baseline,core,task6_incident_response_week,114,False,0.6058357142857143
adaptation_heavy,visible heuristic,baseline,baseline,core,task6_incident_response_week,114,False,0.5958083333333334
adaptation_light,visible heuristic,baseline,baseline,core,task6_incident_response_week,114,False,0.5449833333333334
no_coherence,visible heuristic,baseline,baseline,core,task6_incident_response_week,114,False,0.4751428571428571
original,visible heuristic,baseline,baseline,core,task7_quarterly_headcount_plan,114,False,0.4155
utility_only,visible heuristic,baseline,baseline,core,task7_quarterly_headcount_plan,114,False,0.4106
balanced,visible heuristic,baseline,baseline,core,task7_quarterly_headcount_plan,114,False,0.6632
adaptation_heavy,visible heuristic,baseline,baseline,core,task7_quarterly_headcount_plan,114,False,0.6561833333333333
adaptation_light,visible heuristic,baseline,baseline,core,task7_quarterly_headcount_plan,114,False,0.6070666666666666
no_coherence,visible heuristic,baseline,baseline,core,task7_quarterly_headcount_plan,114,False,0.5368999999999999
original,visible heuristic,baseline,baseline,core,task3_startup_week,115,False,0.4526
utility_only,visible heuristic,baseline,baseline,core,task3_startup_week,115,False,0.3999
balanced,visible heuristic,baseline,baseline,core,task3_startup_week,115,False,0.6466285714285714
adaptation_heavy,visible heuristic,baseline,baseline,core,task3_startup_week,115,False,0.6377416666666668
adaptation_light,visible heuristic,baseline,baseline,core,task3_startup_week,115,False,0.5918
no_coherence,visible heuristic,baseline,baseline,core,task3_startup_week,115,False,0.5284928571428571
original,visible heuristic,baseline,baseline,core,task6_incident_response_week,115,False,0.3351
utility_only,visible heuristic,baseline,baseline,core,task6_incident_response_week,115,False,0.3559
balanced,visible heuristic,baseline,baseline,core,task6_incident_response_week,115,False,0.45925000000000005
adaptation_heavy,visible heuristic,baseline,baseline,core,task6_incident_response_week,115,False,0.48232500000000006
adaptation_light,visible heuristic,baseline,baseline,core,task6_incident_response_week,115,False,0.43628333333333336
no_coherence,visible heuristic,baseline,baseline,core,task6_incident_response_week,115,False,0.34085714285714286
original,visible heuristic,baseline,baseline,core,task7_quarterly_headcount_plan,115,False,0.4662
utility_only,visible heuristic,baseline,baseline,core,task7_quarterly_headcount_plan,115,False,0.4803
balanced,visible heuristic,baseline,baseline,core,task7_quarterly_headcount_plan,115,False,0.7030285714285714
adaptation_heavy,visible heuristic,baseline,baseline,core,task7_quarterly_headcount_plan,115,False,0.6968416666666667
adaptation_light,visible heuristic,baseline,baseline,core,task7_quarterly_headcount_plan,115,False,0.6535333333333333
no_coherence,visible heuristic,baseline,baseline,core,task7_quarterly_headcount_plan,115,False,0.5916642857142856
original,visible heuristic,baseline,baseline,core,task3_startup_week,116,True,0.2934
utility_only,visible heuristic,baseline,baseline,core,task3_startup_week,116,True,0.4051
balanced,visible heuristic,baseline,baseline,core,task3_startup_week,116,True,0.326125
adaptation_heavy,visible heuristic,baseline,baseline,core,task3_startup_week,116,True,0.29587
adaptation_light,visible heuristic,baseline,baseline,core,task3_startup_week,116,True,0.407145
no_coherence,visible heuristic,baseline,baseline,core,task3_startup_week,116,True,0.25280500000000006
original,visible heuristic,baseline,baseline,core,task6_incident_response_week,116,True,0.259
utility_only,visible heuristic,baseline,baseline,core,task6_incident_response_week,116,True,0.3723
balanced,visible heuristic,baseline,baseline,core,task6_incident_response_week,116,True,0.32527500000000004
adaptation_heavy,visible heuristic,baseline,baseline,core,task6_incident_response_week,116,True,0.292375
adaptation_light,visible heuristic,baseline,baseline,core,task6_incident_response_week,116,True,0.399735
no_coherence,visible heuristic,baseline,baseline,core,task6_incident_response_week,116,True,0.24762000000000003
original,visible heuristic,baseline,baseline,core,task7_quarterly_headcount_plan,116,True,0.3741
utility_only,visible heuristic,baseline,baseline,core,task7_quarterly_headcount_plan,116,True,0.5072
balanced,visible heuristic,baseline,baseline,core,task7_quarterly_headcount_plan,116,True,0.50288
adaptation_heavy,visible heuristic,baseline,baseline,core,task7_quarterly_headcount_plan,116,True,0.42752
adaptation_light,visible heuristic,baseline,baseline,core,task7_quarterly_headcount_plan,116,True,0.60432
no_coherence,visible heuristic,baseline,baseline,core,task7_quarterly_headcount_plan,116,True,0.42896
original,visible heuristic,baseline,baseline,core,task3_startup_week,117,True,0.3263
utility_only,visible heuristic,baseline,baseline,core,task3_startup_week,117,True,0.3008
balanced,visible heuristic,baseline,baseline,core,task3_startup_week,117,True,0.42032
adaptation_heavy,visible heuristic,baseline,baseline,core,task3_startup_week,117,True,0.35528
adaptation_light,visible heuristic,baseline,baseline,core,task3_startup_week,117,True,0.48048
no_coherence,visible heuristic,baseline,baseline,core,task3_startup_week,117,True,0.31544000000000005
original,visible heuristic,baseline,baseline,core,task6_incident_response_week,117,True,0.5245
utility_only,visible heuristic,baseline,baseline,core,task6_incident_response_week,117,True,0.2901
balanced,visible heuristic,baseline,baseline,core,task6_incident_response_week,117,True,0.67917
adaptation_heavy,visible heuristic,baseline,baseline,core,task6_incident_response_week,117,True,0.7117150000000001
adaptation_light,visible heuristic,baseline,baseline,core,task6_incident_response_week,117,True,0.5430900000000001
no_coherence,visible heuristic,baseline,baseline,core,task6_incident_response_week,117,True,0.600705
original,visible heuristic,baseline,baseline,core,task7_quarterly_headcount_plan,117,True,0.2767
utility_only,visible heuristic,baseline,baseline,core,task7_quarterly_headcount_plan,117,True,0.3334
balanced,visible heuristic,baseline,baseline,core,task7_quarterly_headcount_plan,117,True,0.43335999999999997
adaptation_heavy,visible heuristic,baseline,baseline,core,task7_quarterly_headcount_plan,117,True,0.36668999999999996
adaptation_light,visible heuristic,baseline,baseline,core,task7_quarterly_headcount_plan,117,True,0.5000399999999999
no_coherence,visible heuristic,baseline,baseline,core,task7_quarterly_headcount_plan,117,True,0.33337
original,visible heuristic,baseline,baseline,core,task3_startup_week,118,True,0.3311
utility_only,visible heuristic,baseline,baseline,core,task3_startup_week,118,True,0.3189
balanced,visible heuristic,baseline,baseline,core,task3_startup_week,118,True,0.423975
adaptation_heavy,visible heuristic,baseline,baseline,core,task3_startup_week,118,True,0.35802999999999996
adaptation_light,visible heuristic,baseline,baseline,core,task3_startup_week,118,True,0.487755
no_coherence,visible heuristic,baseline,baseline,core,task3_startup_week,118,True,0.325395
original,visible heuristic,baseline,baseline,core,task6_incident_response_week,118,True,0.2981
utility_only,visible heuristic,baseline,baseline,core,task6_incident_response_week,118,True,0.2893
balanced,visible heuristic,baseline,baseline,core,task6_incident_response_week,118,True,0.397975
adaptation_heavy,visible heuristic,baseline,baseline,core,task6_incident_response_week,118,True,0.33351000000000003
adaptation_light,visible heuristic,baseline,baseline,core,task6_incident_response_week,118,True,0.455835
no_coherence,visible heuristic,baseline,baseline,core,task6_incident_response_week,118,True,0.30911500000000003
original,visible heuristic,baseline,baseline,core,task7_quarterly_headcount_plan,118,True,0.3083
utility_only,visible heuristic,baseline,baseline,core,task7_quarterly_headcount_plan,118,True,0.3899
balanced,visible heuristic,baseline,baseline,core,task7_quarterly_headcount_plan,118,True,0.45596000000000003
adaptation_heavy,visible heuristic,baseline,baseline,core,task7_quarterly_headcount_plan,118,True,0.386465
adaptation_light,visible heuristic,baseline,baseline,core,task7_quarterly_headcount_plan,118,True,0.53394
no_coherence,visible heuristic,baseline,baseline,core,task7_quarterly_headcount_plan,118,True,0.364445
original,visible heuristic,baseline,baseline,core,task3_startup_week,119,False,0.4522
utility_only,visible heuristic,baseline,baseline,core,task3_startup_week,119,False,0.4092
balanced,visible heuristic,baseline,baseline,core,task3_startup_week,119,False,0.6444000000000001
adaptation_heavy,visible heuristic,baseline,baseline,core,task3_startup_week,119,False,0.6343666666666666
adaptation_light,visible heuristic,baseline,baseline,core,task3_startup_week,119,False,0.5921333333333333
no_coherence,visible heuristic,baseline,baseline,core,task3_startup_week,119,False,0.5357999999999999
original,visible heuristic,baseline,baseline,core,task6_incident_response_week,119,False,0.3366
utility_only,visible heuristic,baseline,baseline,core,task6_incident_response_week,119,False,0.359
balanced,visible heuristic,baseline,baseline,core,task6_incident_response_week,119,False,0.461
adaptation_heavy,visible heuristic,baseline,baseline,core,task6_incident_response_week,119,False,0.4841083333333333
adaptation_light,visible heuristic,baseline,baseline,core,task6_incident_response_week,119,False,0.43833333333333335
no_coherence,visible heuristic,baseline,baseline,core,task6_incident_response_week,119,False,0.3432928571428571
original,visible heuristic,baseline,baseline,core,task7_quarterly_headcount_plan,119,False,0.4567
utility_only,visible heuristic,baseline,baseline,core,task7_quarterly_headcount_plan,119,False,0.4673
balanced,visible heuristic,baseline,baseline,core,task7_quarterly_headcount_plan,119,False,0.6956000000000001
adaptation_heavy,visible heuristic,baseline,baseline,core,task7_quarterly_headcount_plan,119,False,0.6892583333333334
adaptation_light,visible heuristic,baseline,baseline,core,task7_quarterly_headcount_plan,119,False,0.6448666666666666
no_coherence,visible heuristic,baseline,baseline,core,task7_quarterly_headcount_plan,119,False,0.58145
original,visible heuristic,baseline,baseline,heldout,task3_startup_week,100,True,0.3572
utility_only,visible heuristic,baseline,baseline,heldout,task3_startup_week,100,True,0.3742
balanced,visible heuristic,baseline,baseline,heldout,task3_startup_week,100,True,0.44967999999999997
adaptation_heavy,visible heuristic,baseline,baseline,heldout,task3_startup_week,100,True,0.38097
adaptation_light,visible heuristic,baseline,baseline,heldout,task3_startup_week,100,True,0.52452
no_coherence,visible heuristic,baseline,baseline,heldout,task3_startup_week,100,True,0.35580999999999996
original,visible heuristic,baseline,baseline,heldout,task6_incident_response_week,100,True,0.3246
utility_only,visible heuristic,baseline,baseline,heldout,task6_incident_response_week,100,True,0.3391
balanced,visible heuristic,baseline,baseline,heldout,task6_incident_response_week,100,True,0.42922000000000005
adaptation_heavy,visible heuristic,baseline,baseline,heldout,task6_incident_response_week,100,True,0.362265
adaptation_light,visible heuristic,baseline,baseline,heldout,task6_incident_response_week,100,True,0.49704000000000004
no_coherence,visible heuristic,baseline,baseline,heldout,task6_incident_response_week,100,True,0.33650500000000005
original,visible heuristic,baseline,baseline,heldout,task7_quarterly_headcount_plan,100,True,0.3307
utility_only,visible heuristic,baseline,baseline,heldout,task7_quarterly_headcount_plan,100,True,0.4299
balanced,visible heuristic,baseline,baseline,heldout,task7_quarterly_headcount_plan,100,True,0.47196
adaptation_heavy,visible heuristic,baseline,baseline,heldout,task7_quarterly_headcount_plan,100,True,0.40046499999999996
adaptation_light,visible heuristic,baseline,baseline,heldout,task7_quarterly_headcount_plan,100,True,0.55794
no_coherence,visible heuristic,baseline,baseline,heldout,task7_quarterly_headcount_plan,100,True,0.38644500000000004
original,visible heuristic,baseline,baseline,heldout,task3_startup_week,101,True,0.3587
utility_only,visible heuristic,baseline,baseline,heldout,task3_startup_week,101,True,0.3778
balanced,visible heuristic,baseline,baseline,heldout,task3_startup_week,101,True,0.45112
adaptation_heavy,visible heuristic,baseline,baseline,heldout,task3_startup_week,101,True,0.38222999999999996
adaptation_light,visible heuristic,baseline,baseline,heldout,task3_startup_week,101,True,0.52668
no_coherence,visible heuristic,baseline,baseline,heldout,task3_startup_week,101,True,0.35779000000000005
original,visible heuristic,baseline,baseline,heldout,task6_incident_response_week,101,True,0.3227
utility_only,visible heuristic,baseline,baseline,heldout,task6_incident_response_week,101,True,0.3414
balanced,visible heuristic,baseline,baseline,heldout,task6_incident_response_week,101,True,0.42610499999999996
adaptation_heavy,visible heuristic,baseline,baseline,heldout,task6_incident_response_week,101,True,0.359035
adaptation_light,visible heuristic,baseline,baseline,heldout,task6_incident_response_week,101,True,0.49438499999999996
no_coherence,visible heuristic,baseline,baseline,heldout,task6_incident_response_week,101,True,0.33777
original,visible heuristic,baseline,baseline,heldout,task7_quarterly_headcount_plan,101,True,0.3225
utility_only,visible heuristic,baseline,baseline,heldout,task7_quarterly_headcount_plan,101,True,0.4152
balanced,visible heuristic,baseline,baseline,heldout,task7_quarterly_headcount_plan,101,True,0.46608
adaptation_heavy,visible heuristic,baseline,baseline,heldout,task7_quarterly_headcount_plan,101,True,0.39532
adaptation_light,visible heuristic,baseline,baseline,heldout,task7_quarterly_headcount_plan,101,True,0.54912
no_coherence,visible heuristic,baseline,baseline,heldout,task7_quarterly_headcount_plan,101,True,0.37836000000000003
original,visible heuristic,baseline,baseline,heldout,task3_startup_week,102,True,0.5323
utility_only,visible heuristic,baseline,baseline,heldout,task3_startup_week,102,True,0.395
balanced,visible heuristic,baseline,baseline,heldout,task3_startup_week,102,True,0.7120550000000001
adaptation_heavy,visible heuristic,baseline,baseline,heldout,task3_startup_week,102,True,0.734415
adaptation_light,visible heuristic,baseline,baseline,heldout,task3_startup_week,102,True,0.606835
no_coherence,visible heuristic,baseline,baseline,heldout,task3_startup_week,102,True,0.64358
original,visible heuristic,baseline,baseline,heldout,task6_incident_response_week,102,True,0.3263
utility_only,visible heuristic,baseline,baseline,heldout,task6_incident_response_week,102,True,0.3553
balanced,visible heuristic,baseline,baseline,heldout,task6_incident_response_week,102,True,0.4291
adaptation_heavy,visible heuristic,baseline,baseline,heldout,task6_incident_response_week,102,True,0.36133499999999996
adaptation_light,visible heuristic,baseline,baseline,heldout,task6_incident_response_week,102,True,0.5001599999999999
no_coherence,visible heuristic,baseline,baseline,heldout,task6_incident_response_week,102,True,0.345415
original,visible heuristic,baseline,baseline,heldout,task7_quarterly_headcount_plan,102,True,0.3493
utility_only,visible heuristic,baseline,baseline,heldout,task7_quarterly_headcount_plan,102,True,0.463
balanced,visible heuristic,baseline,baseline,heldout,task7_quarterly_headcount_plan,102,True,0.4852
adaptation_heavy,visible heuristic,baseline,baseline,heldout,task7_quarterly_headcount_plan,102,True,0.41205
adaptation_light,visible heuristic,baseline,baseline,heldout,task7_quarterly_headcount_plan,102,True,0.5778
no_coherence,visible heuristic,baseline,baseline,heldout,task7_quarterly_headcount_plan,102,True,0.40465000000000007
original,visible heuristic,baseline,baseline,heldout,task3_startup_week,103,False,0.4502
utility_only,visible heuristic,baseline,baseline,heldout,task3_startup_week,103,False,0.394
balanced,visible heuristic,baseline,baseline,heldout,task3_startup_week,103,False,0.6442000000000001
adaptation_heavy,visible heuristic,baseline,baseline,heldout,task3_startup_week,103,False,0.6354000000000001
adaptation_light,visible heuristic,baseline,baseline,heldout,task3_startup_week,103,False,0.5886
no_coherence,visible heuristic,baseline,baseline,heldout,task3_startup_week,103,False,0.5238571428571428
original,visible heuristic,baseline,baseline,heldout,task6_incident_response_week,103,False,0.4306
utility_only,visible heuristic,baseline,baseline,heldout,task6_incident_response_week,103,False,0.3525
balanced,visible heuristic,baseline,baseline,heldout,task6_incident_response_week,103,False,0.6157071428571429
adaptation_heavy,visible heuristic,baseline,baseline,heldout,task6_incident_response_week,103,False,0.6056166666666667
adaptation_light,visible heuristic,baseline,baseline,heldout,task6_incident_response_week,103,False,0.5572166666666667
no_coherence,visible heuristic,baseline,baseline,heldout,task6_incident_response_week,103,False,0.4912499999999999
original,visible heuristic,baseline,baseline,heldout,task7_quarterly_headcount_plan,103,False,0.4557
utility_only,visible heuristic,baseline,baseline,heldout,task7_quarterly_headcount_plan,103,False,0.4659
balanced,visible heuristic,baseline,baseline,heldout,task7_quarterly_headcount_plan,103,False,0.6948000000000001
adaptation_heavy,visible heuristic,baseline,baseline,heldout,task7_quarterly_headcount_plan,103,False,0.6884416666666667
adaptation_light,visible heuristic,baseline,baseline,heldout,task7_quarterly_headcount_plan,103,False,0.6439333333333334
no_coherence,visible heuristic,baseline,baseline,heldout,task7_quarterly_headcount_plan,103,False,0.5803499999999999
original,visible heuristic,baseline,baseline,heldout,task3_startup_week,104,True,0.3358
utility_only,visible heuristic,baseline,baseline,heldout,task3_startup_week,104,True,0.3232
balanced,visible heuristic,baseline,baseline,heldout,task3_startup_week,104,True,0.42928
adaptation_heavy,visible heuristic,baseline,baseline,heldout,task3_startup_week,104,True,0.36312
adaptation_light,visible heuristic,baseline,baseline,heldout,task3_startup_week,104,True,0.49391999999999997
no_coherence,visible heuristic,baseline,baseline,heldout,task3_startup_week,104,True,0.32776
original,visible heuristic,baseline,baseline,heldout,task6_incident_response_week,104,True,0.3113
utility_only,visible heuristic,baseline,baseline,heldout,task6_incident_response_week,104,True,0.2952
balanced,visible heuristic,baseline,baseline,heldout,task6_incident_response_week,104,True,0.41676
adaptation_heavy,visible heuristic,baseline,baseline,heldout,task6_incident_response_week,104,True,0.352
adaptation_light,visible heuristic,baseline,baseline,heldout,task6_incident_response_week,104,True,0.4758
no_coherence,visible heuristic,baseline,baseline,heldout,task6_incident_response_week,104,True,0.31236
original,visible heuristic,baseline,baseline,heldout,task7_quarterly_headcount_plan,104,True,0.3085
utility_only,visible heuristic,baseline,baseline,heldout,task7_quarterly_headcount_plan,104,True,0.3902
balanced,visible heuristic,baseline,baseline,heldout,task7_quarterly_headcount_plan,104,True,0.45608
adaptation_heavy,visible heuristic,baseline,baseline,heldout,task7_quarterly_headcount_plan,104,True,0.38656999999999997
adaptation_light,visible heuristic,baseline,baseline,heldout,task7_quarterly_headcount_plan,104,True,0.5341199999999999
no_coherence,visible heuristic,baseline,baseline,heldout,task7_quarterly_headcount_plan,104,True,0.36461
original,visible heuristic,baseline,baseline,heldout,task3_startup_week,105,True,0.3271
utility_only,visible heuristic,baseline,baseline,heldout,task3_startup_week,105,True,0.3169
balanced,visible heuristic,baseline,baseline,heldout,task3_startup_week,105,True,0.41925999999999997
adaptation_heavy,visible heuristic,baseline,baseline,heldout,task3_startup_week,105,True,0.353415
adaptation_light,visible heuristic,baseline,baseline,heldout,task3_startup_week,105,True,0.48263999999999996
no_coherence,visible heuristic,baseline,baseline,heldout,task3_startup_week,105,True,0.324295
original,visible heuristic,baseline,baseline,heldout,task6_incident_response_week,105,True,0.3098
utility_only,visible heuristic,baseline,baseline,heldout,task6_incident_response_week,105,True,0.2999
balanced,visible heuristic,baseline,baseline,heldout,task6_incident_response_week,105,True,0.41373499999999996
adaptation_heavy,visible heuristic,baseline,baseline,heldout,task6_incident_response_week,105,True,0.34874
adaptation_light,visible heuristic,baseline,baseline,heldout,task6_incident_response_week,105,True,0.473715
no_coherence,visible heuristic,baseline,baseline,heldout,task6_incident_response_week,105,True,0.31494500000000003
original,visible heuristic,baseline,baseline,heldout,task7_quarterly_headcount_plan,105,True,0.2928
utility_only,visible heuristic,baseline,baseline,heldout,task7_quarterly_headcount_plan,105,True,0.3622
balanced,visible heuristic,baseline,baseline,heldout,task7_quarterly_headcount_plan,105,True,0.44488
adaptation_heavy,visible heuristic,baseline,baseline,heldout,task7_quarterly_headcount_plan,105,True,0.37677
adaptation_light,visible heuristic,baseline,baseline,heldout,task7_quarterly_headcount_plan,105,True,0.51732
no_coherence,visible heuristic,baseline,baseline,heldout,task7_quarterly_headcount_plan,105,True,0.34921
original,visible heuristic,baseline,baseline,heldout,task3_startup_week,106,True,0.3436
utility_only,visible heuristic,baseline,baseline,heldout,task3_startup_week,106,True,0.3987
balanced,visible heuristic,baseline,baseline,heldout,task3_startup_week,106,True,0.42969
adaptation_heavy,visible heuristic,baseline,baseline,heldout,task3_startup_week,106,True,0.359755
adaptation_light,visible heuristic,baseline,baseline,heldout,task3_startup_week,106,True,0.5094299999999999
no_coherence,visible heuristic,baseline,baseline,heldout,task3_startup_week,106,True,0.369285
original,visible heuristic,baseline,baseline,heldout,task6_incident_response_week,106,True,0.3164
utility_only,visible heuristic,baseline,baseline,heldout,task6_incident_response_week,106,True,0.3617
balanced,visible heuristic,baseline,baseline,heldout,task6_incident_response_week,106,True,0.41307499999999997
adaptation_heavy,visible heuristic,baseline,baseline,heldout,task6_incident_response_week,106,True,0.34499
adaptation_light,visible heuristic,baseline,baseline,heldout,task6_incident_response_week,106,True,0.48541500000000004
no_coherence,visible heuristic,baseline,baseline,heldout,task6_incident_response_week,106,True,0.348935
original,visible heuristic,baseline,baseline,heldout,task7_quarterly_headcount_plan,106,True,0.3347
utility_only,visible heuristic,baseline,baseline,heldout,task7_quarterly_headcount_plan,106,True,0.437
balanced,visible heuristic,baseline,baseline,heldout,task7_quarterly_headcount_plan,106,True,0.4748
adaptation_heavy,visible heuristic,baseline,baseline,heldout,task7_quarterly_headcount_plan,106,True,0.40295000000000003
adaptation_light,visible heuristic,baseline,baseline,heldout,task7_quarterly_headcount_plan,106,True,0.5622
no_coherence,visible heuristic,baseline,baseline,heldout,task7_quarterly_headcount_plan,106,True,0.39035
original,visible heuristic,baseline,baseline,heldout,task3_startup_week,107,True,0.3567
utility_only,visible heuristic,baseline,baseline,heldout,task3_startup_week,107,True,0.3886
balanced,visible heuristic,baseline,baseline,heldout,task3_startup_week,107,True,0.44731
adaptation_heavy,visible heuristic,baseline,baseline,heldout,task3_startup_week,107,True,0.37788
adaptation_light,visible heuristic,baseline,baseline,heldout,task3_startup_week,107,True,0.52503
no_coherence,visible heuristic,baseline,baseline,heldout,task3_startup_week,107,True,0.36373
original,visible heuristic,baseline,baseline,heldout,task6_incident_response_week,107,True,0.2942
utility_only,visible heuristic,baseline,baseline,heldout,task6_incident_response_week,107,True,0.3356
balanced,visible heuristic,baseline,baseline,heldout,task6_incident_response_week,107,True,0.384275
adaptation_heavy,visible heuristic,baseline,baseline,heldout,task6_incident_response_week,107,True,0.31749499999999997
adaptation_light,visible heuristic,baseline,baseline,heldout,task6_incident_response_week,107,True,0.451395
no_coherence,visible heuristic,baseline,baseline,heldout,task6_incident_response_week,107,True,0.33458
original,visible heuristic,baseline,baseline,heldout,task7_quarterly_headcount_plan,107,True,0.3159
utility_only,visible heuristic,baseline,baseline,heldout,task7_quarterly_headcount_plan,107,True,0.4034
balanced,visible heuristic,baseline,baseline,heldout,task7_quarterly_headcount_plan,107,True,0.46136
adaptation_heavy,visible heuristic,baseline,baseline,heldout,task7_quarterly_headcount_plan,107,True,0.39119
adaptation_light,visible heuristic,baseline,baseline,heldout,task7_quarterly_headcount_plan,107,True,0.54204
no_coherence,visible heuristic,baseline,baseline,heldout,task7_quarterly_headcount_plan,107,True,0.37187000000000003
original,visible heuristic,baseline,baseline,heldout,task3_startup_week,108,True,0.4999
utility_only,visible heuristic,baseline,baseline,heldout,task3_startup_week,108,True,0.3192
balanced,visible heuristic,baseline,baseline,heldout,task3_startup_week,108,True,0.68241
adaptation_heavy,visible heuristic,baseline,baseline,heldout,task3_startup_week,108,True,0.71129
adaptation_light,visible heuristic,baseline,baseline,heldout,task3_startup_week,108,True,0.55657
no_coherence,visible heuristic,baseline,baseline,heldout,task3_startup_week,108,True,0.61008
original,visible heuristic,baseline,baseline,heldout,task6_incident_response_week,108,True,0.5187
utility_only,visible heuristic,baseline,baseline,heldout,task6_incident_response_week,108,True,0.2952
balanced,visible heuristic,baseline,baseline,heldout,task6_incident_response_week,108,True,0.670995
adaptation_heavy,visible heuristic,baseline,baseline,heldout,task6_incident_response_week,108,True,0.701075
adaptation_light,visible heuristic,baseline,baseline,heldout,task6_incident_response_week,108,True,0.540355
no_coherence,visible heuristic,baseline,baseline,heldout,task6_incident_response_week,108,True,0.5968800000000001
original,visible heuristic,baseline,baseline,heldout,task7_quarterly_headcount_plan,108,True,0.2996
utility_only,visible heuristic,baseline,baseline,heldout,task7_quarterly_headcount_plan,108,True,0.3743
balanced,visible heuristic,baseline,baseline,heldout,task7_quarterly_headcount_plan,108,True,0.44972
adaptation_heavy,visible heuristic,baseline,baseline,heldout,task7_quarterly_headcount_plan,108,True,0.38100500000000004
adaptation_light,visible heuristic,baseline,baseline,heldout,task7_quarterly_headcount_plan,108,True,0.52458
no_coherence,visible heuristic,baseline,baseline,heldout,task7_quarterly_headcount_plan,108,True,0.355865
original,visible heuristic,baseline,baseline,heldout,task3_startup_week,109,True,0.3484
utility_only,visible heuristic,baseline,baseline,heldout,task3_startup_week,109,True,0.3882
balanced,visible heuristic,baseline,baseline,heldout,task3_startup_week,109,True,0.436905
adaptation_heavy,visible heuristic,baseline,baseline,heldout,task3_startup_week,109,True,0.367495
adaptation_light,visible heuristic,baseline,baseline,heldout,task3_startup_week,109,True,0.514545
no_coherence,visible heuristic,baseline,baseline,heldout,task3_startup_week,109,True,0.36351
original,visible heuristic,baseline,baseline,heldout,task6_incident_response_week,109,True,0.31
utility_only,visible heuristic,baseline,baseline,heldout,task6_incident_response_week,109,True,0.345
balanced,visible heuristic,baseline,baseline,heldout,task6_incident_response_week,109,True,0.40639499999999995
adaptation_heavy,visible heuristic,baseline,baseline,heldout,task6_incident_response_week,109,True,0.339145
adaptation_light,visible heuristic,baseline,baseline,heldout,task6_incident_response_week,109,True,0.475395
no_coherence,visible heuristic,baseline,baseline,heldout,task6_incident_response_week,109,True,0.33975
original,visible heuristic,baseline,baseline,heldout,task7_quarterly_headcount_plan,109,True,0.3582
utility_only,visible heuristic,baseline,baseline,heldout,task7_quarterly_headcount_plan,109,True,0.479
balanced,visible heuristic,baseline,baseline,heldout,task7_quarterly_headcount_plan,109,True,0.4916
adaptation_heavy,visible heuristic,baseline,baseline,heldout,task7_quarterly_headcount_plan,109,True,0.41764999999999997
adaptation_light,visible heuristic,baseline,baseline,heldout,task7_quarterly_headcount_plan,109,True,0.5873999999999999
no_coherence,visible heuristic,baseline,baseline,heldout,task7_quarterly_headcount_plan,109,True,0.41345
original,visible heuristic,baseline,baseline,heldout,task3_startup_week,110,True,0.3565
utility_only,visible heuristic,baseline,baseline,heldout,task3_startup_week,110,True,0.3868
balanced,visible heuristic,baseline,baseline,heldout,task3_startup_week,110,True,0.44721999999999995
adaptation_heavy,visible heuristic,baseline,baseline,heldout,task3_startup_week,110,True,0.37788
adaptation_light,visible heuristic,baseline,baseline,heldout,task3_startup_week,110,True,0.5245799999999999
no_coherence,visible heuristic,baseline,baseline,heldout,task3_startup_week,110,True,0.36274
original,visible heuristic,baseline,baseline,heldout,task6_incident_response_week,110,True,0.3231
utility_only,visible heuristic,baseline,baseline,heldout,task6_incident_response_week,110,True,0.3451
balanced,visible heuristic,baseline,baseline,heldout,task6_incident_response_week,110,True,0.42604000000000003
adaptation_heavy,visible heuristic,baseline,baseline,heldout,task6_incident_response_week,110,True,0.358785
adaptation_light,visible heuristic,baseline,baseline,heldout,task6_incident_response_week,110,True,0.49506
no_coherence,visible heuristic,baseline,baseline,heldout,task6_incident_response_week,110,True,0.339805
original,visible heuristic,baseline,baseline,heldout,task7_quarterly_headcount_plan,110,True,0.3232
utility_only,visible heuristic,baseline,baseline,heldout,task7_quarterly_headcount_plan,110,True,0.4164
balanced,visible heuristic,baseline,baseline,heldout,task7_quarterly_headcount_plan,110,True,0.46656
adaptation_heavy,visible heuristic,baseline,baseline,heldout,task7_quarterly_headcount_plan,110,True,0.39574
adaptation_light,visible heuristic,baseline,baseline,heldout,task7_quarterly_headcount_plan,110,True,0.54984
no_coherence,visible heuristic,baseline,baseline,heldout,task7_quarterly_headcount_plan,110,True,0.37902
original,visible heuristic,baseline,baseline,heldout,task3_startup_week,111,False,0.4372
utility_only,visible heuristic,baseline,baseline,heldout,task3_startup_week,111,False,0.3914
balanced,visible heuristic,baseline,baseline,heldout,task3_startup_week,111,False,0.626107142857143
adaptation_heavy,visible heuristic,baseline,baseline,heldout,task3_startup_week,111,False,0.6145083333333333
adaptation_light,visible heuristic,baseline,baseline,heldout,task3_startup_week,111,False,0.5739500000000001
no_coherence,visible heuristic,baseline,baseline,heldout,task3_startup_week,111,False,0.5218142857142857
original,visible heuristic,baseline,baseline,heldout,task6_incident_response_week,111,False,0.4305
utility_only,visible heuristic,baseline,baseline,heldout,task6_incident_response_week,111,False,0.3531
balanced,visible heuristic,baseline,baseline,heldout,task6_incident_response_week,111,False,0.6153428571428572
adaptation_heavy,visible heuristic,baseline,baseline,heldout,task6_incident_response_week,111,False,0.6051416666666667
adaptation_light,visible heuristic,baseline,baseline,heldout,task6_incident_response_week,111,False,0.5570666666666667
no_coherence,visible heuristic,baseline,baseline,heldout,task6_incident_response_week,111,False,0.4917214285714285
original,visible heuristic,baseline,baseline,heldout,task7_quarterly_headcount_plan,111,False,0.478
utility_only,visible heuristic,baseline,baseline,heldout,task7_quarterly_headcount_plan,111,False,0.4965
balanced,visible heuristic,baseline,baseline,heldout,task7_quarterly_headcount_plan,111,False,0.7122857142857143
adaptation_heavy,visible heuristic,baseline,baseline,heldout,task7_quarterly_headcount_plan,111,False,0.7062916666666668
adaptation_light,visible heuristic,baseline,baseline,heldout,task7_quarterly_headcount_plan,111,False,0.6643333333333333
no_coherence,visible heuristic,baseline,baseline,heldout,task7_quarterly_headcount_plan,111,False,0.6043928571428571
original,visible heuristic,baseline,baseline,heldout,task3_startup_week,112,True,0.3557
utility_only,visible heuristic,baseline,baseline,heldout,task3_startup_week,112,True,0.385
balanced,visible heuristic,baseline,baseline,heldout,task3_startup_week,112,True,0.4465
adaptation_heavy,visible heuristic,baseline,baseline,heldout,task3_startup_week,112,True,0.37725
adaptation_light,visible heuristic,baseline,baseline,heldout,task3_startup_week,112,True,0.5235
no_coherence,visible heuristic,baseline,baseline,heldout,task3_startup_week,112,True,0.36175
original,visible heuristic,baseline,baseline,heldout,task6_incident_response_week,112,True,0.3305
utility_only,visible heuristic,baseline,baseline,heldout,task6_incident_response_week,112,True,0.3434
balanced,visible heuristic,baseline,baseline,heldout,task6_incident_response_week,112,True,0.43735999999999997
adaptation_heavy,visible heuristic,baseline,baseline,heldout,task6_incident_response_week,112,True,0.37019
adaptation_light,visible heuristic,baseline,baseline,heldout,task6_incident_response_week,112,True,0.5060399999999999
no_coherence,visible heuristic,baseline,baseline,heldout,task6_incident_response_week,112,True,0.33887
original,visible heuristic,baseline,baseline,heldout,task7_quarterly_headcount_plan,112,True,0.3542
utility_only,visible heuristic,baseline,baseline,heldout,task7_quarterly_headcount_plan,112,True,0.4718
balanced,visible heuristic,baseline,baseline,heldout,task7_quarterly_headcount_plan,112,True,0.48872
adaptation_heavy,visible heuristic,baseline,baseline,heldout,task7_quarterly_headcount_plan,112,True,0.41513
adaptation_light,visible heuristic,baseline,baseline,heldout,task7_quarterly_headcount_plan,112,True,0.58308
no_coherence,visible heuristic,baseline,baseline,heldout,task7_quarterly_headcount_plan,112,True,0.40949
original,visible heuristic,baseline,baseline,heldout,task3_startup_week,113,True,0.3573
utility_only,visible heuristic,baseline,baseline,heldout,task3_startup_week,113,True,0.3901
balanced,visible heuristic,baseline,baseline,heldout,task3_startup_week,113,True,0.44791000000000003
adaptation_heavy,visible heuristic,baseline,baseline,heldout,task3_startup_week,113,True,0.378405
adaptation_light,visible heuristic,baseline,baseline,heldout,task3_startup_week,113,True,0.52593
no_coherence,visible heuristic,baseline,baseline,heldout,task3_startup_week,113,True,0.364555
original,visible heuristic,baseline,baseline,heldout,task6_incident_response_week,113,True,0.3275
utility_only,visible heuristic,baseline,baseline,heldout,task6_incident_response_week,113,True,0.3465
balanced,visible heuristic,baseline,baseline,heldout,task6_incident_response_week,113,True,0.43237499999999995
adaptation_heavy,visible heuristic,baseline,baseline,heldout,task6_incident_response_week,113,True,0.36505
adaptation_light,visible heuristic,baseline,baseline,heldout,task6_incident_response_week,113,True,0.501675
no_coherence,visible heuristic,baseline,baseline,heldout,task6_incident_response_week,113,True,0.34057499999999996
original,visible heuristic,baseline,baseline,heldout,task7_quarterly_headcount_plan,113,True,0.3639
utility_only,visible heuristic,baseline,baseline,heldout,task7_quarterly_headcount_plan,113,True,0.4891
balanced,visible heuristic,baseline,baseline,heldout,task7_quarterly_headcount_plan,113,True,0.49563999999999997
adaptation_heavy,visible heuristic,baseline,baseline,heldout,task7_quarterly_headcount_plan,113,True,0.421185
adaptation_light,visible heuristic,baseline,baseline,heldout,task7_quarterly_headcount_plan,113,True,0.59346
no_coherence,visible heuristic,baseline,baseline,heldout,task7_quarterly_headcount_plan,113,True,0.41900499999999996
original,visible heuristic,baseline,baseline,heldout,task3_startup_week,114,False,0.4436
utility_only,visible heuristic,baseline,baseline,heldout,task3_startup_week,114,False,0.3688
balanced,visible heuristic,baseline,baseline,heldout,task3_startup_week,114,False,0.6393142857142858
adaptation_heavy,visible heuristic,baseline,baseline,heldout,task3_startup_week,114,False,0.6318
adaptation_light,visible heuristic,baseline,baseline,heldout,task3_startup_week,114,False,0.5792
no_coherence,visible heuristic,baseline,baseline,heldout,task3_startup_week,114,False,0.5040571428571429
original,visible heuristic,baseline,baseline,heldout,task6_incident_response_week,114,False,0.4268
utility_only,visible heuristic,baseline,baseline,heldout,task6_incident_response_week,114,False,0.3273
balanced,visible heuristic,baseline,baseline,heldout,task6_incident_response_week,114,False,0.6156
adaptation_heavy,visible heuristic,baseline,baseline,heldout,task6_incident_response_week,114,False,0.6075916666666666
adaptation_light,visible heuristic,baseline,baseline,heldout,task6_incident_response_week,114,False,0.5515333333333333
no_coherence,visible heuristic,baseline,baseline,heldout,task6_incident_response_week,114,False,0.47145
original,visible heuristic,baseline,baseline,heldout,task7_quarterly_headcount_plan,114,False,0.4147
utility_only,visible heuristic,baseline,baseline,heldout,task7_quarterly_headcount_plan,114,False,0.4095
balanced,visible heuristic,baseline,baseline,heldout,task7_quarterly_headcount_plan,114,False,0.6625714285714286
adaptation_heavy,visible heuristic,baseline,baseline,heldout,task7_quarterly_headcount_plan,114,False,0.6555416666666667
adaptation_light,visible heuristic,baseline,baseline,heldout,task7_quarterly_headcount_plan,114,False,0.6063333333333334
no_coherence,visible heuristic,baseline,baseline,heldout,task7_quarterly_headcount_plan,114,False,0.5360357142857143
original,visible heuristic,baseline,baseline,heldout,task3_startup_week,115,False,0.4459
utility_only,visible heuristic,baseline,baseline,heldout,task3_startup_week,115,False,0.4042
balanced,visible heuristic,baseline,baseline,heldout,task3_startup_week,115,False,0.6362071428571429
adaptation_heavy,visible heuristic,baseline,baseline,heldout,task3_startup_week,115,False,0.625225
adaptation_light,visible heuristic,baseline,baseline,heldout,task3_startup_week,115,False,0.5846500000000001
no_coherence,visible heuristic,baseline,baseline,heldout,task3_startup_week,115,False,0.5318714285714286
original,visible heuristic,baseline,baseline,heldout,task6_incident_response_week,115,False,0.4421
utility_only,visible heuristic,baseline,baseline,heldout,task6_incident_response_week,115,False,0.3673
balanced,visible heuristic,baseline,baseline,heldout,task6_incident_response_week,115,False,0.6308071428571429
adaptation_heavy,visible heuristic,baseline,baseline,heldout,task6_incident_response_week,115,False,0.622
adaptation_light,visible heuristic,baseline,baseline,heldout,task6_incident_response_week,115,False,0.57225
no_coherence,visible heuristic,baseline,baseline,heldout,task6_incident_response_week,115,False,0.5028785714285714
original,visible heuristic,baseline,baseline,heldout,task7_quarterly_headcount_plan,115,False,0.4784
utility_only,visible heuristic,baseline,baseline,heldout,task7_quarterly_headcount_plan,115,False,0.4971
balanced,visible heuristic,baseline,baseline,heldout,task7_quarterly_headcount_plan,115,False,0.7126285714285715
adaptation_heavy,visible heuristic,baseline,baseline,heldout,task7_quarterly_headcount_plan,115,False,0.7066416666666666
adaptation_light,visible heuristic,baseline,baseline,heldout,task7_quarterly_headcount_plan,115,False,0.6647333333333334
no_coherence,visible heuristic,baseline,baseline,heldout,task7_quarterly_headcount_plan,115,False,0.6048642857142857
original,visible heuristic,baseline,baseline,heldout,task3_startup_week,116,True,0.3615
utility_only,visible heuristic,baseline,baseline,heldout,task3_startup_week,116,True,0.4195
balanced,visible heuristic,baseline,baseline,heldout,task3_startup_week,116,True,0.44942499999999996
adaptation_heavy,visible heuristic,baseline,baseline,heldout,task3_startup_week,116,True,0.37844999999999995
adaptation_light,visible heuristic,baseline,baseline,heldout,task3_startup_week,116,True,0.5333249999999999
no_coherence,visible heuristic,baseline,baseline,heldout,task3_startup_week,116,True,0.380725
original,visible heuristic,baseline,baseline,heldout,task6_incident_response_week,116,True,0.3382
utility_only,visible heuristic,baseline,baseline,heldout,task6_incident_response_week,116,True,0.3749
balanced,visible heuristic,baseline,baseline,heldout,task6_incident_response_week,116,True,0.44354000000000005
adaptation_heavy,visible heuristic,baseline,baseline,heldout,task6_incident_response_week,116,True,0.374795
adaptation_light,visible heuristic,baseline,baseline,heldout,task6_incident_response_week,116,True,0.51852
no_coherence,visible heuristic,baseline,baseline,heldout,task6_incident_response_week,116,True,0.35619500000000004
original,visible heuristic,baseline,baseline,heldout,task7_quarterly_headcount_plan,116,True,0.374
utility_only,visible heuristic,baseline,baseline,heldout,task7_quarterly_headcount_plan,116,True,0.5071
balanced,visible heuristic,baseline,baseline,heldout,task7_quarterly_headcount_plan,116,True,0.50284
adaptation_heavy,visible heuristic,baseline,baseline,heldout,task7_quarterly_headcount_plan,116,True,0.427485
adaptation_light,visible heuristic,baseline,baseline,heldout,task7_quarterly_headcount_plan,116,True,0.60426
no_coherence,visible heuristic,baseline,baseline,heldout,task7_quarterly_headcount_plan,116,True,0.428905
original,visible heuristic,baseline,baseline,heldout,task3_startup_week,117,True,0.3208
utility_only,visible heuristic,baseline,baseline,heldout,task3_startup_week,117,True,0.3112
balanced,visible heuristic,baseline,baseline,heldout,task3_startup_week,117,True,0.41206
adaptation_heavy,visible heuristic,baseline,baseline,heldout,task3_startup_week,117,True,0.34650000000000003
adaptation_light,visible heuristic,baseline,baseline,heldout,task3_startup_week,117,True,0.47429999999999994
no_coherence,visible heuristic,baseline,baseline,heldout,task3_startup_week,117,True,0.32116
original,visible heuristic,baseline,baseline,heldout,task6_incident_response_week,117,True,0.5211
utility_only,visible heuristic,baseline,baseline,heldout,task6_incident_response_week,117,True,0.2876
balanced,visible heuristic,baseline,baseline,heldout,task6_incident_response_week,117,True,0.674585
adaptation_heavy,visible heuristic,baseline,baseline,heldout,task6_incident_response_week,117,True,0.7072550000000001
adaptation_light,visible heuristic,baseline,baseline,heldout,task6_incident_response_week,117,True,0.5380050000000001
no_coherence,visible heuristic,baseline,baseline,heldout,task6_incident_response_week,117,True,0.59933
original,visible heuristic,baseline,baseline,heldout,task7_quarterly_headcount_plan,117,True,0.2774
utility_only,visible heuristic,baseline,baseline,heldout,task7_quarterly_headcount_plan,117,True,0.3346
balanced,visible heuristic,baseline,baseline,heldout,task7_quarterly_headcount_plan,117,True,0.43384
adaptation_heavy,visible heuristic,baseline,baseline,heldout,task7_quarterly_headcount_plan,117,True,0.36711
adaptation_light,visible heuristic,baseline,baseline,heldout,task7_quarterly_headcount_plan,117,True,0.50076
no_coherence,visible heuristic,baseline,baseline,heldout,task7_quarterly_headcount_plan,117,True,0.33403000000000005
original,visible heuristic,baseline,baseline,heldout,task3_startup_week,118,True,0.3281
utility_only,visible heuristic,baseline,baseline,heldout,task3_startup_week,118,True,0.3192
balanced,visible heuristic,baseline,baseline,heldout,task3_startup_week,118,True,0.42018
adaptation_heavy,visible heuristic,baseline,baseline,heldout,task3_startup_week,118,True,0.35422
adaptation_light,visible heuristic,baseline,baseline,heldout,task3_startup_week,118,True,0.48402
no_coherence,visible heuristic,baseline,baseline,heldout,task3_startup_week,118,True,0.32555999999999996
original,visible heuristic,baseline,baseline,heldout,task6_incident_response_week,118,True,0.2975
utility_only,visible heuristic,baseline,baseline,heldout,task6_incident_response_week,118,True,0.2978
balanced,visible heuristic,baseline,baseline,heldout,task6_incident_response_week,118,True,0.395615
adaptation_heavy,visible heuristic,baseline,baseline,heldout,task6_incident_response_week,118,True,0.330725
adaptation_light,visible heuristic,baseline,baseline,heldout,task6_incident_response_week,118,True,0.455175
no_coherence,visible heuristic,baseline,baseline,heldout,task6_incident_response_week,118,True,0.31379
original,visible heuristic,baseline,baseline,heldout,task7_quarterly_headcount_plan,118,True,0.3086
utility_only,visible heuristic,baseline,baseline,heldout,task7_quarterly_headcount_plan,118,True,0.3904
balanced,visible heuristic,baseline,baseline,heldout,task7_quarterly_headcount_plan,118,True,0.45616
adaptation_heavy,visible heuristic,baseline,baseline,heldout,task7_quarterly_headcount_plan,118,True,0.38664
adaptation_light,visible heuristic,baseline,baseline,heldout,task7_quarterly_headcount_plan,118,True,0.53424
no_coherence,visible heuristic,baseline,baseline,heldout,task7_quarterly_headcount_plan,118,True,0.36472000000000004
original,visible heuristic,baseline,baseline,heldout,task3_startup_week,119,False,0.4429
utility_only,visible heuristic,baseline,baseline,heldout,task3_startup_week,119,False,0.4023
balanced,visible heuristic,baseline,baseline,heldout,task3_startup_week,119,False,0.6323357142857143
adaptation_heavy,visible heuristic,baseline,baseline,heldout,task3_startup_week,119,False,0.6208666666666667
adaptation_light,visible heuristic,baseline,baseline,heldout,task3_startup_week,119,False,0.5812166666666667
no_coherence,visible heuristic,baseline,baseline,heldout,task3_startup_week,119,False,0.5303785714285714
original,visible heuristic,baseline,baseline,heldout,task6_incident_response_week,119,False,0.4084
utility_only,visible heuristic,baseline,baseline,heldout,task6_incident_response_week,119,False,0.3636
balanced,visible heuristic,baseline,baseline,heldout,task6_incident_response_week,119,False,0.5768571428571428
adaptation_heavy,visible heuristic,baseline,baseline,heldout,task6_incident_response_week,119,False,0.5593666666666667
adaptation_light,visible heuristic,baseline,baseline,heldout,task6_incident_response_week,119,False,0.5294666666666668
no_coherence,visible heuristic,baseline,baseline,heldout,task6_incident_response_week,119,False,0.49997142857142846
original,visible heuristic,baseline,baseline,heldout,task7_quarterly_headcount_plan,119,False,0.4565
utility_only,visible heuristic,baseline,baseline,heldout,task7_quarterly_headcount_plan,119,False,0.4669
balanced,visible heuristic,baseline,baseline,heldout,task7_quarterly_headcount_plan,119,False,0.6953714285714285
adaptation_heavy,visible heuristic,baseline,baseline,heldout,task7_quarterly_headcount_plan,119,False,0.689025
adaptation_light,visible heuristic,baseline,baseline,heldout,task7_quarterly_headcount_plan,119,False,0.6446000000000001
no_coherence,visible heuristic,baseline,baseline,heldout,task7_quarterly_headcount_plan,119,False,0.5811357142857143
original,myopic oracle,oracle,oracle,core,task3_startup_week,100,True,0.5339
utility_only,myopic oracle,oracle,oracle,core,task3_startup_week,100,True,0.387
balanced,myopic oracle,oracle,oracle,core,task3_startup_week,100,True,0.444
adaptation_heavy,myopic oracle,oracle,oracle,core,task3_startup_week,100,True,0.37465
adaptation_light,myopic oracle,oracle,oracle,core,task3_startup_week,100,True,0.5214
no_coherence,myopic oracle,oracle,oracle,core,task3_startup_week,100,True,0.36285
original,myopic oracle,oracle,oracle,core,task6_incident_response_week,100,True,0.4987
utility_only,myopic oracle,oracle,oracle,core,task6_incident_response_week,100,True,0.342
balanced,myopic oracle,oracle,oracle,core,task6_incident_response_week,100,True,0.419895
adaptation_heavy,myopic oracle,oracle,oracle,core,task6_incident_response_week,100,True,0.35279499999999997
adaptation_light,myopic oracle,oracle,oracle,core,task6_incident_response_week,100,True,0.48829500000000003
no_coherence,myopic oracle,oracle,oracle,core,task6_incident_response_week,100,True,0.3381
original,myopic oracle,oracle,oracle,core,task7_quarterly_headcount_plan,100,True,0.4863
utility_only,myopic oracle,oracle,oracle,core,task7_quarterly_headcount_plan,100,True,0.4935
balanced,myopic oracle,oracle,oracle,core,task7_quarterly_headcount_plan,100,True,0.4974
adaptation_heavy,myopic oracle,oracle,oracle,core,task7_quarterly_headcount_plan,100,True,0.422725
adaptation_light,myopic oracle,oracle,oracle,core,task7_quarterly_headcount_plan,100,True,0.5961
no_coherence,myopic oracle,oracle,oracle,core,task7_quarterly_headcount_plan,100,True,0.42142500000000005
original,myopic oracle,oracle,oracle,core,task3_startup_week,101,True,0.5291
utility_only,myopic oracle,oracle,oracle,core,task3_startup_week,101,True,0.3746
balanced,myopic oracle,oracle,oracle,core,task3_startup_week,101,True,0.43950500000000003
adaptation_heavy,myopic oracle,oracle,oracle,core,task3_startup_week,101,True,0.37077499999999997
adaptation_light,myopic oracle,oracle,oracle,core,task3_startup_week,101,True,0.514425
no_coherence,myopic oracle,oracle,oracle,core,task3_startup_week,101,True,0.35603
original,myopic oracle,oracle,oracle,core,task6_incident_response_week,101,True,0.487
utility_only,myopic oracle,oracle,oracle,core,task6_incident_response_week,101,True,0.3293
balanced,myopic oracle,oracle,oracle,core,task6_incident_response_week,101,True,0.40448
adaptation_heavy,myopic oracle,oracle,oracle,core,task6_incident_response_week,101,True,0.33801499999999995
adaptation_light,myopic oracle,oracle,oracle,core,task6_incident_response_week,101,True,0.47034
no_coherence,myopic oracle,oracle,oracle,core,task6_incident_response_week,101,True,0.331115
original,myopic oracle,oracle,oracle,core,task7_quarterly_headcount_plan,101,True,0.4908
utility_only,myopic oracle,oracle,oracle,core,task7_quarterly_headcount_plan,101,True,0.5013
balanced,myopic oracle,oracle,oracle,core,task7_quarterly_headcount_plan,101,True,0.50052
adaptation_heavy,myopic oracle,oracle,oracle,core,task7_quarterly_headcount_plan,101,True,0.42545499999999997
adaptation_light,myopic oracle,oracle,oracle,core,task7_quarterly_headcount_plan,101,True,0.60078
no_coherence,myopic oracle,oracle,oracle,core,task7_quarterly_headcount_plan,101,True,0.42571499999999995
original,myopic oracle,oracle,oracle,core,task3_startup_week,102,True,0.7441
utility_only,myopic oracle,oracle,oracle,core,task3_startup_week,102,True,0.4037
balanced,myopic oracle,oracle,oracle,core,task3_startup_week,102,True,0.75464
adaptation_heavy,myopic oracle,oracle,oracle,core,task3_startup_week,102,True,0.784455
adaptation_light,myopic oracle,oracle,oracle,core,task3_startup_week,102,True,0.6353800000000001
no_coherence,myopic oracle,oracle,oracle,core,task3_startup_week,102,True,0.6720349999999999
original,myopic oracle,oracle,oracle,core,task6_incident_response_week,102,True,0.7495
utility_only,myopic oracle,oracle,oracle,core,task6_incident_response_week,102,True,0.3525
balanced,myopic oracle,oracle,oracle,core,task6_incident_response_week,102,True,0.7342799999999999
adaptation_heavy,myopic oracle,oracle,oracle,core,task6_incident_response_week,102,True,0.766655
adaptation_light,myopic oracle,oracle,oracle,core,task6_incident_response_week,102,True,0.60478
no_coherence,myopic oracle,oracle,oracle,core,task6_incident_response_week,102,True,0.643875
original,myopic oracle,oracle,oracle,core,task7_quarterly_headcount_plan,102,True,0.4674
utility_only,myopic oracle,oracle,oracle,core,task7_quarterly_headcount_plan,102,True,0.4597
balanced,myopic oracle,oracle,oracle,core,task7_quarterly_headcount_plan,102,True,0.48388
adaptation_heavy,myopic oracle,oracle,oracle,core,task7_quarterly_headcount_plan,102,True,0.410895
adaptation_light,myopic oracle,oracle,oracle,core,task7_quarterly_headcount_plan,102,True,0.57582
no_coherence,myopic oracle,oracle,oracle,core,task7_quarterly_headcount_plan,102,True,0.40283500000000005
original,myopic oracle,oracle,oracle,core,task3_startup_week,103,False,0.6961
utility_only,myopic oracle,oracle,oracle,core,task3_startup_week,103,False,0.4498
balanced,myopic oracle,oracle,oracle,core,task3_startup_week,103,False,0.6641285714285715
adaptation_heavy,myopic oracle,oracle,oracle,core,task3_startup_week,103,False,0.654
adaptation_light,myopic oracle,oracle,oracle,core,task3_startup_week,103,False,0.6165
no_coherence,myopic oracle,oracle,oracle,core,task3_startup_week,103,False,0.5677
original,myopic oracle,oracle,oracle,core,task6_incident_response_week,103,False,0.6825
utility_only,myopic oracle,oracle,oracle,core,task6_incident_response_week,103,False,0.3949
balanced,myopic oracle,oracle,oracle,core,task6_incident_response_week,103,False,0.6298428571428571
adaptation_heavy,myopic oracle,oracle,oracle,core,task6_incident_response_week,103,False,0.618575
adaptation_light,myopic oracle,oracle,oracle,core,task6_incident_response_week,103,False,0.5776333333333333
no_coherence,myopic oracle,oracle,oracle,core,task6_incident_response_week,103,False,0.5245642857142857
original,myopic oracle,oracle,oracle,core,task7_quarterly_headcount_plan,103,False,0.6905
utility_only,myopic oracle,oracle,oracle,core,task7_quarterly_headcount_plan,103,False,0.5745
balanced,myopic oracle,oracle,oracle,core,task7_quarterly_headcount_plan,103,False,0.756857142857143
adaptation_heavy,myopic oracle,oracle,oracle,core,task7_quarterly_headcount_plan,103,False,0.7517916666666667
adaptation_light,myopic oracle,oracle,oracle,core,task7_quarterly_headcount_plan,103,False,0.7163333333333335
no_coherence,myopic oracle,oracle,oracle,core,task7_quarterly_headcount_plan,103,False,0.6656785714285715
original,myopic oracle,oracle,oracle,core,task3_startup_week,104,True,0.5257
utility_only,myopic oracle,oracle,oracle,core,task3_startup_week,104,True,0.3499
balanced,myopic oracle,oracle,oracle,core,task3_startup_week,104,True,0.438445
adaptation_heavy,myopic oracle,oracle,oracle,core,task3_startup_week,104,True,0.37095
adaptation_light,myopic oracle,oracle,oracle,core,task3_startup_week,104,True,0.508425
no_coherence,myopic oracle,oracle,oracle,core,task3_startup_week,104,True,0.342445
original,myopic oracle,oracle,oracle,core,task6_incident_response_week,104,True,0.4898
utility_only,myopic oracle,oracle,oracle,core,task6_incident_response_week,104,True,0.3197
balanced,myopic oracle,oracle,oracle,core,task6_incident_response_week,104,True,0.41040499999999996
adaptation_heavy,myopic oracle,oracle,oracle,core,task6_incident_response_week,104,True,0.34441999999999995
adaptation_light,myopic oracle,oracle,oracle,core,task6_incident_response_week,104,True,0.47434499999999996
no_coherence,myopic oracle,oracle,oracle,core,task6_incident_response_week,104,True,0.325835
original,myopic oracle,oracle,oracle,core,task7_quarterly_headcount_plan,104,True,0.3998
utility_only,myopic oracle,oracle,oracle,core,task7_quarterly_headcount_plan,104,True,0.339
balanced,myopic oracle,oracle,oracle,core,task7_quarterly_headcount_plan,104,True,0.4356
adaptation_heavy,myopic oracle,oracle,oracle,core,task7_quarterly_headcount_plan,104,True,0.36865000000000003
adaptation_light,myopic oracle,oracle,oracle,core,task7_quarterly_headcount_plan,104,True,0.5034
no_coherence,myopic oracle,oracle,oracle,core,task7_quarterly_headcount_plan,104,True,0.33645
original,myopic oracle,oracle,oracle,core,task3_startup_week,105,True,0.717
utility_only,myopic oracle,oracle,oracle,core,task3_startup_week,105,True,0.3414
balanced,myopic oracle,oracle,oracle,core,task3_startup_week,105,True,0.72864
adaptation_heavy,myopic oracle,oracle,oracle,core,task3_startup_week,105,True,0.7615700000000001
adaptation_light,myopic oracle,oracle,oracle,core,task3_startup_week,105,True,0.59692
no_coherence,myopic oracle,oracle,oracle,core,task3_startup_week,105,True,0.63777
original,myopic oracle,oracle,oracle,core,task6_incident_response_week,105,True,0.7343
utility_only,myopic oracle,oracle,oracle,core,task6_incident_response_week,105,True,0.3148
balanced,myopic oracle,oracle,oracle,core,task6_incident_response_week,105,True,0.71797
adaptation_heavy,myopic oracle,oracle,oracle,core,task6_incident_response_week,105,True,0.75223
adaptation_light,myopic oracle,oracle,oracle,core,task6_incident_response_week,105,True,0.58093
no_coherence,myopic oracle,oracle,oracle,core,task6_incident_response_week,105,True,0.62314
original,myopic oracle,oracle,oracle,core,task7_quarterly_headcount_plan,105,True,0.4041
utility_only,myopic oracle,oracle,oracle,core,task7_quarterly_headcount_plan,105,True,0.3466
balanced,myopic oracle,oracle,oracle,core,task7_quarterly_headcount_plan,105,True,0.43864000000000003
adaptation_heavy,myopic oracle,oracle,oracle,core,task7_quarterly_headcount_plan,105,True,0.37131000000000003
adaptation_light,myopic oracle,oracle,oracle,core,task7_quarterly_headcount_plan,105,True,0.50796
no_coherence,myopic oracle,oracle,oracle,core,task7_quarterly_headcount_plan,105,True,0.34063
original,myopic oracle,oracle,oracle,core,task3_startup_week,106,True,0.5684
utility_only,myopic oracle,oracle,oracle,core,task3_startup_week,106,True,0.4514
balanced,myopic oracle,oracle,oracle,core,task3_startup_week,106,True,0.47909
adaptation_heavy,myopic oracle,oracle,oracle,core,task3_startup_week,106,True,0.40652
adaptation_light,myopic oracle,oracle,oracle,core,task3_startup_week,106,True,0.56937
no_coherence,myopic oracle,oracle,oracle,core,task3_startup_week,106,True,0.39827
original,myopic oracle,oracle,oracle,core,task6_incident_response_week,106,True,0.5295
utility_only,myopic oracle,oracle,oracle,core,task6_incident_response_week,106,True,0.3953
balanced,myopic oracle,oracle,oracle,core,task6_incident_response_week,106,True,0.457055
adaptation_heavy,myopic oracle,oracle,oracle,core,task6_incident_response_week,106,True,0.38728999999999997
adaptation_light,myopic oracle,oracle,oracle,core,task6_incident_response_week,106,True,0.5361149999999999
no_coherence,myopic oracle,oracle,oracle,core,task6_incident_response_week,106,True,0.367415
original,myopic oracle,oracle,oracle,core,task7_quarterly_headcount_plan,106,True,0.519
utility_only,myopic oracle,oracle,oracle,core,task7_quarterly_headcount_plan,106,True,0.5518
balanced,myopic oracle,oracle,oracle,core,task7_quarterly_headcount_plan,106,True,0.52072
adaptation_heavy,myopic oracle,oracle,oracle,core,task7_quarterly_headcount_plan,106,True,0.44312999999999997
adaptation_light,myopic oracle,oracle,oracle,core,task7_quarterly_headcount_plan,106,True,0.63108
no_coherence,myopic oracle,oracle,oracle,core,task7_quarterly_headcount_plan,106,True,0.45348999999999995
original,myopic oracle,oracle,oracle,core,task3_startup_week,107,True,0.5366
utility_only,myopic oracle,oracle,oracle,core,task3_startup_week,107,True,0.3874
balanced,myopic oracle,oracle,oracle,core,task3_startup_week,107,True,0.44731
adaptation_heavy,myopic oracle,oracle,oracle,core,task3_startup_week,107,True,0.37793999999999994
adaptation_light,myopic oracle,oracle,oracle,core,task3_startup_week,107,True,0.52479
no_coherence,myopic oracle,oracle,oracle,core,task3_startup_week,107,True,0.36307
original,myopic oracle,oracle,oracle,core,task6_incident_response_week,107,True,0.5037
utility_only,myopic oracle,oracle,oracle,core,task6_incident_response_week,107,True,0.3436
balanced,myopic oracle,oracle,oracle,core,task6_incident_response_week,107,True,0.42712
adaptation_heavy,myopic oracle,oracle,oracle,core,task6_incident_response_week,107,True,0.35994
adaptation_light,myopic oracle,oracle,oracle,core,task6_incident_response_week,107,True,0.49584
no_coherence,myopic oracle,oracle,oracle,core,task6_incident_response_week,107,True,0.33898000000000006
original,myopic oracle,oracle,oracle,core,task7_quarterly_headcount_plan,107,True,0.4774
utility_only,myopic oracle,oracle,oracle,core,task7_quarterly_headcount_plan,107,True,0.4775
balanced,myopic oracle,oracle,oracle,core,task7_quarterly_headcount_plan,107,True,0.491
adaptation_heavy,myopic oracle,oracle,oracle,core,task7_quarterly_headcount_plan,107,True,0.41712499999999997
adaptation_light,myopic oracle,oracle,oracle,core,task7_quarterly_headcount_plan,107,True,0.5865
no_coherence,myopic oracle,oracle,oracle,core,task7_quarterly_headcount_plan,107,True,0.412625
original,myopic oracle,oracle,oracle,core,task3_startup_week,108,True,0.7076
utility_only,myopic oracle,oracle,oracle,core,task3_startup_week,108,True,0.3216
balanced,myopic oracle,oracle,oracle,core,task3_startup_week,108,True,0.7192799999999999
adaptation_heavy,myopic oracle,oracle,oracle,core,task3_startup_week,108,True,0.7532
adaptation_light,myopic oracle,oracle,oracle,core,task3_startup_week,108,True,0.5836
no_coherence,myopic oracle,oracle,oracle,core,task3_startup_week,108,True,0.62688
original,myopic oracle,oracle,oracle,core,task6_incident_response_week,108,True,0.7215
utility_only,myopic oracle,oracle,oracle,core,task6_incident_response_week,108,True,0.2942
balanced,myopic oracle,oracle,oracle,core,task6_incident_response_week,108,True,0.7021999999999999
adaptation_heavy,myopic oracle,oracle,oracle,core,task6_incident_response_week,108,True,0.73749
adaptation_light,myopic oracle,oracle,oracle,core,task6_incident_response_week,108,True,0.56104
no_coherence,myopic oracle,oracle,oracle,core,task6_incident_response_week,108,True,0.61181
original,myopic oracle,oracle,oracle,core,task7_quarterly_headcount_plan,108,True,0.6319
utility_only,myopic oracle,oracle,oracle,core,task7_quarterly_headcount_plan,108,True,0.3427
balanced,myopic oracle,oracle,oracle,core,task7_quarterly_headcount_plan,108,True,0.73708
adaptation_heavy,myopic oracle,oracle,oracle,core,task7_quarterly_headcount_plan,108,True,0.769945
adaptation_light,myopic oracle,oracle,oracle,core,task7_quarterly_headcount_plan,108,True,0.60562
no_coherence,myopic oracle,oracle,oracle,core,task7_quarterly_headcount_plan,108,True,0.638485
original,myopic oracle,oracle,oracle,core,task3_startup_week,109,True,0.7333
utility_only,myopic oracle,oracle,oracle,core,task3_startup_week,109,True,0.3846
balanced,myopic oracle,oracle,oracle,core,task3_startup_week,109,True,0.743505
adaptation_heavy,myopic oracle,oracle,oracle,core,task3_startup_week,109,True,0.774275
adaptation_light,myopic oracle,oracle,oracle,core,task3_startup_week,109,True,0.620425
no_coherence,myopic oracle,oracle,oracle,core,task3_startup_week,109,True,0.66153
original,myopic oracle,oracle,oracle,core,task6_incident_response_week,109,True,0.7412
utility_only,myopic oracle,oracle,oracle,core,task6_incident_response_week,109,True,0.3309
balanced,myopic oracle,oracle,oracle,core,task6_incident_response_week,109,True,0.72558
adaptation_heavy,myopic oracle,oracle,oracle,core,task6_incident_response_week,109,True,0.759035
adaptation_light,myopic oracle,oracle,oracle,core,task6_incident_response_week,109,True,0.5917600000000001
no_coherence,myopic oracle,oracle,oracle,core,task6_incident_response_week,109,True,0.631995
original,myopic oracle,oracle,oracle,core,task7_quarterly_headcount_plan,109,True,0.4762
utility_only,myopic oracle,oracle,oracle,core,task7_quarterly_headcount_plan,109,True,0.4754
balanced,myopic oracle,oracle,oracle,core,task7_quarterly_headcount_plan,109,True,0.49016
adaptation_heavy,myopic oracle,oracle,oracle,core,task7_quarterly_headcount_plan,109,True,0.41639
adaptation_light,myopic oracle,oracle,oracle,core,task7_quarterly_headcount_plan,109,True,0.58524
no_coherence,myopic oracle,oracle,oracle,core,task7_quarterly_headcount_plan,109,True,0.41147
original,myopic oracle,oracle,oracle,core,task3_startup_week,110,True,0.5664
utility_only,myopic oracle,oracle,oracle,core,task3_startup_week,110,True,0.4465
balanced,myopic oracle,oracle,oracle,core,task3_startup_week,110,True,0.47713
adaptation_heavy,myopic oracle,oracle,oracle,core,task3_startup_week,110,True,0.40480499999999997
adaptation_light,myopic oracle,oracle,oracle,core,task3_startup_week,110,True,0.56643
no_coherence,myopic oracle,oracle,oracle,core,task3_startup_week,110,True,0.395575
original,myopic oracle,oracle,oracle,core,task6_incident_response_week,110,True,0.5086
utility_only,myopic oracle,oracle,oracle,core,task6_incident_response_week,110,True,0.3871
balanced,myopic oracle,oracle,oracle,core,task6_incident_response_week,110,True,0.42718
adaptation_heavy,myopic oracle,oracle,oracle,core,task6_incident_response_week,110,True,0.357825
adaptation_light,myopic oracle,oracle,oracle,core,task6_incident_response_week,110,True,0.5045999999999999
no_coherence,myopic oracle,oracle,oracle,core,task6_incident_response_week,110,True,0.36290500000000003
original,myopic oracle,oracle,oracle,core,task7_quarterly_headcount_plan,110,True,0.5333
utility_only,myopic oracle,oracle,oracle,core,task7_quarterly_headcount_plan,110,True,0.5773
balanced,myopic oracle,oracle,oracle,core,task7_quarterly_headcount_plan,110,True,0.5309200000000001
adaptation_heavy,myopic oracle,oracle,oracle,core,task7_quarterly_headcount_plan,110,True,0.452055
adaptation_light,myopic oracle,oracle,oracle,core,task7_quarterly_headcount_plan,110,True,0.64638
no_coherence,myopic oracle,oracle,oracle,core,task7_quarterly_headcount_plan,110,True,0.467515
original,myopic oracle,oracle,oracle,core,task3_startup_week,111,False,0.6676
utility_only,myopic oracle,oracle,oracle,core,task3_startup_week,111,False,0.3835
balanced,myopic oracle,oracle,oracle,core,task3_startup_week,111,False,0.6351785714285715
adaptation_heavy,myopic oracle,oracle,oracle,core,task3_startup_week,111,False,0.6257499999999999
adaptation_light,myopic oracle,oracle,oracle,core,task3_startup_week,111,False,0.5792500000000002
no_coherence,myopic oracle,oracle,oracle,core,task3_startup_week,111,False,0.5156071428571429
original,myopic oracle,oracle,oracle,core,task6_incident_response_week,111,False,0.6652
utility_only,myopic oracle,oracle,oracle,core,task6_incident_response_week,111,False,0.3437
balanced,myopic oracle,oracle,oracle,core,task6_incident_response_week,111,False,0.61415
adaptation_heavy,myopic oracle,oracle,oracle,core,task6_incident_response_week,111,False,0.6045333333333334
adaptation_light,myopic oracle,oracle,oracle,core,task6_incident_response_week,111,False,0.55405
no_coherence,myopic oracle,oracle,oracle,core,task6_incident_response_week,111,False,0.4843357142857142
original,myopic oracle,oracle,oracle,core,task7_quarterly_headcount_plan,111,False,0.6324
utility_only,myopic oracle,oracle,oracle,core,task7_quarterly_headcount_plan,111,False,0.4946
balanced,myopic oracle,oracle,oracle,core,task7_quarterly_headcount_plan,111,False,0.7112
adaptation_heavy,myopic oracle,oracle,oracle,core,task7_quarterly_headcount_plan,111,False,0.7051833333333334
adaptation_light,myopic oracle,oracle,oracle,core,task7_quarterly_headcount_plan,111,False,0.6630666666666667
no_coherence,myopic oracle,oracle,oracle,core,task7_quarterly_headcount_plan,111,False,0.6029
original,myopic oracle,oracle,oracle,core,task3_startup_week,112,True,0.569
utility_only,myopic oracle,oracle,oracle,core,task3_startup_week,112,True,0.4625
balanced,myopic oracle,oracle,oracle,core,task3_startup_week,112,True,0.478505
adaptation_heavy,myopic oracle,oracle,oracle,core,task3_startup_week,112,True,0.40537999999999996
adaptation_light,myopic oracle,oracle,oracle,core,task3_startup_week,112,True,0.571005
no_coherence,myopic oracle,oracle,oracle,core,task3_startup_week,112,True,0.40437500000000004
original,myopic oracle,oracle,oracle,core,task6_incident_response_week,112,True,0.5309
utility_only,myopic oracle,oracle,oracle,core,task6_incident_response_week,112,True,0.4012
balanced,myopic oracle,oracle,oracle,core,task6_incident_response_week,112,True,0.458125
adaptation_heavy,myopic oracle,oracle,oracle,core,task6_incident_response_week,112,True,0.388065
adaptation_light,myopic oracle,oracle,oracle,core,task6_incident_response_week,112,True,0.538365
no_coherence,myopic oracle,oracle,oracle,core,task6_incident_response_week,112,True,0.37066
original,myopic oracle,oracle,oracle,core,task7_quarterly_headcount_plan,112,True,0.5306
utility_only,myopic oracle,oracle,oracle,core,task7_quarterly_headcount_plan,112,True,0.5724
balanced,myopic oracle,oracle,oracle,core,task7_quarterly_headcount_plan,112,True,0.52896
adaptation_heavy,myopic oracle,oracle,oracle,core,task7_quarterly_headcount_plan,112,True,0.45033999999999996
adaptation_light,myopic oracle,oracle,oracle,core,task7_quarterly_headcount_plan,112,True,0.64344
no_coherence,myopic oracle,oracle,oracle,core,task7_quarterly_headcount_plan,112,True,0.46482
original,myopic oracle,oracle,oracle,core,task3_startup_week,113,True,0.7385
utility_only,myopic oracle,oracle,oracle,core,task3_startup_week,113,True,0.3913
balanced,myopic oracle,oracle,oracle,core,task3_startup_week,113,True,0.7491399999999999
adaptation_heavy,myopic oracle,oracle,oracle,core,task3_startup_week,113,True,0.779575
adaptation_light,myopic oracle,oracle,oracle,core,task3_startup_week,113,True,0.6274
no_coherence,myopic oracle,oracle,oracle,core,task3_startup_week,113,True,0.665215
original,myopic oracle,oracle,oracle,core,task6_incident_response_week,113,True,0.7405
utility_only,myopic oracle,oracle,oracle,core,task6_incident_response_week,113,True,0.3327
balanced,myopic oracle,oracle,oracle,core,task6_incident_response_week,113,True,0.7242
adaptation_heavy,myopic oracle,oracle,oracle,core,task6_incident_response_week,113,True,0.757565
adaptation_light,myopic oracle,oracle,oracle,core,task6_incident_response_week,113,True,0.59074
no_coherence,myopic oracle,oracle,oracle,core,task6_incident_response_week,113,True,0.632985
original,myopic oracle,oracle,oracle,core,task7_quarterly_headcount_plan,113,True,0.6981
utility_only,myopic oracle,oracle,oracle,core,task7_quarterly_headcount_plan,113,True,0.4609
balanced,myopic oracle,oracle,oracle,core,task7_quarterly_headcount_plan,113,True,0.78436
adaptation_heavy,myopic oracle,oracle,oracle,core,task7_quarterly_headcount_plan,113,True,0.811315
adaptation_light,myopic oracle,oracle,oracle,core,task7_quarterly_headcount_plan,113,True,0.6765399999999999
no_coherence,myopic oracle,oracle,oracle,core,task7_quarterly_headcount_plan,113,True,0.703495
original,myopic oracle,oracle,oracle,core,task3_startup_week,114,False,0.6749
utility_only,myopic oracle,oracle,oracle,core,task3_startup_week,114,False,0.3916
balanced,myopic oracle,oracle,oracle,core,task3_startup_week,114,False,0.6441571428571429
adaptation_heavy,myopic oracle,oracle,oracle,core,task3_startup_week,114,False,0.63555
adaptation_light,myopic oracle,oracle,oracle,core,task3_startup_week,114,False,0.5880333333333334
no_coherence,myopic oracle,oracle,oracle,core,task3_startup_week,114,False,0.5219714285714285
original,myopic oracle,oracle,oracle,core,task6_incident_response_week,114,False,0.6667
utility_only,myopic oracle,oracle,oracle,core,task6_incident_response_week,114,False,0.3485
balanced,myopic oracle,oracle,oracle,core,task6_incident_response_week,114,False,0.6154357142857143
adaptation_heavy,myopic oracle,oracle,oracle,core,task6_incident_response_week,114,False,0.6056333333333334
adaptation_light,myopic oracle,oracle,oracle,core,task6_incident_response_week,114,False,0.5561166666666667
no_coherence,myopic oracle,oracle,oracle,core,task6_incident_response_week,114,False,0.4881071428571428
original,myopic oracle,oracle,oracle,core,task7_quarterly_headcount_plan,114,False,0.6297
utility_only,myopic oracle,oracle,oracle,core,task7_quarterly_headcount_plan,114,False,0.4908
balanced,myopic oracle,oracle,oracle,core,task7_quarterly_headcount_plan,114,False,0.7090285714285715
adaptation_heavy,myopic oracle,oracle,oracle,core,task7_quarterly_headcount_plan,114,False,0.7029666666666666
adaptation_light,myopic oracle,oracle,oracle,core,task7_quarterly_headcount_plan,114,False,0.6605333333333334
no_coherence,myopic oracle,oracle,oracle,core,task7_quarterly_headcount_plan,114,False,0.5999142857142856
original,myopic oracle,oracle,oracle,core,task3_startup_week,115,False,0.6956
utility_only,myopic oracle,oracle,oracle,core,task3_startup_week,115,False,0.4298
balanced,myopic oracle,oracle,oracle,core,task3_startup_week,115,False,0.6670357142857144
adaptation_heavy,myopic oracle,oracle,oracle,core,task3_startup_week,115,False,0.6590583333333333
adaptation_light,myopic oracle,oracle,oracle,core,task3_startup_week,115,False,0.6143166666666667
no_coherence,myopic oracle,oracle,oracle,core,task3_startup_week,115,False,0.5519857142857143
original,myopic oracle,oracle,oracle,core,task6_incident_response_week,115,False,0.6878
utility_only,myopic oracle,oracle,oracle,core,task6_incident_response_week,115,False,0.3872
balanced,myopic oracle,oracle,oracle,core,task6_incident_response_week,115,False,0.640357142857143
adaptation_heavy,myopic oracle,oracle,oracle,core,task6_incident_response_week,115,False,0.6314833333333333
adaptation_light,myopic oracle,oracle,oracle,core,task6_incident_response_week,115,False,0.5841000000000001
no_coherence,myopic oracle,oracle,oracle,core,task6_incident_response_week,115,False,0.5185142857142857
original,myopic oracle,oracle,oracle,core,task7_quarterly_headcount_plan,115,False,0.6345
utility_only,myopic oracle,oracle,oracle,core,task7_quarterly_headcount_plan,115,False,0.4975
balanced,myopic oracle,oracle,oracle,core,task7_quarterly_headcount_plan,115,False,0.7128571428571429
adaptation_heavy,myopic oracle,oracle,oracle,core,task7_quarterly_headcount_plan,115,False,0.706875
adaptation_light,myopic oracle,oracle,oracle,core,task7_quarterly_headcount_plan,115,False,0.6650000000000001
no_coherence,myopic oracle,oracle,oracle,core,task7_quarterly_headcount_plan,115,False,0.6051785714285715
original,myopic oracle,oracle,oracle,core,task3_startup_week,116,True,0.5672
utility_only,myopic oracle,oracle,oracle,core,task3_startup_week,116,True,0.4565
balanced,myopic oracle,oracle,oracle,core,task3_startup_week,116,True,0.47697500000000004
adaptation_heavy,myopic oracle,oracle,oracle,core,task3_startup_week,116,True,0.40415
adaptation_light,myopic oracle,oracle,oracle,core,task3_startup_week,116,True,0.568275
no_coherence,myopic oracle,oracle,oracle,core,task3_startup_week,116,True,0.40107500000000007
original,myopic oracle,oracle,oracle,core,task6_incident_response_week,116,True,0.5295
utility_only,myopic oracle,oracle,oracle,core,task6_incident_response_week,116,True,0.4074
balanced,myopic oracle,oracle,oracle,core,task6_incident_response_week,116,True,0.45500999999999997
adaptation_heavy,myopic oracle,oracle,oracle,core,task6_incident_response_week,116,True,0.38464
adaptation_light,myopic oracle,oracle,oracle,core,task6_incident_response_week,116,True,0.5364899999999999
no_coherence,myopic oracle,oracle,oracle,core,task6_incident_response_week,116,True,0.37407
original,myopic oracle,oracle,oracle,core,task7_quarterly_headcount_plan,116,True,0.4941
utility_only,myopic oracle,oracle,oracle,core,task7_quarterly_headcount_plan,116,True,0.5072
balanced,myopic oracle,oracle,oracle,core,task7_quarterly_headcount_plan,116,True,0.50288
adaptation_heavy,myopic oracle,oracle,oracle,core,task7_quarterly_headcount_plan,116,True,0.42752
adaptation_light,myopic oracle,oracle,oracle,core,task7_quarterly_headcount_plan,116,True,0.60432
no_coherence,myopic oracle,oracle,oracle,core,task7_quarterly_headcount_plan,116,True,0.42896
original,myopic oracle,oracle,oracle,core,task3_startup_week,117,True,0.6514
utility_only,myopic oracle,oracle,oracle,core,task3_startup_week,117,True,0.3169
balanced,myopic oracle,oracle,oracle,core,task3_startup_week,117,True,0.6441250000000001
adaptation_heavy,myopic oracle,oracle,oracle,core,task3_startup_week,117,True,0.6672800000000001
adaptation_light,myopic oracle,oracle,oracle,core,task3_startup_week,117,True,0.529505
no_coherence,myopic oracle,oracle,oracle,core,task3_startup_week,117,True,0.591295
original,myopic oracle,oracle,oracle,core,task6_incident_response_week,117,True,0.6333
utility_only,myopic oracle,oracle,oracle,core,task6_incident_response_week,117,True,0.291
balanced,myopic oracle,oracle,oracle,core,task6_incident_response_week,117,True,0.586995
adaptation_heavy,myopic oracle,oracle,oracle,core,task6_incident_response_week,117,True,0.594945
adaptation_light,myopic oracle,oracle,oracle,core,task6_incident_response_week,117,True,0.500195
no_coherence,myopic oracle,oracle,oracle,core,task6_incident_response_week,117,True,0.52755
original,myopic oracle,oracle,oracle,core,task7_quarterly_headcount_plan,117,True,0.6197
utility_only,myopic oracle,oracle,oracle,core,task7_quarterly_headcount_plan,117,True,0.3209
balanced,myopic oracle,oracle,oracle,core,task7_quarterly_headcount_plan,117,True,0.72836
adaptation_heavy,myopic oracle,oracle,oracle,core,task7_quarterly_headcount_plan,117,True,0.7623150000000001
adaptation_light,myopic oracle,oracle,oracle,core,task7_quarterly_headcount_plan,117,True,0.5925400000000001
no_coherence,myopic oracle,oracle,oracle,core,task7_quarterly_headcount_plan,117,True,0.626495
original,myopic oracle,oracle,oracle,core,task3_startup_week,118,True,0.6526
utility_only,myopic oracle,oracle,oracle,core,task3_startup_week,118,True,0.3261
balanced,myopic oracle,oracle,oracle,core,task3_startup_week,118,True,0.639015
adaptation_heavy,myopic oracle,oracle,oracle,core,task3_startup_week,118,True,0.65071
adaptation_light,myopic oracle,oracle,oracle,core,task3_startup_week,118,True,0.548235
no_coherence,myopic oracle,oracle,oracle,core,task3_startup_week,118,True,0.563355
original,myopic oracle,oracle,oracle,core,task6_incident_response_week,118,True,0.4872
utility_only,myopic oracle,oracle,oracle,core,task6_incident_response_week,118,True,0.2939
balanced,myopic oracle,oracle,oracle,core,task6_incident_response_week,118,True,0.41084
adaptation_heavy,myopic oracle,oracle,oracle,core,task6_incident_response_week,118,True,0.346145
adaptation_light,myopic oracle,oracle,oracle,core,task6_incident_response_week,118,True,0.46962
no_coherence,myopic oracle,oracle,oracle,core,task6_incident_response_week,118,True,0.311645
original,myopic oracle,oracle,oracle,core,task7_quarterly_headcount_plan,118,True,0.4217
utility_only,myopic oracle,oracle,oracle,core,task7_quarterly_headcount_plan,118,True,0.378
balanced,myopic oracle,oracle,oracle,core,task7_quarterly_headcount_plan,118,True,0.4512
adaptation_heavy,myopic oracle,oracle,oracle,core,task7_quarterly_headcount_plan,118,True,0.3823
adaptation_light,myopic oracle,oracle,oracle,core,task7_quarterly_headcount_plan,118,True,0.5267999999999999
no_coherence,myopic oracle,oracle,oracle,core,task7_quarterly_headcount_plan,118,True,0.3579
original,myopic oracle,oracle,oracle,core,task3_startup_week,119,False,0.6986
utility_only,myopic oracle,oracle,oracle,core,task3_startup_week,119,False,0.4353
balanced,myopic oracle,oracle,oracle,core,task3_startup_week,119,False,0.6701785714285715
adaptation_heavy,myopic oracle,oracle,oracle,core,task3_startup_week,119,False,0.6622666666666667
adaptation_light,myopic oracle,oracle,oracle,core,task3_startup_week,119,False,0.6179833333333334
no_coherence,myopic oracle,oracle,oracle,core,task3_startup_week,119,False,0.5563071428571428
original,myopic oracle,oracle,oracle,core,task6_incident_response_week,119,False,0.6898
utility_only,myopic oracle,oracle,oracle,core,task6_incident_response_week,119,False,0.3912
balanced,myopic oracle,oracle,oracle,core,task6_incident_response_week,119,False,0.6426428571428572
adaptation_heavy,myopic oracle,oracle,oracle,core,task6_incident_response_week,119,False,0.6338166666666667
adaptation_light,myopic oracle,oracle,oracle,core,task6_incident_response_week,119,False,0.5867666666666667
no_coherence,myopic oracle,oracle,oracle,core,task6_incident_response_week,119,False,0.5216571428571428
original,myopic oracle,oracle,oracle,core,task7_quarterly_headcount_plan,119,False,0.6271
utility_only,myopic oracle,oracle,oracle,core,task7_quarterly_headcount_plan,119,False,0.4873
balanced,myopic oracle,oracle,oracle,core,task7_quarterly_headcount_plan,119,False,0.7070285714285716
adaptation_heavy,myopic oracle,oracle,oracle,core,task7_quarterly_headcount_plan,119,False,0.700925
adaptation_light,myopic oracle,oracle,oracle,core,task7_quarterly_headcount_plan,119,False,0.6582
no_coherence,myopic oracle,oracle,oracle,core,task7_quarterly_headcount_plan,119,False,0.5971642857142857
original,myopic oracle,oracle,oracle,heldout,task3_startup_week,100,True,0.5406
utility_only,myopic oracle,oracle,oracle,heldout,task3_startup_week,100,True,0.3883
balanced,myopic oracle,oracle,oracle,heldout,task3_startup_week,100,True,0.452275
adaptation_heavy,myopic oracle,oracle,oracle,heldout,task3_startup_week,100,True,0.38286
adaptation_light,myopic oracle,oracle,oracle,heldout,task3_startup_week,100,True,0.5299349999999999
no_coherence,myopic oracle,oracle,oracle,heldout,task3_startup_week,100,True,0.363565
original,myopic oracle,oracle,oracle,heldout,task6_incident_response_week,100,True,0.5081
utility_only,myopic oracle,oracle,oracle,heldout,task6_incident_response_week,100,True,0.3444
balanced,myopic oracle,oracle,oracle,heldout,task6_incident_response_week,100,True,0.43352999999999997
adaptation_heavy,myopic oracle,oracle,oracle,heldout,task6_incident_response_week,100,True,0.36630999999999997
adaptation_light,myopic oracle,oracle,oracle,heldout,task6_incident_response_week,100,True,0.50241
no_coherence,myopic oracle,oracle,oracle,heldout,task6_incident_response_week,100,True,0.33942
original,myopic oracle,oracle,oracle,heldout,task7_quarterly_headcount_plan,100,True,0.4847
utility_only,myopic oracle,oracle,oracle,heldout,task7_quarterly_headcount_plan,100,True,0.4906
balanced,myopic oracle,oracle,oracle,heldout,task7_quarterly_headcount_plan,100,True,0.49624
adaptation_heavy,myopic oracle,oracle,oracle,heldout,task7_quarterly_headcount_plan,100,True,0.42171
adaptation_light,myopic oracle,oracle,oracle,heldout,task7_quarterly_headcount_plan,100,True,0.59436
no_coherence,myopic oracle,oracle,oracle,heldout,task7_quarterly_headcount_plan,100,True,0.41983000000000004
original,myopic oracle,oracle,oracle,heldout,task3_startup_week,101,True,0.5423
utility_only,myopic oracle,oracle,oracle,heldout,task3_startup_week,101,True,0.3954
balanced,myopic oracle,oracle,oracle,heldout,task3_startup_week,101,True,0.453405
adaptation_heavy,myopic oracle,oracle,oracle,heldout,task3_startup_week,101,True,0.383635
adaptation_light,myopic oracle,oracle,oracle,heldout,task3_startup_week,101,True,0.532485
no_coherence,myopic oracle,oracle,oracle,heldout,task3_startup_week,101,True,0.36746999999999996
original,myopic oracle,oracle,oracle,heldout,task6_incident_response_week,101,True,0.5088
utility_only,myopic oracle,oracle,oracle,heldout,task6_incident_response_week,101,True,0.3507
balanced,myopic oracle,oracle,oracle,heldout,task6_incident_response_week,101,True,0.43356
adaptation_heavy,myopic oracle,oracle,oracle,heldout,task6_incident_response_week,101,True,0.366025
adaptation_light,myopic oracle,oracle,oracle,heldout,task6_incident_response_week,101,True,0.5037
no_coherence,myopic oracle,oracle,oracle,heldout,task6_incident_response_week,101,True,0.342885
original,myopic oracle,oracle,oracle,heldout,task7_quarterly_headcount_plan,101,True,0.4859
utility_only,myopic oracle,oracle,oracle,heldout,task7_quarterly_headcount_plan,101,True,0.4927
balanced,myopic oracle,oracle,oracle,heldout,task7_quarterly_headcount_plan,101,True,0.49708
adaptation_heavy,myopic oracle,oracle,oracle,heldout,task7_quarterly_headcount_plan,101,True,0.42244499999999996
adaptation_light,myopic oracle,oracle,oracle,heldout,task7_quarterly_headcount_plan,101,True,0.59562
no_coherence,myopic oracle,oracle,oracle,heldout,task7_quarterly_headcount_plan,101,True,0.42098500000000005
original,myopic oracle,oracle,oracle,heldout,task3_startup_week,102,True,0.7485
utility_only,myopic oracle,oracle,oracle,heldout,task3_startup_week,102,True,0.4155
balanced,myopic oracle,oracle,oracle,heldout,task3_startup_week,102,True,0.75867
adaptation_heavy,myopic oracle,oracle,oracle,heldout,task3_startup_week,102,True,0.787895
adaptation_light,myopic oracle,oracle,oracle,heldout,task3_startup_week,102,True,0.64177
no_coherence,myopic oracle,oracle,oracle,heldout,task3_startup_week,102,True,0.678525
original,myopic oracle,oracle,oracle,heldout,task6_incident_response_week,102,True,0.7554
utility_only,myopic oracle,oracle,oracle,heldout,task6_incident_response_week,102,True,0.3596
balanced,myopic oracle,oracle,oracle,heldout,task6_incident_response_week,102,True,0.741905
adaptation_heavy,myopic oracle,oracle,oracle,heldout,task6_incident_response_week,102,True,0.773925
adaptation_light,myopic oracle,oracle,oracle,heldout,task6_incident_response_week,102,True,0.613825
no_coherence,myopic oracle,oracle,oracle,heldout,task6_incident_response_week,102,True,0.64778
original,myopic oracle,oracle,oracle,heldout,task7_quarterly_headcount_plan,102,True,0.4708
utility_only,myopic oracle,oracle,oracle,heldout,task7_quarterly_headcount_plan,102,True,0.4658
balanced,myopic oracle,oracle,oracle,heldout,task7_quarterly_headcount_plan,102,True,0.48632
adaptation_heavy,myopic oracle,oracle,oracle,heldout,task7_quarterly_headcount_plan,102,True,0.41303
adaptation_light,myopic oracle,oracle,oracle,heldout,task7_quarterly_headcount_plan,102,True,0.57948
no_coherence,myopic oracle,oracle,oracle,heldout,task7_quarterly_headcount_plan,102,True,0.40619000000000005
original,myopic oracle,oracle,oracle,heldout,task3_startup_week,103,False,0.7173
utility_only,myopic oracle,oracle,oracle,heldout,task3_startup_week,103,False,0.4717
balanced,myopic oracle,oracle,oracle,heldout,task3_startup_week,103,False,0.6905071428571429
adaptation_heavy,myopic oracle,oracle,oracle,heldout,task3_startup_week,103,False,0.68295
adaptation_light,myopic oracle,oracle,oracle,heldout,task3_startup_week,103,False,0.6418833333333334
no_coherence,myopic oracle,oracle,oracle,heldout,task3_startup_week,103,False,0.5849071428571427
original,myopic oracle,oracle,oracle,heldout,task6_incident_response_week,103,False,0.7055
utility_only,myopic oracle,oracle,oracle,heldout,task6_incident_response_week,103,False,0.4138
balanced,myopic oracle,oracle,oracle,heldout,task6_incident_response_week,103,False,0.6627357142857143
adaptation_heavy,myopic oracle,oracle,oracle,heldout,task6_incident_response_week,103,False,0.655375
adaptation_light,myopic oracle,oracle,oracle,heldout,task6_incident_response_week,103,False,0.6074166666666667
no_coherence,myopic oracle,oracle,oracle,heldout,task6_incident_response_week,103,False,0.5394142857142856
original,myopic oracle,oracle,oracle,heldout,task7_quarterly_headcount_plan,103,False,0.6915
utility_only,myopic oracle,oracle,oracle,heldout,task7_quarterly_headcount_plan,103,False,0.5759
balanced,myopic oracle,oracle,oracle,heldout,task7_quarterly_headcount_plan,103,False,0.7576571428571428
adaptation_heavy,myopic oracle,oracle,oracle,heldout,task7_quarterly_headcount_plan,103,False,0.7526083333333333
adaptation_light,myopic oracle,oracle,oracle,heldout,task7_quarterly_headcount_plan,103,False,0.7172666666666667
no_coherence,myopic oracle,oracle,oracle,heldout,task7_quarterly_headcount_plan,103,False,0.6667785714285713
original,myopic oracle,oracle,oracle,heldout,task3_startup_week,104,True,0.5195
utility_only,myopic oracle,oracle,oracle,heldout,task3_startup_week,104,True,0.3484
balanced,myopic oracle,oracle,oracle,heldout,task3_startup_week,104,True,0.43087
adaptation_heavy,myopic oracle,oracle,oracle,heldout,task3_startup_week,104,True,0.36345
adaptation_light,myopic oracle,oracle,oracle,heldout,task3_startup_week,104,True,0.5005499999999999
no_coherence,myopic oracle,oracle,oracle,heldout,task3_startup_week,104,True,0.34162000000000003
original,myopic oracle,oracle,oracle,heldout,task6_incident_response_week,104,True,0.4916
utility_only,myopic oracle,oracle,oracle,heldout,task6_incident_response_week,104,True,0.3168
balanced,myopic oracle,oracle,oracle,heldout,task6_incident_response_week,104,True,0.41361000000000003
adaptation_heavy,myopic oracle,oracle,oracle,heldout,task6_incident_response_week,104,True,0.34777
adaptation_light,myopic oracle,oracle,oracle,heldout,task6_incident_response_week,104,True,0.47697
no_coherence,myopic oracle,oracle,oracle,heldout,task6_incident_response_week,104,True,0.32424000000000003
original,myopic oracle,oracle,oracle,heldout,task7_quarterly_headcount_plan,104,True,0.4435
utility_only,myopic oracle,oracle,oracle,heldout,task7_quarterly_headcount_plan,104,True,0.417
balanced,myopic oracle,oracle,oracle,heldout,task7_quarterly_headcount_plan,104,True,0.4668
adaptation_heavy,myopic oracle,oracle,oracle,heldout,task7_quarterly_headcount_plan,104,True,0.39595
adaptation_light,myopic oracle,oracle,oracle,heldout,task7_quarterly_headcount_plan,104,True,0.5502
no_coherence,myopic oracle,oracle,oracle,heldout,task7_quarterly_headcount_plan,104,True,0.37934999999999997
original,myopic oracle,oracle,oracle,heldout,task3_startup_week,105,True,0.7158
utility_only,myopic oracle,oracle,oracle,heldout,task3_startup_week,105,True,0.3319
balanced,myopic oracle,oracle,oracle,heldout,task3_startup_week,105,True,0.7282299999999999
adaptation_heavy,myopic oracle,oracle,oracle,heldout,task3_startup_week,105,True,0.761635
adaptation_light,myopic oracle,oracle,oracle,heldout,task3_startup_week,105,True,0.59461
no_coherence,myopic oracle,oracle,oracle,heldout,task3_startup_week,105,True,0.632545
original,myopic oracle,oracle,oracle,heldout,task6_incident_response_week,105,True,0.734
utility_only,myopic oracle,oracle,oracle,heldout,task6_incident_response_week,105,True,0.3081
balanced,myopic oracle,oracle,oracle,heldout,task6_incident_response_week,105,True,0.718635
adaptation_heavy,myopic oracle,oracle,oracle,heldout,task6_incident_response_week,105,True,0.7532300000000001
adaptation_light,myopic oracle,oracle,oracle,heldout,task6_incident_response_week,105,True,0.580255
no_coherence,myopic oracle,oracle,oracle,heldout,task6_incident_response_week,105,True,0.619455
original,myopic oracle,oracle,oracle,heldout,task7_quarterly_headcount_plan,105,True,0.404
utility_only,myopic oracle,oracle,oracle,heldout,task7_quarterly_headcount_plan,105,True,0.3463
balanced,myopic oracle,oracle,oracle,heldout,task7_quarterly_headcount_plan,105,True,0.43852
adaptation_heavy,myopic oracle,oracle,oracle,heldout,task7_quarterly_headcount_plan,105,True,0.371205
adaptation_light,myopic oracle,oracle,oracle,heldout,task7_quarterly_headcount_plan,105,True,0.50778
no_coherence,myopic oracle,oracle,oracle,heldout,task7_quarterly_headcount_plan,105,True,0.340465
original,myopic oracle,oracle,oracle,heldout,task3_startup_week,106,True,0.5695
utility_only,myopic oracle,oracle,oracle,heldout,task3_startup_week,106,True,0.4562
balanced,myopic oracle,oracle,oracle,heldout,task3_startup_week,106,True,0.4799
adaptation_heavy,myopic oracle,oracle,oracle,heldout,task3_startup_week,106,True,0.40708999999999995
adaptation_light,myopic oracle,oracle,oracle,heldout,task3_startup_week,106,True,0.57114
no_coherence,myopic oracle,oracle,oracle,heldout,task3_startup_week,106,True,0.40091
original,myopic oracle,oracle,oracle,heldout,task6_incident_response_week,106,True,0.531
utility_only,myopic oracle,oracle,oracle,heldout,task6_incident_response_week,106,True,0.4031
balanced,myopic oracle,oracle,oracle,heldout,task6_incident_response_week,106,True,0.457955
adaptation_heavy,myopic oracle,oracle,oracle,heldout,task6_incident_response_week,106,True,0.3878
adaptation_light,myopic oracle,oracle,oracle,heldout,task6_incident_response_week,106,True,0.538575
no_coherence,myopic oracle,oracle,oracle,heldout,task6_incident_response_week,106,True,0.371705
original,myopic oracle,oracle,oracle,heldout,task7_quarterly_headcount_plan,106,True,0.5243
utility_only,myopic oracle,oracle,oracle,heldout,task7_quarterly_headcount_plan,106,True,0.5613
balanced,myopic oracle,oracle,oracle,heldout,task7_quarterly_headcount_plan,106,True,0.52452
adaptation_heavy,myopic oracle,oracle,oracle,heldout,task7_quarterly_headcount_plan,106,True,0.446455
adaptation_light,myopic oracle,oracle,oracle,heldout,task7_quarterly_headcount_plan,106,True,0.63678
no_coherence,myopic oracle,oracle,oracle,heldout,task7_quarterly_headcount_plan,106,True,0.458715
original,myopic oracle,oracle,oracle,heldout,task3_startup_week,107,True,0.5413
utility_only,myopic oracle,oracle,oracle,heldout,task3_startup_week,107,True,0.39
balanced,myopic oracle,oracle,oracle,heldout,task3_startup_week,107,True,0.452955
adaptation_heavy,myopic oracle,oracle,oracle,heldout,task3_startup_week,107,True,0.383455
adaptation_light,myopic oracle,oracle,oracle,heldout,task3_startup_week,107,True,0.530955
no_coherence,myopic oracle,oracle,oracle,heldout,task3_startup_week,107,True,0.36450000000000005
original,myopic oracle,oracle,oracle,heldout,task6_incident_response_week,107,True,0.5091
utility_only,myopic oracle,oracle,oracle,heldout,task6_incident_response_week,107,True,0.3471
balanced,myopic oracle,oracle,oracle,heldout,task6_incident_response_week,107,True,0.43461
adaptation_heavy,myopic oracle,oracle,oracle,heldout,task6_incident_response_week,107,True,0.367255
adaptation_light,myopic oracle,oracle,oracle,heldout,task6_incident_response_week,107,True,0.50403
no_coherence,myopic oracle,oracle,oracle,heldout,task6_incident_response_week,107,True,0.340905
original,myopic oracle,oracle,oracle,heldout,task7_quarterly_headcount_plan,107,True,0.4813
utility_only,myopic oracle,oracle,oracle,heldout,task7_quarterly_headcount_plan,107,True,0.4845
balanced,myopic oracle,oracle,oracle,heldout,task7_quarterly_headcount_plan,107,True,0.4938
adaptation_heavy,myopic oracle,oracle,oracle,heldout,task7_quarterly_headcount_plan,107,True,0.419575
adaptation_light,myopic oracle,oracle,oracle,heldout,task7_quarterly_headcount_plan,107,True,0.5907
no_coherence,myopic oracle,oracle,oracle,heldout,task7_quarterly_headcount_plan,107,True,0.41647500000000004
original,myopic oracle,oracle,oracle,heldout,task3_startup_week,108,True,0.7149
utility_only,myopic oracle,oracle,oracle,heldout,task3_startup_week,108,True,0.3249
balanced,myopic oracle,oracle,oracle,heldout,task3_startup_week,108,True,0.72798
adaptation_heavy,myopic oracle,oracle,oracle,heldout,task3_startup_week,108,True,0.761735
adaptation_light,myopic oracle,oracle,oracle,heldout,task3_startup_week,108,True,0.5929599999999999
no_coherence,myopic oracle,oracle,oracle,heldout,task3_startup_week,108,True,0.628695
original,myopic oracle,oracle,oracle,heldout,task6_incident_response_week,108,True,0.7313
utility_only,myopic oracle,oracle,oracle,heldout,task6_incident_response_week,108,True,0.3002
balanced,myopic oracle,oracle,oracle,heldout,task6_incident_response_week,108,True,0.71585
adaptation_heavy,myopic oracle,oracle,oracle,heldout,task6_incident_response_week,108,True,0.75084
adaptation_light,myopic oracle,oracle,oracle,heldout,task6_incident_response_week,108,True,0.57589
no_coherence,myopic oracle,oracle,oracle,heldout,task6_incident_response_week,108,True,0.61511
original,myopic oracle,oracle,oracle,heldout,task7_quarterly_headcount_plan,108,True,0.6315
utility_only,myopic oracle,oracle,oracle,heldout,task7_quarterly_headcount_plan,108,True,0.3419
balanced,myopic oracle,oracle,oracle,heldout,task7_quarterly_headcount_plan,108,True,0.73676
adaptation_heavy,myopic oracle,oracle,oracle,heldout,task7_quarterly_headcount_plan,108,True,0.769665
adaptation_light,myopic oracle,oracle,oracle,heldout,task7_quarterly_headcount_plan,108,True,0.60514
no_coherence,myopic oracle,oracle,oracle,heldout,task7_quarterly_headcount_plan,108,True,0.638045
original,myopic oracle,oracle,oracle,heldout,task3_startup_week,109,True,0.7503
utility_only,myopic oracle,oracle,oracle,heldout,task3_startup_week,109,True,0.4132
balanced,myopic oracle,oracle,oracle,heldout,task3_startup_week,109,True,0.76117
adaptation_heavy,myopic oracle,oracle,oracle,heldout,task3_startup_week,109,True,0.79051
adaptation_light,myopic oracle,oracle,oracle,heldout,task3_startup_week,109,True,0.64381
no_coherence,myopic oracle,oracle,oracle,heldout,task3_startup_week,109,True,0.67726
original,myopic oracle,oracle,oracle,heldout,task6_incident_response_week,109,True,0.7526
utility_only,myopic oracle,oracle,oracle,heldout,task6_incident_response_week,109,True,0.3506
balanced,myopic oracle,oracle,oracle,heldout,task6_incident_response_week,109,True,0.739235
adaptation_heavy,myopic oracle,oracle,oracle,heldout,task6_incident_response_week,109,True,0.771705
adaptation_light,myopic oracle,oracle,oracle,heldout,task6_incident_response_week,109,True,0.609355
no_coherence,myopic oracle,oracle,oracle,heldout,task6_incident_response_week,109,True,0.64283
original,myopic oracle,oracle,oracle,heldout,task7_quarterly_headcount_plan,109,True,0.4782
utility_only,myopic oracle,oracle,oracle,heldout,task7_quarterly_headcount_plan,109,True,0.479
balanced,myopic oracle,oracle,oracle,heldout,task7_quarterly_headcount_plan,109,True,0.4916
adaptation_heavy,myopic oracle,oracle,oracle,heldout,task7_quarterly_headcount_plan,109,True,0.41764999999999997
adaptation_light,myopic oracle,oracle,oracle,heldout,task7_quarterly_headcount_plan,109,True,0.5873999999999999
no_coherence,myopic oracle,oracle,oracle,heldout,task7_quarterly_headcount_plan,109,True,0.41345
original,myopic oracle,oracle,oracle,heldout,task3_startup_week,110,True,0.558
utility_only,myopic oracle,oracle,oracle,heldout,task3_startup_week,110,True,0.4479
balanced,myopic oracle,oracle,oracle,heldout,task3_startup_week,110,True,0.466455
adaptation_heavy,myopic oracle,oracle,oracle,heldout,task3_startup_week,110,True,0.39405999999999997
adaptation_light,myopic oracle,oracle,oracle,heldout,task3_startup_week,110,True,0.556035
no_coherence,myopic oracle,oracle,oracle,heldout,task3_startup_week,110,True,0.39634500000000006
original,myopic oracle,oracle,oracle,heldout,task6_incident_response_week,110,True,0.5272
utility_only,myopic oracle,oracle,oracle,heldout,task6_incident_response_week,110,True,0.3957
balanced,myopic oracle,oracle,oracle,heldout,task6_incident_response_week,110,True,0.45354
adaptation_heavy,myopic oracle,oracle,oracle,heldout,task6_incident_response_week,110,True,0.38375499999999996
adaptation_light,myopic oracle,oracle,oracle,heldout,task6_incident_response_week,110,True,0.53268
no_coherence,myopic oracle,oracle,oracle,heldout,task6_incident_response_week,110,True,0.36763500000000005
original,myopic oracle,oracle,oracle,heldout,task7_quarterly_headcount_plan,110,True,0.5321
utility_only,myopic oracle,oracle,oracle,heldout,task7_quarterly_headcount_plan,110,True,0.5753
balanced,myopic oracle,oracle,oracle,heldout,task7_quarterly_headcount_plan,110,True,0.53012
adaptation_heavy,myopic oracle,oracle,oracle,heldout,task7_quarterly_headcount_plan,110,True,0.451355
adaptation_light,myopic oracle,oracle,oracle,heldout,task7_quarterly_headcount_plan,110,True,0.64518
no_coherence,myopic oracle,oracle,oracle,heldout,task7_quarterly_headcount_plan,110,True,0.466415
original,myopic oracle,oracle,oracle,heldout,task3_startup_week,111,False,0.6799
utility_only,myopic oracle,oracle,oracle,heldout,task3_startup_week,111,False,0.3967
balanced,myopic oracle,oracle,oracle,heldout,task3_startup_week,111,False,0.650457142857143
adaptation_heavy,myopic oracle,oracle,oracle,heldout,task3_startup_week,111,False,0.642475
adaptation_light,myopic oracle,oracle,oracle,heldout,task3_startup_week,111,False,0.5940666666666666
no_coherence,myopic oracle,oracle,oracle,heldout,task3_startup_week,111,False,0.5259785714285714
original,myopic oracle,oracle,oracle,heldout,task6_incident_response_week,111,False,0.6759
utility_only,myopic oracle,oracle,oracle,heldout,task6_incident_response_week,111,False,0.3571
balanced,myopic oracle,oracle,oracle,heldout,task6_incident_response_week,111,False,0.6284285714285714
adaptation_heavy,myopic oracle,oracle,oracle,heldout,task6_incident_response_week,111,False,0.6200749999999999
adaptation_light,myopic oracle,oracle,oracle,heldout,task6_incident_response_week,111,False,0.5681333333333334
no_coherence,myopic oracle,oracle,oracle,heldout,task6_incident_response_week,111,False,0.4948642857142856
original,myopic oracle,oracle,oracle,heldout,task7_quarterly_headcount_plan,111,False,0.6338
utility_only,myopic oracle,oracle,oracle,heldout,task7_quarterly_headcount_plan,111,False,0.4965
balanced,myopic oracle,oracle,oracle,heldout,task7_quarterly_headcount_plan,111,False,0.7122857142857143
adaptation_heavy,myopic oracle,oracle,oracle,heldout,task7_quarterly_headcount_plan,111,False,0.7062916666666668
adaptation_light,myopic oracle,oracle,oracle,heldout,task7_quarterly_headcount_plan,111,False,0.6643333333333333
no_coherence,myopic oracle,oracle,oracle,heldout,task7_quarterly_headcount_plan,111,False,0.6043928571428571
original,myopic oracle,oracle,oracle,heldout,task3_startup_week,112,True,0.542
utility_only,myopic oracle,oracle,oracle,heldout,task3_startup_week,112,True,0.4434
balanced,myopic oracle,oracle,oracle,heldout,task3_startup_week,112,True,0.44712
adaptation_heavy,myopic oracle,oracle,oracle,heldout,task3_startup_week,112,True,0.37495
adaptation_light,myopic oracle,oracle,oracle,heldout,task3_startup_week,112,True,0.5357999999999999
no_coherence,myopic oracle,oracle,oracle,heldout,task3_startup_week,112,True,0.39387000000000005
original,myopic oracle,oracle,oracle,heldout,task6_incident_response_week,112,True,0.5021
utility_only,myopic oracle,oracle,oracle,heldout,task6_incident_response_week,112,True,0.3943
balanced,myopic oracle,oracle,oracle,heldout,task6_incident_response_week,112,True,0.41608
adaptation_heavy,myopic oracle,oracle,oracle,heldout,task6_incident_response_week,112,True,0.346365
adaptation_light,myopic oracle,oracle,oracle,heldout,task6_incident_response_week,112,True,0.49494
no_coherence,myopic oracle,oracle,oracle,heldout,task6_incident_response_week,112,True,0.366865
original,myopic oracle,oracle,oracle,heldout,task7_quarterly_headcount_plan,112,True,0.5312
utility_only,myopic oracle,oracle,oracle,heldout,task7_quarterly_headcount_plan,112,True,0.5736
balanced,myopic oracle,oracle,oracle,heldout,task7_quarterly_headcount_plan,112,True,0.52944
adaptation_heavy,myopic oracle,oracle,oracle,heldout,task7_quarterly_headcount_plan,112,True,0.45076
adaptation_light,myopic oracle,oracle,oracle,heldout,task7_quarterly_headcount_plan,112,True,0.64416
no_coherence,myopic oracle,oracle,oracle,heldout,task7_quarterly_headcount_plan,112,True,0.46548
original,myopic oracle,oracle,oracle,heldout,task3_startup_week,113,True,0.7443
utility_only,myopic oracle,oracle,oracle,heldout,task3_startup_week,113,True,0.3969
balanced,myopic oracle,oracle,oracle,heldout,task3_startup_week,113,True,0.755715
adaptation_heavy,myopic oracle,oracle,oracle,heldout,task3_startup_week,113,True,0.7858700000000001
adaptation_light,myopic oracle,oracle,oracle,heldout,task3_startup_week,113,True,0.635095
no_coherence,myopic oracle,oracle,oracle,heldout,task3_startup_week,113,True,0.668295
original,myopic oracle,oracle,oracle,heldout,task6_incident_response_week,113,True,0.7455
utility_only,myopic oracle,oracle,oracle,heldout,task6_incident_response_week,113,True,0.3526
balanced,myopic oracle,oracle,oracle,heldout,task6_incident_response_week,113,True,0.72835
adaptation_heavy,myopic oracle,oracle,oracle,heldout,task6_incident_response_week,113,True,0.7607200000000001
adaptation_light,myopic oracle,oracle,oracle,heldout,task6_incident_response_week,113,True,0.59887
no_coherence,myopic oracle,oracle,oracle,heldout,task6_incident_response_week,113,True,0.64393
original,myopic oracle,oracle,oracle,heldout,task7_quarterly_headcount_plan,113,True,0.4692
utility_only,myopic oracle,oracle,oracle,heldout,task7_quarterly_headcount_plan,113,True,0.4628
balanced,myopic oracle,oracle,oracle,heldout,task7_quarterly_headcount_plan,113,True,0.48512
adaptation_heavy,myopic oracle,oracle,oracle,heldout,task7_quarterly_headcount_plan,113,True,0.41198
adaptation_light,myopic oracle,oracle,oracle,heldout,task7_quarterly_headcount_plan,113,True,0.57768
no_coherence,myopic oracle,oracle,oracle,heldout,task7_quarterly_headcount_plan,113,True,0.40454
original,myopic oracle,oracle,oracle,heldout,task3_startup_week,114,False,0.672
utility_only,myopic oracle,oracle,oracle,heldout,task3_startup_week,114,False,0.3833
balanced,myopic oracle,oracle,oracle,heldout,task3_startup_week,114,False,0.6415785714285714
adaptation_heavy,myopic oracle,oracle,oracle,heldout,task3_startup_week,114,False,0.6332333333333333
adaptation_light,myopic oracle,oracle,oracle,heldout,task3_startup_week,114,False,0.5841833333333333
no_coherence,myopic oracle,oracle,oracle,heldout,task3_startup_week,114,False,0.51545
original,myopic oracle,oracle,oracle,heldout,task6_incident_response_week,114,False,0.6663
utility_only,myopic oracle,oracle,oracle,heldout,task6_incident_response_week,114,False,0.3424
balanced,myopic oracle,oracle,oracle,heldout,task6_incident_response_week,114,False,0.6162142857142857
adaptation_heavy,myopic oracle,oracle,oracle,heldout,task6_incident_response_week,114,False,0.60705
adaptation_light,myopic oracle,oracle,oracle,heldout,task6_incident_response_week,114,False,0.5553666666666667
no_coherence,myopic oracle,oracle,oracle,heldout,task6_incident_response_week,114,False,0.4833142857142857
original,myopic oracle,oracle,oracle,heldout,task7_quarterly_headcount_plan,114,False,0.628
utility_only,myopic oracle,oracle,oracle,heldout,task7_quarterly_headcount_plan,114,False,0.4885
balanced,myopic oracle,oracle,oracle,heldout,task7_quarterly_headcount_plan,114,False,0.7077142857142857
adaptation_heavy,myopic oracle,oracle,oracle,heldout,task7_quarterly_headcount_plan,114,False,0.701625
adaptation_light,myopic oracle,oracle,oracle,heldout,task7_quarterly_headcount_plan,114,False,0.659
no_coherence,myopic oracle,oracle,oracle,heldout,task7_quarterly_headcount_plan,114,False,0.5981071428571428
original,myopic oracle,oracle,oracle,heldout,task3_startup_week,115,False,0.6951
utility_only,myopic oracle,oracle,oracle,heldout,task3_startup_week,115,False,0.4271
balanced,myopic oracle,oracle,oracle,heldout,task3_startup_week,115,False,0.6667785714285714
adaptation_heavy,myopic oracle,oracle,oracle,heldout,task3_startup_week,115,False,0.6589833333333334
adaptation_light,myopic oracle,oracle,oracle,heldout,task3_startup_week,115,False,0.6135166666666667
no_coherence,myopic oracle,oracle,oracle,heldout,task3_startup_week,115,False,0.5498642857142857
original,myopic oracle,oracle,oracle,heldout,task6_incident_response_week,115,False,0.6896
utility_only,myopic oracle,oracle,oracle,heldout,task6_incident_response_week,115,False,0.3857
balanced,myopic oracle,oracle,oracle,heldout,task6_incident_response_week,115,False,0.6436785714285714
adaptation_heavy,myopic oracle,oracle,oracle,heldout,task6_incident_response_week,115,False,0.6354833333333333
adaptation_light,myopic oracle,oracle,oracle,heldout,task6_incident_response_week,115,False,0.58635
no_coherence,myopic oracle,oracle,oracle,heldout,task6_incident_response_week,115,False,0.5173357142857142
original,myopic oracle,oracle,oracle,heldout,task7_quarterly_headcount_plan,115,False,0.6342
utility_only,myopic oracle,oracle,oracle,heldout,task7_quarterly_headcount_plan,115,False,0.4971
balanced,myopic oracle,oracle,oracle,heldout,task7_quarterly_headcount_plan,115,False,0.7126285714285715
adaptation_heavy,myopic oracle,oracle,oracle,heldout,task7_quarterly_headcount_plan,115,False,0.7066416666666666
adaptation_light,myopic oracle,oracle,oracle,heldout,task7_quarterly_headcount_plan,115,False,0.6647333333333334
no_coherence,myopic oracle,oracle,oracle,heldout,task7_quarterly_headcount_plan,115,False,0.6048642857142857
original,myopic oracle,oracle,oracle,heldout,task3_startup_week,116,True,0.5697
utility_only,myopic oracle,oracle,oracle,heldout,task3_startup_week,116,True,0.4577
balanced,myopic oracle,oracle,oracle,heldout,task3_startup_week,116,True,0.47999
adaptation_heavy,myopic oracle,oracle,oracle,heldout,task3_startup_week,116,True,0.407105
adaptation_light,myopic oracle,oracle,oracle,heldout,task3_startup_week,116,True,0.57153
no_coherence,myopic oracle,oracle,oracle,heldout,task3_startup_week,116,True,0.40173500000000006
original,myopic oracle,oracle,oracle,heldout,task6_incident_response_week,116,True,0.531
utility_only,myopic oracle,oracle,oracle,heldout,task6_incident_response_week,116,True,0.4047
balanced,myopic oracle,oracle,oracle,heldout,task6_incident_response_week,116,True,0.45771
adaptation_heavy,myopic oracle,oracle,oracle,heldout,task6_incident_response_week,116,True,0.387475
adaptation_light,myopic oracle,oracle,oracle,heldout,task6_incident_response_week,116,True,0.53865
no_coherence,myopic oracle,oracle,oracle,heldout,task6_incident_response_week,116,True,0.37258500000000006
original,myopic oracle,oracle,oracle,heldout,task7_quarterly_headcount_plan,116,True,0.494
utility_only,myopic oracle,oracle,oracle,heldout,task7_quarterly_headcount_plan,116,True,0.5071
balanced,myopic oracle,oracle,oracle,heldout,task7_quarterly_headcount_plan,116,True,0.50284
adaptation_heavy,myopic oracle,oracle,oracle,heldout,task7_quarterly_headcount_plan,116,True,0.427485
adaptation_light,myopic oracle,oracle,oracle,heldout,task7_quarterly_headcount_plan,116,True,0.60426
no_coherence,myopic oracle,oracle,oracle,heldout,task7_quarterly_headcount_plan,116,True,0.428905
original,myopic oracle,oracle,oracle,heldout,task3_startup_week,117,True,0.6588
utility_only,myopic oracle,oracle,oracle,heldout,task3_startup_week,117,True,0.3202
balanced,myopic oracle,oracle,oracle,heldout,task3_startup_week,117,True,0.65299
adaptation_heavy,myopic oracle,oracle,oracle,heldout,task3_startup_week,117,True,0.67598
adaptation_light,myopic oracle,oracle,oracle,heldout,task3_startup_week,117,True,0.53903
no_coherence,myopic oracle,oracle,oracle,heldout,task3_startup_week,117,True,0.59311
original,myopic oracle,oracle,oracle,heldout,task6_incident_response_week,117,True,0.6421
utility_only,myopic oracle,oracle,oracle,heldout,task6_incident_response_week,117,True,0.292
balanced,myopic oracle,oracle,oracle,heldout,task6_incident_response_week,117,True,0.60007
adaptation_heavy,myopic oracle,oracle,oracle,heldout,task6_incident_response_week,117,True,0.60797
adaptation_light,myopic oracle,oracle,oracle,heldout,task6_incident_response_week,117,True,0.51347
no_coherence,myopic oracle,oracle,oracle,heldout,task6_incident_response_week,117,True,0.5281
original,myopic oracle,oracle,oracle,heldout,task7_quarterly_headcount_plan,117,True,0.6208
utility_only,myopic oracle,oracle,oracle,heldout,task7_quarterly_headcount_plan,117,True,0.3229
balanced,myopic oracle,oracle,oracle,heldout,task7_quarterly_headcount_plan,117,True,0.72916
adaptation_heavy,myopic oracle,oracle,oracle,heldout,task7_quarterly_headcount_plan,117,True,0.763015
adaptation_light,myopic oracle,oracle,oracle,heldout,task7_quarterly_headcount_plan,117,True,0.5937399999999999
no_coherence,myopic oracle,oracle,oracle,heldout,task7_quarterly_headcount_plan,117,True,0.627595
original,myopic oracle,oracle,oracle,heldout,task3_startup_week,118,True,0.6545
utility_only,myopic oracle,oracle,oracle,heldout,task3_startup_week,118,True,0.3306
balanced,myopic oracle,oracle,oracle,heldout,task3_startup_week,118,True,0.6408149999999999
adaptation_heavy,myopic oracle,oracle,oracle,heldout,task3_startup_week,118,True,0.652285
adaptation_light,myopic oracle,oracle,oracle,heldout,task3_startup_week,118,True,0.550935
no_coherence,myopic oracle,oracle,oracle,heldout,task3_startup_week,118,True,0.56583
original,myopic oracle,oracle,oracle,heldout,task6_incident_response_week,118,True,0.4898
utility_only,myopic oracle,oracle,oracle,heldout,task6_incident_response_week,118,True,0.3006
balanced,myopic oracle,oracle,oracle,heldout,task6_incident_response_week,118,True,0.41352
adaptation_heavy,myopic oracle,oracle,oracle,heldout,task6_incident_response_week,118,True,0.34848999999999997
adaptation_light,myopic oracle,oracle,oracle,heldout,task6_incident_response_week,118,True,0.47363999999999995
no_coherence,myopic oracle,oracle,oracle,heldout,task6_incident_response_week,118,True,0.31533
original,myopic oracle,oracle,oracle,heldout,task7_quarterly_headcount_plan,118,True,0.4219
utility_only,myopic oracle,oracle,oracle,heldout,task7_quarterly_headcount_plan,118,True,0.3784
balanced,myopic oracle,oracle,oracle,heldout,task7_quarterly_headcount_plan,118,True,0.45136
adaptation_heavy,myopic oracle,oracle,oracle,heldout,task7_quarterly_headcount_plan,118,True,0.38244
adaptation_light,myopic oracle,oracle,oracle,heldout,task7_quarterly_headcount_plan,118,True,0.52704
no_coherence,myopic oracle,oracle,oracle,heldout,task7_quarterly_headcount_plan,118,True,0.35812
original,myopic oracle,oracle,oracle,heldout,task3_startup_week,119,False,0.6978
utility_only,myopic oracle,oracle,oracle,heldout,task3_startup_week,119,False,0.4328
balanced,myopic oracle,oracle,oracle,heldout,task3_startup_week,119,False,0.6695642857142858
adaptation_heavy,myopic oracle,oracle,oracle,heldout,task3_startup_week,119,False,0.6617583333333334
adaptation_light,myopic oracle,oracle,oracle,heldout,task3_startup_week,119,False,0.6169500000000001
no_coherence,myopic oracle,oracle,oracle,heldout,task3_startup_week,119,False,0.5543428571428571
original,myopic oracle,oracle,oracle,heldout,task6_incident_response_week,119,False,0.6885
utility_only,myopic oracle,oracle,oracle,heldout,task6_incident_response_week,119,False,0.3848
balanced,myopic oracle,oracle,oracle,heldout,task6_incident_response_week,119,False,0.6421571428571429
adaptation_heavy,myopic oracle,oracle,oracle,heldout,task6_incident_response_week,119,False,0.6337833333333334
adaptation_light,myopic oracle,oracle,oracle,heldout,task6_incident_response_week,119,False,0.5849666666666667
no_coherence,myopic oracle,oracle,oracle,heldout,task6_incident_response_week,119,False,0.5166285714285713
original,myopic oracle,oracle,oracle,heldout,task7_quarterly_headcount_plan,119,False,0.6262
utility_only,myopic oracle,oracle,oracle,heldout,task7_quarterly_headcount_plan,119,False,0.486
balanced,myopic oracle,oracle,oracle,heldout,task7_quarterly_headcount_plan,119,False,0.7062857142857143
adaptation_heavy,myopic oracle,oracle,oracle,heldout,task7_quarterly_headcount_plan,119,False,0.7001666666666666
adaptation_light,myopic oracle,oracle,oracle,heldout,task7_quarterly_headcount_plan,119,False,0.6573333333333333
no_coherence,myopic oracle,oracle,oracle,heldout,task7_quarterly_headcount_plan,119,False,0.5961428571428571
